Número de orden;Email;Fecha;Estado de la orden;Estado del pago;Estado del envío;Moneda;Subtotal de productos;Descuento;Costo de envío;Total;Nombre del comprador;DNI / CUIT;Teléfono;Nombre para el envío;Teléfono para el envío;Dirección;Número;Piso;Localidad;Ciudad;Código postal;Provincia o estado;País;Medio de envío;Medio de pago;Cupón de descuento;Notas del comprador;Notas del vendedor;Fecha de pago;Fecha de envío;Nombre del producto;Precio del producto;Cantidad del producto;SKU;Canal;Código de tracking del envío;Identificador de la transacción en el medio de pago;Identificador de la orden;Producto Físico;Persona que registró la venta;Sucursal de venta;Vendedor;Fecha y hora de cancelación;Motivo de cancelación
7132;cliente_0001@ejemplo.com;26/03/2026 18:37:32;Abierta;Recibido;Enviado;ARS;62000.0;0.0;6165.0;68165.0;;;;;;;;;;Capital Federal;;Capital Federal;Argentina;Punto de retiro;Mercado Pago;;;;26/03/2026;27/03/2026;"Vestido Magda ""Ultimas unidades"" (S)";62000;1;1725;Móvil;;;;Sí;;;;;
7131;cliente_0002@ejemplo.com;26/03/2026 18:28:38;Abierta;Recibido;Enviado;ARS;69000.0;0.0;7171.0;76171.0;;;;;;;;;;Córdoba ;;Córdoba;Argentina;Punto de retiro;Mercado Pago;;;;26/03/2026;27/03/2026;"Overall Venus ""Ultimas unidades"" (XL, Celeste)";69000;1;1796;Móvil;;;;Sí;;;;;
7130;cliente_0003@ejemplo.com;26/03/2026 11:30:52;Abierta;Recibido;Enviado;ARS;57000.0;0.0;6165.0;63165.0;;;;;;;;;;Moron;;Gran Buenos Aires;Argentina;Punto de retiro;Mercado Pago;;;;26/03/2026;27/03/2026;"Vestido Azucena ""Ultimas unidades"" (XL)";57000;1;1786;Móvil;;;;Sí;;;;;
7129;cliente_0004@ejemplo.com;25/03/2026 22:34:08;Abierta;Recibido;Enviado;ARS;51000.0;0.0;11353.0;62353.0;;;;;;;;;;Neuquen;;Neuquén;Argentina;Correo Argentino Clasico - Envio a domicilio;Mercado Pago;;;;25/03/2026;26/03/2026;"Jean Jordan ""Ultimas unidades"" (38)";51000;1;1769;Móvil;;;;Sí;;;;;
7128;cliente_0005@ejemplo.com;25/03/2026 16:50:38;Abierta;Recibido;Enviado;ARS;131000.0;0.0;9857.99;140857.99;;;;;;;;;;Burzaco;;Gran Buenos Aires;Argentina;Correo Argentino Clasico - Envio a domicilio;Mercado Pago;;;;25/03/2026;26/03/2026;"Vestido Magda ""Ultimas unidades"" (XL)";62000;1;1725;Móvil;;;;Sí;;;;;
7128;cliente_0005@ejemplo.com;;;;;;;;;;;;;;;;;;;;;;;;;;;;;;"Overall Venus ""Ultimas unidades"" (XL, Celeste)";69000;1;1796;;;;;Sí;;;;;
7127;cliente_0006@ejemplo.com;25/03/2026 13:36:38;Abierta;Recibido;Enviado;ARS;155000.0;0.0;10586.99;165586.99;;;;;;;;;;Constitución;;Santa Fe;Argentina;Correo Argentino Clasico - Envio a domicilio;Mercado Pago;;;;25/03/2026;26/03/2026;Vestido Iman (XL);155000;1;1815;Móvil;;;;Sí;;;;;
7126;cliente_0007@ejemplo.com;25/03/2026 13:09:21;Abierta;Recibido;Enviado;ARS;79000.0;0.0;0.0;79000.0;;;;;;;;;;Olivos;;Gran Buenos Aires;Argentina;Correo Argentino Clasico - Envio a domicilio;Mercado Pago;;;;25/03/2026;26/03/2026;"Overall Mara ""Ultimas unidades"" (XL)";79000;1;1722;Móvil;;;;Sí;;;;;
7125;cliente_0008@ejemplo.com;24/03/2026 23:58:36;Abierta;Recibido;Enviado;ARS;448000.0;0.0;17913.0;465913.0;;;;;;;;;;Banda Rio Sali;;Tucumán;Argentina;Correo Argentino Clasico - Envio a domicilio;Mercado Pago;;;;24/03/2026;26/03/2026;"Vestido Amira ""Ultimas unidades"" (S)";75000;1;1736;Móvil;;;;Sí;;;;;
7125;cliente_0008@ejemplo.com;;;;;;;;;;;;;;;;;;;;;;;;;;;;;;"Vestido kalifa ""Ultimas unidades"" (S)";115000;1;1823;;;;;Sí;;;;;
7125;cliente_0008@ejemplo.com;;;;;;;;;;;;;;;;;;;;;;;;;;;;;;Vestido Fara (S);69000;1;1771;;;;;Sí;;;;;
7125;cliente_0008@ejemplo.com;;;;;;;;;;;;;;;;;;;;;;;;;;;;;;Vestido Mery (S);120000;1;1820;;;;;Sí;;;;;
7125;cliente_0008@ejemplo.com;;;;;;;;;;;;;;;;;;;;;;;;;;;;;;"Vestido Rachel ""Ultimas unidades"" (S)";69000;1;;;;;;Sí;;;;;
7124;cliente_0009@ejemplo.com;24/03/2026 22:27:51;Abierta;Recibido;Enviado;ARS;69000.0;0.0;7171.0;76171.0;;;;;;;;;;General Pueyrredón;;Buenos Aires;Argentina;Punto de retiro;Transferencia o depósito bancario;;;;26/03/2026;27/03/2026;Vestido Catalina (S);69000;1;1751;Móvil;;;;Sí;;;;;
7123;cliente_0010@ejemplo.com;24/03/2026 20:31:55;Abierta;Recibido;Enviado;ARS;83000.0;0.0;0.0;83000.0;;;;;;;;;;La Plata;;Buenos Aires;Argentina;Correo Argentino Clasico - Envio a domicilio;Mercado Pago;;;;24/03/2026;26/03/2026;"Overall Adam ""Ultimas unidades"" (L)";83000;1;1765;Móvil;;;;Sí;;;;;
7122;cliente_0011@ejemplo.com;24/03/2026 16:47:05;Abierta;Recibido;Enviado;ARS;154900.0;0.0;11353.0;166253.0;;;;;;;;;;Corrientes;;Corrientes;Argentina;Correo Argentino Clasico - Envio a domicilio;Mercado Pago;;;;24/03/2026;26/03/2026;Vestido Iman (M);154900;1;1815;Móvil;;;;Sí;;;;;
7121;cliente_0012@ejemplo.com;24/03/2026 13:28:11;Abierta;Recibido;Enviado;ARS;134000.0;0.0;9857.99;143857.99;;;;;;;;;;Capital Federal;;Capital Federal;Argentina;Correo Argentino Clasico - Envio a domicilio;Mercado Pago;;;;24/03/2026;26/03/2026;"Overall Milo ""Ultimas unidades"" (M)";79000;1;1753;Móvil;;;;Sí;;;;;
7121;cliente_0012@ejemplo.com;;;;;;;;;;;;;;;;;;;;;;;;;;;;;;Jean Beca (M);55000;1;1798;;;;;Sí;;;;;
7120;cliente_0013@ejemplo.com;24/03/2026 10:18:13;Abierta;Recibido;Enviado;ARS;83000.0;0.0;0.0;83000.0;;;;;;;;;;25 de Mayo;;La Pampa;Argentina;Correo Argentino Clasico - Envio a domicilio;Mercado Pago;;;;24/03/2026;26/03/2026;"Overall Adam ""Ultimas unidades"" (S)";83000;1;1765;Móvil;;;;Sí;;;;;
7119;cliente_0014@ejemplo.com;23/03/2026 22:15:20;Abierta;Recibido;Enviado;ARS;164000.0;0.0;0.0;164000.0;;;;;;;;;;San Andres;;Gran Buenos Aires;Argentina;Punto de retiro;Mercado Pago;;;;23/03/2026;26/03/2026;"Overall Milo ""Ultimas unidades"" (XL)";79000;1;1753;Móvil;;;;Sí;;;;;
7119;cliente_0014@ejemplo.com;;;;;;;;;;;;;;;;;;;;;;;;;;;;;;"Overall Makena ""Ultimas unidades"" (Azul, XL)";85000;1;1775;;;;;Sí;;;;;
7118;cliente_0015@ejemplo.com;23/03/2026 21:03:30;Abierta;Recibido;Enviado;ARS;70000.0;0.0;0.0;70000.0;;;;;;;;;;Rosario ;;Santa Fe;Argentina;Correo Argentino Clasico - Envio a domicilio;Mercado Pago;;;;23/03/2026;26/03/2026;"Vestido Ula ""Ultimas unidades"" (L)";70000;1;1693;Móvil;;;;Sí;;;;;
7116;cliente_0016@ejemplo.com;23/03/2026 14:06:56;Abierta;Recibido;Enviado;ARS;126000.0;0.0;0.0;126000.0;;;;;;;;;;Cipolletti;;Rio Negro;Argentina;Punto de retiro;Mercado Pago;;;;23/03/2026;25/03/2026;"Jean Jordan ""Ultimas unidades"" (42)";51000;1;1769;Móvil;;;;Sí;;;;;
7116;cliente_0016@ejemplo.com;;;;;;;;;;;;;;;;;;;;;;;;;;;;;;"Vestido Amira ""Ultimas unidades"" (XL)";75000;1;1736;;;;;Sí;;;;;
7115;cliente_0017@ejemplo.com;23/03/2026 03:10:26;Abierta;Recibido;Enviado;ARS;74000.0;0.0;19143.0;93143.0;;;;;;;;;;Mendoza ;;Mendoza;Argentina;Correo Argentino Expreso - Envio a domicilio;Mercado Pago;;;;23/03/2026;23/03/2026;"Catsuit Olimpea ""Ultimas unidades"" (XL)";74000;1;1728;Móvil;;;;Sí;;;;;
7114;cliente_0018@ejemplo.com;22/03/2026 12:54:23;Abierta;Recibido;Enviado;ARS;121000.0;0.0;0.0;121000.0;;;;;;;;;;Córdoba;;Córdoba;Argentina;Punto de retiro;Mercado Pago;;;;22/03/2026;25/03/2026;"Vestido Ula ""Ultimas unidades"" (S)";70000;1;1693;Web;;;;Sí;;;;;
7114;cliente_0018@ejemplo.com;;;;;;;;;;;;;;;;;;;;;;;;;;;;;;"Jean Jordan ""Ultimas unidades"" (42)";51000;1;1769;;;;;Sí;;;;;
7113;cliente_0019@ejemplo.com;22/03/2026 12:07:55;Abierta;Recibido;Enviado;ARS;74000.0;0.0;0.0;74000.0;;;;;;;;;;Rio Grande;;Tierra del Fuego;Argentina;Correo Argentino Clasico - Envio a domicilio;Mercado Pago;;;;22/03/2026;23/03/2026;"Catsuit Olimpea ""Ultimas unidades"" (XL)";74000;1;1728;Móvil;;;;Sí;;;;;
7112;cliente_0020@ejemplo.com;22/03/2026 10:56:03;Abierta;Recibido;Enviado;ARS;158000.0;0.0;0.0;158000.0;;;;;;;;;;Capital Federal;;Capital Federal;Argentina;Punto de retiro;Mercado Pago;;;;22/03/2026;25/03/2026;"Vestido Amira ""Ultimas unidades"" (S)";75000;1;1736;Móvil;;;;Sí;;;;;
7112;cliente_0020@ejemplo.com;;;;;;;;;;;;;;;;;;;;;;;;;;;;;;"Overall Adam ""Ultimas unidades"" (S)";83000;1;1765;;;;;Sí;;;;;
7111;cliente_0021@ejemplo.com;22/03/2026 09:38:24;Abierta;Recibido;Enviado;ARS;155000.0;0.0;9161.0;164161.0;;;;;;;;;;Ituzaingo;;Gran Buenos Aires;Argentina;Correo Argentino Clasico - Envio a domicilio;Mercado Pago;;;;22/03/2026;23/03/2026;Vestido Iman (XL);155000;1;1815;Móvil;;;;Sí;;;;;
7110;cliente_0022@ejemplo.com;21/03/2026 23:35:59;Abierta;Recibido;Enviado;ARS;85000.0;0.0;9879.0;94879.0;;;;;;;;;;Florencio Varela;;Gran Buenos Aires;Argentina;Correo Argentino Expreso - Envio a domicilio;Mercado Pago;;;;21/03/2026;23/03/2026;Vestido Mora (XL);85000;1;1801;Móvil;;;;Sí;;;;;
7109;cliente_0023@ejemplo.com;21/03/2026 19:52:00;Abierta;Recibido;Enviado;ARS;124000.0;0.0;10000.0;134000.0;;;;;;;;;;Capital Federal;;Capital Federal;Argentina;MOTO ENVIO - SAME DAY;Mercado Pago;;;;21/03/2026;26/03/2026;"Vestido Magda ""Ultimas unidades"" (L)";62000;1;1725;Móvil;;;;Sí;;;;;
7109;cliente_0023@ejemplo.com;;;;;;;;;;;;;;;;;;;;;;;;;;;;;;Vestido Nuria (L);62000;1;1731;;;;;Sí;;;;;
7108;cliente_0024@ejemplo.com;21/03/2026 16:39:45;Abierta;Recibido;Enviado;ARS;105000.0;0.0;10000.0;115000.0;;;;;;;;;;Capital Federal;;Capital Federal;Argentina;MOTO ENVIO - SAME DAY;Mercado Pago;;;;21/03/2026;26/03/2026;Vestido Ladina (XL);105000;1;1812;Móvil;;;;Sí;;;;;
7107;cliente_0025@ejemplo.com;21/03/2026 13:07:16;Abierta;Recibido;Enviado;ARS;57000.0;0.0;0.0;57000.0;;;;;;;;;;Capital Federal;;Capital Federal;Argentina;Punto de retiro;Mercado Pago;;;;21/03/2026;23/03/2026;"Vestido Azucena ""Ultimas unidades"" (XL)";57000;1;1786;Móvil;;;;Sí;;;;;
7106;cliente_0026@ejemplo.com;21/03/2026 12:41:19;Abierta;Recibido;Enviado;ARS;139000.0;0.0;9879.0;148879.0;;;;;;;;;;Pdo Tres de Febrero;;Gran Buenos Aires;Argentina;Correo Argentino Expreso - Envio a domicilio;Mercado Pago;;;;21/03/2026;25/03/2026;Catsuit Ciro (L);139000;1;1749;Web;;;;Sí;;;;;
7105;cliente_0027@ejemplo.com;21/03/2026 12:27:12;Abierta;Recibido;Enviado;ARS;154900.0;0.0;11353.0;166253.0;;;;;;;;;;YERBA Buena ;;Tucumán;Argentina;Correo Argentino Clasico - Envio a domicilio;Mercado Pago;;;;21/03/2026;25/03/2026;Vestido Iman (M);154900;1;1815;Móvil;;;;Sí;;;;;
7104;cliente_0028@ejemplo.com;21/03/2026 11:29:06;Abierta;Recibido;Enviado;ARS;74000.0;0.0;0.0;74000.0;;;;;;;;;;Guaymallen;;Mendoza;Argentina;Correo Argentino Clasico - Envio a domicilio;Mercado Pago;;;;21/03/2026;25/03/2026;"Catsuit Olimpea ""Ultimas unidades"" (XL)";74000;1;1728;Móvil;;;;Sí;;;;;
7103;cliente_0029@ejemplo.com;21/03/2026 11:16:14;Abierta;Recibido;Enviado;ARS;85000.0;0.0;0.0;85000.0;;;;;;;;;;Nogoya;;Entre Ríos;Argentina;Correo Argentino Clasico - Envio a domicilio;Transferencia o depósito bancario;;;;23/03/2026;23/03/2026;"Overall Makena ""Ultimas unidades"" (Azul, XL)";85000;1;1775;Móvil;;;;Sí;;;;;
7102;cliente_0030@ejemplo.com;21/03/2026 10:07:01;Abierta;Recibido;Enviado;ARS;79000.0;0.0;0.0;79000.0;;;;;;;;;;Ituzaingo;;Gran Buenos Aires;Argentina;Correo Argentino Clasico - Envio a domicilio;Mercado Pago;;;;21/03/2026;25/03/2026;"Overall Milo ""Ultimas unidades"" (L)";79000;1;1753;Móvil;;;;Sí;;;;;
7101;cliente_0031@ejemplo.com;20/03/2026 23:09:21;Abierta;Recibido;Enviado;ARS;75000.0;0.0;0.0;75000.0;;;;;;;;;;Córdoba ;;Córdoba;Argentina;Correo Argentino Clasico - Envio a domicilio;Transferencia o depósito bancario;;;;23/03/2026;23/03/2026;"Vestido Amira ""Ultimas unidades"" (XL)";75000;1;1736;Móvil;;;;Sí;;;;;
7100;cliente_0032@ejemplo.com;20/03/2026 22:39:40;Abierta;Recibido;Enviado;ARS;75000.0;0.0;0.0;75000.0;;;;;;;;;;Cordoba;;Córdoba;Argentina;Correo Argentino Clasico - Envio a domicilio;Mercado Pago;;;;20/03/2026;25/03/2026;"Vestido Amira ""Ultimas unidades"" (M)";75000;1;1736;Móvil;;;;Sí;;;;;
7099;cliente_0033@ejemplo.com;20/03/2026 20:26:40;Abierta;Recibido;Enviado;ARS;68000.0;0.0;0.0;68000.0;;;;;;;;;;Almirante Brown;;Gran Buenos Aires;Argentina;Punto de retiro;Mercado Pago;;;;20/03/2026;25/03/2026;"Vestido Jackie ""Ultimas unidades"" (S)";68000;1;1770;Móvil;;;;Sí;;;;;
7098;cliente_0034@ejemplo.com;20/03/2026 13:18:45;Abierta;Recibido;Enviado;ARS;131000.0;0.0;19708.0;150708.0;;;;;;;;;;Cinco Saltos;;Rio Negro;Argentina;Correo Argentino Expreso - Envio a domicilio;Mercado Pago;;;;20/03/2026;25/03/2026;Vestido Magda (S);62000;1;1725;Móvil;;;;Sí;;;;;
7098;cliente_0034@ejemplo.com;;;;;;;;;;;;;;;;;;;;;;;;;;;;;;"Overall Venus ""Ultimas unidades"" (S, Celeste)";69000;1;1796;;;;;Sí;;;;;
7097;cliente_0035@ejemplo.com;20/03/2026 12:52:23;Abierta;Recibido;Enviado;ARS;70000.0;0.0;10586.99;80586.99;;;;;;;;;;Funes;;Santa Fe;Argentina;Correo Argentino Clasico - Envio a domicilio;Mercado Pago;;;;20/03/2026;23/03/2026;Jean Bahur (42);70000;1;1806;Móvil;;;;Sí;;;;;
7096;cliente_0036@ejemplo.com;20/03/2026 08:13:50;Abierta;Recibido;Enviado;ARS;155000.0;0.0;6165.0;161165.0;;;;;;;;;;Capital Federal;;Capital Federal;Argentina;Punto de retiro;Mercado Pago;;;;20/03/2026;20/03/2026;Vestido Iman (XL);155000;1;1815;Móvil;;;;Sí;;;;;
7095;cliente_0037@ejemplo.com;19/03/2026 12:04:03;Abierta;Recibido;Enviado;ARS;69000.0;0.0;9161.0;78161.0;;;;;;;;;;Escibar;;Gran Buenos Aires;Argentina;Correo Argentino Clasico - Envio a domicilio;Transferencia o depósito bancario;;;;19/03/2026;20/03/2026;Vestido Catalina (XL);69000;1;1751;Móvil;;;;Sí;;;;;
7093;cliente_0038@ejemplo.com;18/03/2026 23:27:20;Abierta;Recibido;Enviado;ARS;49000.0;0.0;6165.0;55165.0;;;;;;;;;;Quilmes;;Gran Buenos Aires;Argentina;Punto de retiro;Mercado Pago;;;;18/03/2026;19/03/2026;Top Aisha (XL);49000;1;;Móvil;;;;Sí;;;;;
7092;cliente_0039@ejemplo.com;18/03/2026 22:52:51;Abierta;Recibido;Enviado;ARS;75000.0;0.0;7171.0;82171.0;;;;;;;;;;Paraná;;Entre Ríos;Argentina;Punto de retiro;Mercado Pago;;;;18/03/2026;19/03/2026;"Vestido Amira ""Ultimas unidades"" (XL)";75000;1;1736;Móvil;;;;Sí;;;;;
7090;cliente_0040@ejemplo.com;18/03/2026 21:01:47;Abierta;Recibido;Enviado;ARS;69000.0;0.0;10000.0;79000.0;;;;;;;;;;Capital Federal;;Capital Federal;Argentina;MOTO ENVIO - SAME DAY;Mercado Pago;;;;18/03/2026;19/03/2026;Vestido Fara (XL);69000;1;1771;Móvil;;;;Sí;;;;;
7089;cliente_0041@ejemplo.com;18/03/2026 18:35:08;Abierta;Recibido;Enviado;ARS;119000.0;0.0;10586.99;129586.99;;;;;;;;;;San lorenzo ;;Santa Fe;Argentina;Correo Argentino Clasico - Envio a domicilio;Mercado Pago;;;;18/03/2026;19/03/2026;Vestido Samira (S);119000;1;1803;Móvil;;;;Sí;;;;;
7088;cliente_0042@ejemplo.com;18/03/2026 15:20:34;Abierta;Recibido;Enviado;ARS;51000.0;0.0;7171.0;58171.0;;;;;;;;;;La Plata;;Buenos Aires;Argentina;Punto de retiro;Mercado Pago;;;;18/03/2026;19/03/2026;"Jean Jordan ""Ultimas unidades"" (44)";51000;1;1769;Móvil;;;;Sí;;;;;
7087;cliente_0043@ejemplo.com;18/03/2026 14:31:32;Abierta;Recibido;Enviado;ARS;69000.0;0.0;7171.0;76171.0;;;;;;;;;;Colon ;;Entre Ríos;Argentina;Punto de retiro;Transferencia o depósito bancario;;;;18/03/2026;19/03/2026;Vestido Fara (L);69000;1;1771;Móvil;;;;Sí;;;;;
7086;cliente_0044@ejemplo.com;18/03/2026 13:01:11;Abierta;Recibido;Enviado;ARS;51000.0;0.0;10586.99;61586.99;;;;;;;;;;Bigand;;Santa Fe;Argentina;Correo Argentino Clasico - Envio a domicilio;Mercado Pago;;;;18/03/2026;19/03/2026;"Jean Jordan ""Ultimas unidades"" (40)";51000;1;1769;Móvil;;;;Sí;;;;;
7085;cliente_0045@ejemplo.com;18/03/2026 10:16:23;Abierta;Recibido;Enviado;ARS;75000.0;0.0;7171.0;82171.0;;;;;;;;;;Tandil;;Buenos Aires;Argentina;Punto de retiro;Mercado Pago;;;;18/03/2026;19/03/2026;"Vestido Amira ""Ultimas unidades"" (XL)";75000;1;1736;Móvil;;;;Sí;;;;;
7084;cliente_0046@ejemplo.com;18/03/2026 10:05:45;Abierta;Recibido;Enviado;ARS;79000.0;0.0;10586.99;89586.99;;;;;;;;;;Mercedes;;Buenos Aires;Argentina;Correo Argentino Clasico - Envio a domicilio;Transferencia o depósito bancario;;;;18/03/2026;18/03/2026;"Overall Milo ""Ultimas unidades"" (L)";79000;1;1753;Móvil;;;;Sí;;;;;
7083;cliente_0047@ejemplo.com;18/03/2026 01:38:49;Abierta;Recibido;Enviado;ARS;70000.0;0.0;9161.0;79161.0;;;;;;;;;;La reja;;Gran Buenos Aires;Argentina;Correo Argentino Clasico - Envio a domicilio;Mercado Pago;;;;18/03/2026;18/03/2026;Jean Bahur (46);70000;1;1806;Móvil;;;;Sí;;;;;
7082;cliente_0048@ejemplo.com;17/03/2026 23:44:24;Abierta;Recibido;Enviado;ARS;136000.0;0.0;10841.0;146841.0;;;;;;;;;;Córdoba ;;Córdoba;Argentina;Correo Argentino Clasico - Envio a domicilio;Mercado Pago;;;;17/03/2026;18/03/2026;Vestido Nubia (L);85000;1;1724;Móvil;;;;Sí;;;;;
7082;cliente_0048@ejemplo.com;;;;;;;;;;;;;;;;;;;;;;;;;;;;;;"Jean Jordan ""Ultimas unidades"" (42)";51000;1;1769;;;;;Sí;;;;;
7081;cliente_0049@ejemplo.com;17/03/2026 22:50:07;Abierta;Recibido;Enviado;ARS;80000.0;0.0;12780.0;92780.0;;;;;;;;;;Luján;;Buenos Aires;Argentina;Punto de retiro;Mercado Pago;;;;17/03/2026;18/03/2026;Vestido Salma (XL);80000;1;1789;Móvil;;;;Sí;;;;;
7080;cliente_0050@ejemplo.com;17/03/2026 16:03:16;Abierta;Recibido;Enviado;ARS;75000.0;0.0;10000.0;85000.0;;;;;;;;;;Capital Federal;;Capital Federal;Argentina;MOTO ENVIO - SAME DAY;Mercado Pago;;;;17/03/2026;18/03/2026;"Vestido Amira ""Ultimas unidades"" (S)";75000;1;1736;Móvil;;;;Sí;;;;;
7079;cliente_0051@ejemplo.com;17/03/2026 15:34:17;Abierta;Recibido;Enviado;ARS;79000.0;0.0;9161.0;88161.0;;;;;;;;;;Capital Federal;;Capital Federal;Argentina;Correo Argentino Clasico - Envio a domicilio;Transferencia o depósito bancario;;;;18/03/2026;18/03/2026;"Overall Milo ""Ultimas unidades"" (XL)";79000;1;1753;Móvil;;;;Sí;;;;;
7078;cliente_0052@ejemplo.com;17/03/2026 14:48:47;Abierta;Recibido;Enviado;ARS;85000.0;0.0;9161.0;94161.0;;;;;;;;;;Cañuelas;;Buenos Aires;Argentina;Correo Argentino Clasico - Envio a domicilio;Mercado Pago;;;;17/03/2026;18/03/2026;Vestido Nubia (XL);85000;1;1724;Móvil;;;;Sí;;;;;
7076;cliente_0053@ejemplo.com;16/03/2026 20:11:18;Abierta;Recibido;Enviado;ARS;120000.0;0.0;7689.0;127689.0;;;;;;;;;;Capital;;San Juan;Argentina;Punto de retiro;Mercado Pago;;;;16/03/2026;17/03/2026;Trench Farrel (S);120000;1;;Móvil;;;;Sí;;;;;
7075;cliente_0054@ejemplo.com;16/03/2026 17:12:38;Abierta;Recibido;Enviado;ARS;144000.0;0.0;8082.0;152082.0;;;;;;;;;;Chivilcoy;;Buenos Aires;Argentina;Punto de retiro;Mercado Pago;;;;16/03/2026;17/03/2026;Vestido Fara (XL);69000;1;1771;Móvil;;;;Sí;;;;;
7075;cliente_0054@ejemplo.com;;;;;;;;;;;;;;;;;;;;;;;;;;;;;;"Vestido Amira ""Ultimas unidades"" (L)";75000;1;1736;;;;;Sí;;;;;
7073;cliente_0055@ejemplo.com;16/03/2026 14:15:57;Abierta;Recibido;Enviado;ARS;69000.0;0.0;7171.0;76171.0;;;;;;;;;;Parana;;Entre Ríos;Argentina;Punto de retiro;Mercado Pago;;;;16/03/2026;17/03/2026;Vestido Fara (L);69000;1;1771;Móvil;;;;Sí;;;;;
7072;cliente_0056@ejemplo.com;16/03/2026 13:26:34;Abierta;Recibido;Enviado;ARS;69000.0;0.0;7171.0;76171.0;;;;;;;;;;Mar del Plata ;;Buenos Aires;Argentina;Punto de retiro;Mercado Pago;;;;16/03/2026;17/03/2026;Vestido Catalina (M);69000;1;1751;Móvil;;;;Sí;;;;;
7071;cliente_0057@ejemplo.com;16/03/2026 12:54:30;Abierta;Recibido;Enviado;ARS;65000.0;0.0;13804.0;78804.0;;;;;;;;;;Bahia blanca;;Buenos Aires;Argentina;Correo Argentino Expreso - Envio a domicilio;Mercado Pago;;;;16/03/2026;17/03/2026;"Falda Zoe ""Ultimas unidades"" (M)";65000;1;;Móvil;;;;Sí;;;;;
7070;cliente_0058@ejemplo.com;16/03/2026 12:16:33;Abierta;Recibido;Enviado;ARS;75000.0;0.0;10586.99;85586.99;;;;;;;;;;Capital;;Córdoba;Argentina;Correo Argentino Clasico - Envio a domicilio;Mercado Pago;;;;16/03/2026;17/03/2026;"Vestido Amira ""Ultimas unidades"" (XL)";75000;1;1736;Móvil;;;;Sí;;;;;
7069;cliente_0059@ejemplo.com;16/03/2026 12:09:49;Abierta;Recibido;Enviado;ARS;118000.0;0.0;10841.0;128841.0;;;;;;;;;;Capital;;Córdoba;Argentina;Correo Argentino Clasico - Envio a domicilio;Mercado Pago;;;;16/03/2026;17/03/2026;"Vestido Francesca ""Ultimas unidades"" (L)";70000;1;1740;Móvil;;;;Sí;;;;;
7069;cliente_0059@ejemplo.com;;;;;;;;;;;;;;;;;;;;;;;;;;;;;;Jeans Richi (42, Azul);48000;1;1766;;;;;Sí;;;;;
7067;cliente_0060@ejemplo.com;16/03/2026 01:23:13;Abierta;Recibido;Enviado;ARS;219000.0;0.0;9161.0;228161.0;;;;;;;;;;Lanus;;Gran Buenos Aires;Argentina;Correo Argentino Clasico - Envio a domicilio;Mercado Pago;;;;16/03/2026;16/03/2026;"Campera Azura ""Ultimas unidades"" (L)";219000;1;;Móvil;;;;Sí;;;;;
7066;cliente_0061@ejemplo.com;15/03/2026 12:02:58;Abierta;Recibido;Enviado;ARS;237000.0;0.0;13234.0;250234.0;;;;;;;;;;Río Grande;;Tierra del Fuego;Argentina;Correo Argentino Clasico - Envio a domicilio;Mercado Pago;;;;15/03/2026;16/03/2026;"Overall Adam ""Ultimas unidades"" (L)";83000;1;1765;Web;;;;Sí;;;;;
7066;cliente_0061@ejemplo.com;;;;;;;;;;;;;;;;;;;;;;;;;;;;;;Catsuit Rabat (L);79000;1;1719;;;;;Sí;;;;;
7066;cliente_0061@ejemplo.com;;;;;;;;;;;;;;;;;;;;;;;;;;;;;;"Catsuit Aurora ""Ultimas unidades"" (L)";75000;1;1646;;;;;Sí;;;;;
7065;cliente_0062@ejemplo.com;15/03/2026 10:34:49;Abierta;Recibido;Enviado;ARS;75000.0;0.0;11353.0;86353.0;;;;;;;;;;San Francisco del Monte de Oro ;;San Luis;Argentina;Correo Argentino Clasico - Envio a domicilio;Mercado Pago;;;;15/03/2026;16/03/2026;"Vestido Amira ""Ultimas unidades"" (M)";75000;1;1736;Móvil;;;;Sí;;;;;
7064;cliente_0063@ejemplo.com;15/03/2026 00:26:49;Abierta;Recibido;Enviado;ARS;70000.0;0.0;11422.0;81422.0;;;;;;;;;;Chubut;;Chubut;Argentina;Correo Argentino Clasico - Envio a domicilio;Mercado Pago;;;;15/03/2026;16/03/2026;"Vestido Fini ""Ultimas unidades"" (M)";70000;1;1761;Móvil;;;;Sí;;;;;
7063;cliente_0064@ejemplo.com;14/03/2026 19:28:40;Abierta;Recibido;Enviado;ARS;289000.0;0.0;0.0;289000.0;;;;;;;;;;Metan;;Salta;Argentina;Punto de retiro;Mercado Pago;;;;14/03/2026;16/03/2026;Jean Bahur (44);70000;1;1806;Móvil;;;;Sí;;;;;
7063;cliente_0064@ejemplo.com;;;;;;;;;;;;;;;;;;;;;;;;;;;;;;"Campera Azura ""Ultimas unidades"" (XL)";219000;1;;;;;;Sí;;;;;
7061;cliente_0065@ejemplo.com;14/03/2026 13:53:51;Abierta;Recibido;Enviado;ARS;85000.0;0.0;9161.0;94161.0;;;;;;;;;;Berazategui;;Gran Buenos Aires;Argentina;Correo Argentino Clasico - Envio a domicilio;Mercado Pago;;;;14/03/2026;16/03/2026;Vestido Mora (L);85000;1;1801;Móvil;;;;Sí;;;;;
7060;cliente_0066@ejemplo.com;14/03/2026 11:02:08;Abierta;Recibido;Enviado;ARS;188000.0;0.0;6462.0;194462.0;;;;;;;;;;General Rodríguez;;Gran Buenos Aires;Argentina;Punto de retiro;Mercado Pago;;;;14/03/2026;16/03/2026;Vestido Catalina (XL);69000;1;1751;Móvil;;;;Sí;;;;;
7060;cliente_0066@ejemplo.com;;;;;;;;;;;;;;;;;;;;;;;;;;;;;;Vestido Samira (XL);119000;1;1803;;;;;Sí;;;;;
7059;cliente_0067@ejemplo.com;13/03/2026 23:26:13;Abierta;Recibido;Enviado;ARS;70000.0;0.0;10586.99;80586.99;;;;;;;;;;Ucacha;;Córdoba;Argentina;Correo Argentino Clasico - Envio a domicilio;Mercado Pago;;;;13/03/2026;16/03/2026;"Vestido Fini ""Ultimas unidades"" (L)";70000;1;1761;Móvil;;;;Sí;;;;;
7058;cliente_0068@ejemplo.com;13/03/2026 18:28:35;Abierta;Recibido;Enviado;ARS;139000.0;0.0;11422.0;150422.0;;;;;;;;;;Rada Tilly ;;Chubut;Argentina;Correo Argentino Clasico - Envio a domicilio;Mercado Pago;;;;13/03/2026;16/03/2026;Catsuit Ciro (XL);139000;1;1749;Móvil;;;;Sí;;;;;
7057;cliente_0069@ejemplo.com;13/03/2026 18:27:37;Abierta;Recibido;Enviado;ARS;154900.0;0.0;19143.0;174043.0;;;;;;;;;;La Ramada de Abajo ;;Tucumán;Argentina;Correo Argentino Expreso - Envio a domicilio;Mercado Pago;;;;13/03/2026;16/03/2026;Vestido Iman (M);154900;1;1815;Móvil;;;;Sí;;;;;
7056;cliente_0070@ejemplo.com;13/03/2026 15:02:53;Abierta;Recibido;Enviado;ARS;85000.0;0.0;9161.0;94161.0;;;;;;;;;;Zárate ;;Buenos Aires;Argentina;Correo Argentino Clasico - Envio a domicilio;Mercado Pago;;;;13/03/2026;16/03/2026;"Overall Makena ""Ultimas unidades"" (Azul, M)";85000;1;1775;Móvil;;;;Sí;;;;;
7055;cliente_0071@ejemplo.com;13/03/2026 13:49:44;Abierta;Recibido;Enviado;ARS;69000.0;0.0;10586.99;79586.99;;;;;;;;;;Rosario;;Santa Fe;Argentina;Correo Argentino Clasico - Envio a domicilio;Mercado Pago;;;;13/03/2026;16/03/2026;Vestido Fara (M);69000;1;1771;Móvil;;;;Sí;;;;;
7054;cliente_0072@ejemplo.com;13/03/2026 08:57:52;Abierta;Recibido;Enviado;ARS;79000.0;0.0;7171.0;86171.0;;;;;;;;;;San Lorenzo;;Santa Fe;Argentina;Punto de retiro;Mercado Pago;;;;13/03/2026;16/03/2026;"Overall Mara ""Ultimas unidades"" (L)";79000;1;1722;Móvil;;;;Sí;;;;;
7053;cliente_0073@ejemplo.com;12/03/2026 23:41:08;Abierta;Recibido;Enviado;ARS;90000.0;0.0;6165.0;96165.0;;;;;;;;;;Vicente López;;Gran Buenos Aires;Argentina;Punto de retiro;Mercado Pago;;;;12/03/2026;16/03/2026;"Overall Donatella ""Ultimas unidades"" (M)";90000;1;;Móvil;;;;Sí;;;;;
7052;cliente_0074@ejemplo.com;12/03/2026 22:02:43;Abierta;Recibido;Enviado;ARS;79000.0;0.0;7171.0;86171.0;;;;;;;;;;Reconquista ;;Santa Fe;Argentina;Punto de retiro;Mercado Pago;;;;12/03/2026;16/03/2026;"Overall Milo ""Ultimas unidades"" (XL)";79000;1;1753;Móvil;;;;Sí;;;;;
7051;cliente_0075@ejemplo.com;12/03/2026 17:09:49;Abierta;Recibido;Enviado;ARS;75000.0;0.0;11353.0;86353.0;;;;;;;;;;Caucete;;San Juan;Argentina;Correo Argentino Clasico - Envio a domicilio;Mercado Pago;;;;12/03/2026;16/03/2026;"Vestido Amira ""Ultimas unidades"" (L)";75000;1;1736;Móvil;;;;Sí;;;;;
7050;cliente_0076@ejemplo.com;11/03/2026 18:04:40;Abierta;Recibido;Enviado;ARS;283000.0;0.0;0.0;283000.0;;;;;;;;;;Berazategui;;Gran Buenos Aires;Argentina;Correo Argentino Clasico - Envio a domicilio;Mercado Pago;;;;11/03/2026;12/03/2026;"Vestido Amira ""Ultimas unidades"" (M)";75000;1;1736;Móvil;;;;Sí;;;;;
7050;cliente_0076@ejemplo.com;;;;;;;;;;;;;;;;;;;;;;;;;;;;;;"Overall Adam ""Ultimas unidades"" (S)";83000;1;1765;;;;;Sí;;;;;
7050;cliente_0076@ejemplo.com;;;;;;;;;;;;;;;;;;;;;;;;;;;;;;"Jean Jordan ""Ultimas unidades"" (40)";51000;1;1769;;;;;Sí;;;;;
7050;cliente_0076@ejemplo.com;;;;;;;;;;;;;;;;;;;;;;;;;;;;;;"Catsuit Olimpea ""Ultimas unidades"" (M)";74000;1;1728;;;;;Sí;;;;;
7048;cliente_0002@ejemplo.com;11/03/2026 14:04:45;Abierta;Recibido;Enviado;ARS;85000.0;0.0;7171.0;92171.0;;;;;;;;;;Córdoba ;;Córdoba;Argentina;Punto de retiro;Mercado Pago;;;;11/03/2026;12/03/2026;Vestido Mora (XL);85000;1;1801;Móvil;;;;Sí;;;;;
7047;cliente_0077@ejemplo.com;11/03/2026 13:14:14;Abierta;Recibido;Enviado;ARS;105000.0;0.0;11353.0;116353.0;;;;;;;;;;Apostoles ;;Misiones;Argentina;Correo Argentino Clasico - Envio a domicilio;Mercado Pago;;;;11/03/2026;12/03/2026;Vestido Ladina (M);105000;1;1812;Móvil;;;;Sí;;;;;
7046;cliente_0078@ejemplo.com;11/03/2026 11:21:39;Abierta;Recibido;Enviado;ARS;103000.0;0.0;8082.0;111082.0;;;;;;;;;;Tandil;;Buenos Aires;Argentina;Punto de retiro;Mercado Pago;;;;11/03/2026;11/03/2026;Jeans Richi (42, Azul);48000;1;1766;Móvil;;;;Sí;;;;;
7046;cliente_0078@ejemplo.com;;;;;;;;;;;;;;;;;;;;;;;;;;;;;;Jean Beca (L);55000;1;;;;;;Sí;;;;;
7045;cliente_0079@ejemplo.com;11/03/2026 07:04:51;Abierta;Recibido;Enviado;ARS;85000.0;0.0;11422.0;96422.0;;;;;;;;;;Río grande ;;Tierra del Fuego;Argentina;Correo Argentino Clasico - Envio a domicilio;Mercado Pago;;;;11/03/2026;11/03/2026;"Overall Makena ""Ultimas unidades"" (Azul, XL)";85000;1;1775;Móvil;;;;Sí;;;;;
7043;cliente_0080@ejemplo.com;10/03/2026 22:02:21;Abierta;Recibido;Enviado;ARS;239000.0;0.0;11335.0;250335.0;;;;;;;;;;Mar del plata;;Buenos Aires;Argentina;Correo Argentino Clasico - Envio a domicilio;Mercado Pago;;;;10/03/2026;11/03/2026;"Vestido Nadila ""Ultimas unidades"" (M)";85000;1;;Móvil;;;;Sí;;;;;
7043;cliente_0080@ejemplo.com;;;;;;;;;;;;;;;;;;;;;;;;;;;;;;"Overall Venus ""Ultimas unidades"" (L, Azul)";69000;1;1796;;;;;Sí;;;;;
7043;cliente_0080@ejemplo.com;;;;;;;;;;;;;;;;;;;;;;;;;;;;;;"Overall Carola ""Ultimas unidades"" (M)";85000;1;1752;;;;;Sí;;;;;
7042;cliente_0081@ejemplo.com;10/03/2026 13:36:52;Abierta;Recibido;Enviado;ARS;75000.0;0.0;9879.0;84879.0;;;;;;;;;;Buenos  aires;;Gran Buenos Aires;Argentina;Correo Argentino Expreso - Envio a domicilio;Mercado Pago;;;;10/03/2026;11/03/2026;Vestido Amira (XL);75000;1;1736;Móvil;;;;Sí;;;;;
7041;cliente_0082@ejemplo.com;10/03/2026 12:49:50;Abierta;Recibido;Enviado;ARS;85000.0;0.0;10000.0;95000.0;;;;;;;;;;Capital Federal;;Capital Federal;Argentina;MOTO ENVIO - SAME DAY;Mercado Pago;;;;10/03/2026;10/03/2026;"Overall Taylor ""Ultimas unidades"" (L)";85000;1;1721;Móvil;;;;Sí;;;;;
7040;cliente_0083@ejemplo.com;10/03/2026 12:25:50;Abierta;Recibido;Enviado;ARS;85000.0;0.0;7689.0;92689.0;;;;;;;;;;San Luis ;;San Luis;Argentina;Punto de retiro;Mercado Pago;;;;10/03/2026;11/03/2026;"Overall Makena ""Ultimas unidades"" (Azul, XL)";85000;1;1775;Móvil;;;;Sí;;;;;
7039;cliente_0084@ejemplo.com;09/03/2026 23:24:54;Abierta;Recibido;Enviado;ARS;75000.0;0.0;11422.0;86422.0;;;;;;;;;;Apolinario saravia salta;;Salta;Argentina;Correo Argentino Clasico - Envio a domicilio;Mercado Pago;;;;09/03/2026;10/03/2026;Vestido Amira (L);75000;1;1736;Móvil;;;;Sí;;;;;
7038;cliente_0085@ejemplo.com;09/03/2026 19:06:48;Abierta;Recibido;Enviado;ARS;139000.0;0.0;6462.0;145462.0;;;;;;;;;;Almirante Brown;;Gran Buenos Aires;Argentina;Punto de retiro;Mercado Pago;;;;09/03/2026;10/03/2026;Vestido Fara (XL);69000;1;1771;Móvil;;;;Sí;;;;;
7038;cliente_0085@ejemplo.com;;;;;;;;;;;;;;;;;;;;;;;;;;;;;;Jean Bahur (42);70000;1;1806;;;;;Sí;;;;;
7037;cliente_0086@ejemplo.com;09/03/2026 18:49:29;Abierta;Recibido;Enviado;ARS;149000.0;0.0;10586.99;159586.99;;;;;;;;;;Balcarce;;Buenos Aires;Argentina;Correo Argentino Clasico - Envio a domicilio;Mercado Pago;;;;09/03/2026;10/03/2026;Catsuit Dubai (M);149000;1;1822;Web;;;;Sí;;;;;
7035;cliente_0087@ejemplo.com;08/03/2026 21:25:35;Abierta;Recibido;Enviado;ARS;49000.0;0.0;7171.0;56171.0;;;;;;;;;;Rosario;;Santa Fe;Argentina;Punto de retiro;Mercado Pago;;;;08/03/2026;10/03/2026;Top Aisha (S);49000;1;;Móvil;;;;Sí;;;;;
7034;cliente_0088@ejemplo.com;08/03/2026 20:05:01;Abierta;Recibido;Enviado;ARS;70000.0;0.0;9161.0;79161.0;;;;;;;;;;San Andres;;Gran Buenos Aires;Argentina;Correo Argentino Clasico - Envio a domicilio;Mercado Pago;;;;08/03/2026;10/03/2026;"Vestido Fini ""Ultimas unidades"" (L)";70000;1;1761;Móvil;;;;Sí;;;;;
7032;cliente_0089@ejemplo.com;08/03/2026 20:01:16;Abierta;Recibido;Enviado;ARS;118000.0;0.0;8082.0;126082.0;;;;;;;;;;Punilla;;Córdoba;Argentina;Punto de retiro;Mercado Pago;;;;08/03/2026;10/03/2026;"Vestido Francesca ""Ultimas unidades"" (L)";70000;1;1740;Móvil;;;;Sí;;;;;
7032;cliente_0089@ejemplo.com;;;;;;;;;;;;;;;;;;;;;;;;;;;;;;Jeans Richi (40, Azul);48000;1;1766;;;;;Sí;;;;;
7031;cliente_0090@ejemplo.com;08/03/2026 18:51:11;Abierta;Recibido;Enviado;ARS;85000.0;0.0;6165.0;91165.0;;;;;;;;;;Victoria, partido de San Fernando;;Gran Buenos Aires;Argentina;Punto de retiro;Mercado Pago;;;;08/03/2026;10/03/2026;"Overall Makena ""Ultimas unidades"" (Azul, S)";85000;1;1775;Móvil;;;;Sí;;;;;
7030;cliente_0091@ejemplo.com;08/03/2026 18:09:17;Abierta;Recibido;Enviado;ARS;277000.0;0.0;10000.0;287000.0;;;;;;;;;;Capital Federal;;Capital Federal;Argentina;MOTO ENVIO - SAME DAY;Transferencia o depósito bancario;;;;09/03/2026;09/03/2026;Vestido Catalina (XL);69000;1;1751;Móvil;;;;Sí;;;;;
7030;cliente_0091@ejemplo.com;;;;;;;;;;;;;;;;;;;;;;;;;;;;;;"Catsuit Olimpea ""Ultimas unidades"" (XL)";74000;1;1728;;;;;Sí;;;;;
7030;cliente_0091@ejemplo.com;;;;;;;;;;;;;;;;;;;;;;;;;;;;;;Short Salim (XL, Celeste);59000;1;;;;;;Sí;;;;;
7030;cliente_0091@ejemplo.com;;;;;;;;;;;;;;;;;;;;;;;;;;;;;;Vestido Amira (XL);75000;1;1736;;;;;Sí;;;;;
7029;cliente_0092@ejemplo.com;08/03/2026 18:00:24;Abierta;Recibido;Enviado;ARS;108000.0;0.0;6462.0;114462.0;;;;;;;;;;Grand Bourg ;;Gran Buenos Aires;Argentina;Punto de retiro;Mercado Pago;;;;08/03/2026;10/03/2026;"Vestido Azucena ""Ultimas unidades"" (S)";57000;1;1786;Móvil;;;;Sí;;;;;
7029;cliente_0092@ejemplo.com;;;;;;;;;;;;;;;;;;;;;;;;;;;;;;Jean Jordan (38);51000;1;1769;;;;;Sí;;;;;
7028;cliente_0093@ejemplo.com;08/03/2026 16:28:01;Abierta;Recibido;Enviado;ARS;85000.0;0.0;10586.99;95586.99;;;;;;;;;;Mar del Plarta;;Buenos Aires;Argentina;Correo Argentino Clasico - Envio a domicilio;Mercado Pago;;;;08/03/2026;10/03/2026;Catsuit Nadira (L);85000;1;1737;Móvil;;;;Sí;;;;;
7027;cliente_0094@ejemplo.com;08/03/2026 16:01:31;Abierta;Recibido;Enviado;ARS;400900.0;0.0;13765.0;414665.0;;;;;;;;;;Buenos Aires ;;Gran Buenos Aires;Argentina;Correo Argentino Expreso - Envio a domicilio;Mercado Pago;;;;08/03/2026;10/03/2026;Vestido Madib (S);99000;1;1821;Móvil;;;;Sí;;;;;
7027;cliente_0094@ejemplo.com;;;;;;;;;;;;;;;;;;;;;;;;;;;;;;Vestido Nubia (S);85000;1;1724;;;;;Sí;;;;;
7027;cliente_0094@ejemplo.com;;;;;;;;;;;;;;;;;;;;;;;;;;;;;;Vestido Iman (S);154900;1;1815;;;;;Sí;;;;;
7027;cliente_0094@ejemplo.com;;;;;;;;;;;;;;;;;;;;;;;;;;;;;;Vestido Magda (S);62000;1;1725;;;;;Sí;;;;;
7026;cliente_0095@ejemplo.com;08/03/2026 15:18:25;Abierta;Recibido;Enviado;ARS;164000.0;0.0;10841.0;174841.0;;;;;;;;;;María juana;;Santa Fe;Argentina;Correo Argentino Clasico - Envio a domicilio;Mercado Pago;;;;08/03/2026;10/03/2026;Overall Milo (L);79000;1;1753;Móvil;;;;Sí;;;;;
7026;cliente_0095@ejemplo.com;;;;;;;;;;;;;;;;;;;;;;;;;;;;;;"Overall Carola ""Ultimas unidades"" (M)";85000;1;1752;;;;;Sí;;;;;
7025;cliente_0096@ejemplo.com;08/03/2026 14:08:35;Abierta;Recibido;Enviado;ARS;75000.0;0.0;7689.0;82689.0;;;;;;;;;;Guaymallén;;Mendoza;Argentina;Punto de retiro;Mercado Pago;;;;08/03/2026;10/03/2026;Vestido Amira (XL);75000;1;1736;Móvil;;;;Sí;;;;;
7024;cliente_0097@ejemplo.com;08/03/2026 13:58:57;Abierta;Recibido;Enviado;ARS;79000.0;0.0;6165.0;85165.0;;;;;;;;;;No informado;;Gran Buenos Aires;Argentina;Punto de retiro;Mercado Pago;;;;08/03/2026;10/03/2026;Overall Milo (XL);79000;1;1753;Móvil;;;;Sí;;;;;
7023;cliente_0098@ejemplo.com;08/03/2026 11:39:06;Abierta;Recibido;Enviado;ARS;75000.0;0.0;9879.0;84879.0;;;;;;;;;;San justo;;Gran Buenos Aires;Argentina;Correo Argentino Expreso - Envio a domicilio;Mercado Pago;;;;08/03/2026;10/03/2026;Vestido Amira (XL);75000;1;1736;Móvil;;;;Sí;;;;;
7022;cliente_0099@ejemplo.com;07/03/2026 20:04:06;Abierta;Recibido;Enviado;ARS;85000.0;0.0;10586.99;95586.99;;;;;;;;;;Loberia;;Buenos Aires;Argentina;Correo Argentino Clasico - Envio a domicilio;Mercado Pago;;;;07/03/2026;10/03/2026;"Overall Carola ""Ultimas unidades"" (S)";85000;1;1752;Móvil;;;;Sí;;;;;
7020;cliente_0100@ejemplo.com;07/03/2026 16:22:12;Abierta;Recibido;Enviado;ARS;75000.0;0.0;6165.0;81165.0;;;;;;;;;;Castelar;;Gran Buenos Aires;Argentina;Punto de retiro;Mercado Pago;;;;07/03/2026;10/03/2026;Vestido Amira (M);75000;1;1736;Móvil;;;;Sí;;;;;
7019;cliente_0101@ejemplo.com;07/03/2026 15:39:25;Abierta;Recibido;Enviado;ARS;90000.0;0.0;10586.99;100586.99;;;;;;;;;;Villa Nueva;;Córdoba;Argentina;Correo Argentino Clasico - Envio a domicilio;Mercado Pago;;;;07/03/2026;10/03/2026;Catsuit Sena (M);90000;1;;Móvil;;;;Sí;;;;;
7018;cliente_0102@ejemplo.com;07/03/2026 12:48:31;Abierta;Recibido;Enviado;ARS;59000.0;0.0;7689.0;66689.0;;;;;;;;;;Corrrientes;;Corrientes;Argentina;Punto de retiro;Mercado Pago;;;;07/03/2026;10/03/2026;Short Salim (S, Azul);59000;1;;Móvil;;;;Sí;;;;;
7017;cliente_0103@ejemplo.com;07/03/2026 10:54:02;Abierta;Recibido;Enviado;ARS;69000.0;0.0;6165.0;75165.0;;;;;;;;;;Lanus;;Gran Buenos Aires;Argentina;Punto de retiro;Mercado Pago;;;;07/03/2026;10/03/2026;Vestido Catalina (L);69000;1;1751;Móvil;;;;Sí;;;;;
7016;cliente_0104@ejemplo.com;07/03/2026 08:57:56;Abierta;Recibido;Enviado;ARS;55000.0;0.0;11353.0;66353.0;;;;;;;;;;Capital;;Mendoza;Argentina;Correo Argentino Clasico - Envio a domicilio;Mercado Pago;;;;07/03/2026;10/03/2026;Jean Beca (XL);55000;1;;Móvil;;;;Sí;;;;;
7015;cliente_0105@ejemplo.com;07/03/2026 00:09:25;Abierta;Recibido;Enviado;ARS;105000.0;0.0;9161.0;114161.0;;;;;;;;;;San.Fernando;;Gran Buenos Aires;Argentina;Correo Argentino Clasico - Envio a domicilio;Mercado Pago;;;;07/03/2026;10/03/2026;Vestido Ladina (L);105000;1;1812;Móvil;;;;Sí;;;;;
7014;cliente_0106@ejemplo.com;06/03/2026 22:16:53;Abierta;Recibido;Enviado;ARS;437000.0;0.0;0.0;437000.0;;;;;;;;;;Seleccione;;Gran Buenos Aires;Argentina;Correo Argentino Clasico - Envio a domicilio;Mercado Pago;;;;06/03/2026;10/03/2026;Campera Azura (XL);219000;1;;Móvil;;;;Sí;;;;;
7014;cliente_0106@ejemplo.com;;;;;;;;;;;;;;;;;;;;;;;;;;;;;;Vestido Samira (XL);119000;1;1803;;;;;Sí;;;;;
7014;cliente_0106@ejemplo.com;;;;;;;;;;;;;;;;;;;;;;;;;;;;;;Chaleco Alindra (XL);99000;1;;;;;;Sí;;;;;
7013;cliente_0107@ejemplo.com;06/03/2026 21:16:31;Abierta;Recibido;Enviado;ARS;75000.0;0.0;10586.99;85586.99;;;;;;;;;;Córdoba ;;Córdoba;Argentina;Correo Argentino Clasico - Envio a domicilio;Mercado Pago;;;;06/03/2026;10/03/2026;Vestido Amira (M);75000;1;1736;Móvil;;;;Sí;;;;;
7012;cliente_0108@ejemplo.com;06/03/2026 19:28:03;Abierta;Recibido;Enviado;ARS;70000.0;0.0;11353.0;81353.0;;;;;;;;;;Catamarca ;;Catamarca;Argentina;Correo Argentino Clasico - Envio a domicilio;Mercado Pago;;;;06/03/2026;10/03/2026;"Vestido Ula ""Ultimas unidades"" (M)";70000;1;1693;Móvil;;;;Sí;;;;;
7011;cliente_0109@ejemplo.com;06/03/2026 19:25:02;Abierta;Recibido;Enviado;ARS;126000.0;0.0;8082.0;134082.0;;;;;;;;;;Nogoyá;;Entre Ríos;Argentina;Punto de retiro;Transferencia o depósito bancario;;;;09/03/2026;10/03/2026;"Overall Venus ""Ultimas unidades"" (M, Celeste)";69000;1;1796;Móvil;;;;Sí;;;;;
7011;cliente_0109@ejemplo.com;;;;;;;;;;;;;;;;;;;;;;;;;;;;;;"Vestido Azucena ""Ultimas unidades"" (M)";57000;1;1786;;;;;Sí;;;;;
7010;cliente_0110@ejemplo.com;06/03/2026 17:02:44;Abierta;Recibido;Enviado;ARS;85000.0;0.0;6165.0;91165.0;;;;;;;;;;Vicente López;;Gran Buenos Aires;Argentina;Punto de retiro;Mercado Pago;;;;06/03/2026;10/03/2026;"Overall Taylor ""Ultimas unidades"" (L)";85000;1;1721;Móvil;;;;Sí;;;;;
7009;cliente_0111@ejemplo.com;06/03/2026 08:48:05;Abierta;Recibido;Enviado;ARS;246000.0;0.0;12698.0;258698.0;;;;;;;;;;La Matanza;;Gran Buenos Aires;Argentina;Correo Argentino Clasico - Envio a domicilio;Mercado Pago;;;;06/03/2026;09/03/2026;Vestido Magda (M);62000;1;1725;Móvil;;;;Sí;;;;;
7009;cliente_0111@ejemplo.com;;;;;;;;;;;;;;;;;;;;;;;;;;;;;;Vestido Nuria (M);62000;1;1731;;;;;Sí;;;;;
7009;cliente_0111@ejemplo.com;;;;;;;;;;;;;;;;;;;;;;;;;;;;;;Camisa Ivette (M);48000;1;1412;;;;;Sí;;;;;
7009;cliente_0111@ejemplo.com;;;;;;;;;;;;;;;;;;;;;;;;;;;;;;"Catsuit Olimpea ""Ultimas unidades"" (M)";74000;1;1728;;;;;Sí;;;;;
7008;cliente_0112@ejemplo.com;06/03/2026 01:08:53;Abierta;Recibido;Enviado;ARS;168000.0;0.0;25405.01;193405.01;;;;;;;;;;Trelew;;Chubut;Argentina;Correo Argentino Expreso - Envio a domicilio;Mercado Pago;;;;06/03/2026;09/03/2026;"Overall Adam ""Ultimas unidades"" (M)";83000;1;1765;Móvil;;;;Sí;;;;;
7008;cliente_0112@ejemplo.com;;;;;;;;;;;;;;;;;;;;;;;;;;;;;;Vestido Mora (M);85000;1;1801;;;;;Sí;;;;;
7007;cliente_0063@ejemplo.com;05/03/2026 23:37:32;Abierta;Recibido;Enviado;ARS;69000.0;0.0;10000.0;79000.0;;;;;;;;;;Capital Federal;;Capital Federal;Argentina;MOTO ENVIO - SAME DAY;Mercado Pago;;;;05/03/2026;09/03/2026;Vestido Catalina (M);69000;1;1751;Móvil;;;;Sí;;;;;
7006;cliente_0113@ejemplo.com;05/03/2026 22:22:26;Abierta;Recibido;Enviado;ARS;119000.0;0.0;6165.0;125165.0;;;;;;;;;;Lomas de Zamora;;Gran Buenos Aires;Argentina;Punto de retiro;Mercado Pago;;;;05/03/2026;09/03/2026;"Vestido Serena ""Ultimas unidades"" (L)";119000;1;;Móvil;;;;Sí;;;;;
7005;cliente_0002@ejemplo.com;05/03/2026 20:49:40;Abierta;Recibido;Enviado;ARS;169000.0;0.0;8082.0;177082.0;;;;;;;;;;Córdoba ;;Córdoba;Argentina;Punto de retiro;Mercado Pago;;;;05/03/2026;09/03/2026;Short Salim (XL, Azul);59000;1;;Móvil;;;;Sí;;;;;
7005;cliente_0002@ejemplo.com;;;;;;;;;;;;;;;;;;;;;;;;;;;;;;Catsuits Jana (XL);110000;1;1782;;;;;Sí;;;;;
7004;cliente_0114@ejemplo.com;05/03/2026 20:25:44;Abierta;Recibido;Enviado;ARS;85000.0;0.0;11353.0;96353.0;;;;;;;;;;Neuquen;;Neuquén;Argentina;Correo Argentino Clasico - Envio a domicilio;Transferencia o depósito bancario;;;;06/03/2026;09/03/2026;"Overall Makena ""Ultimas unidades"" (Azul, XL)";85000;1;1775;Móvil;;;;Sí;;;;;
7001;cliente_0115@ejemplo.com;05/03/2026 07:57:29;Abierta;Recibido;Enviado;ARS;69000.0;0.0;7171.0;76171.0;;;;;;;;;;General Pueyrredón;;Buenos Aires;Argentina;Punto de retiro;Mercado Pago;;;;05/03/2026;05/03/2026;Vestido Fara (S);69000;1;1771;Móvil;;;;Sí;;;;;
7000;cliente_0116@ejemplo.com;04/03/2026 21:51:53;Abierta;Recibido;Enviado;ARS;70000.0;0.0;7171.0;77171.0;;;;;;;;;;Capital;;Córdoba;Argentina;Punto de retiro;Mercado Pago;;;;04/03/2026;05/03/2026;"Vestido Francesca ""Ultimas unidades"" (L)";70000;1;1740;Móvil;;;;Sí;;;;;
6999;cliente_0117@ejemplo.com;04/03/2026 21:34:14;Abierta;Recibido;Enviado;ARS;72000.0;0.0;10586.99;82586.99;;;;;;;;;;Manuel B. Gonnet;;Buenos Aires;Argentina;Correo Argentino Clasico - Envio a domicilio;Transferencia o depósito bancario;;;;05/03/2026;05/03/2026;"Túnica Natasha ""Ultimas unidades"" (S)";72000;1;1708;Móvil;;;;Sí;;;;;
6998;cliente_0118@ejemplo.com;04/03/2026 21:28:29;Abierta;Recibido;Enviado;ARS;404500.0;0.0;0.0;404500.0;;;;;;;;;;Rosario;;Santa Fe;Argentina;Correo Argentino Clasico - Envio a domicilio;Mercado Pago;;;;04/03/2026;05/03/2026;Vestido Fara (XL);69000;1;1771;Móvil;;;;Sí;;;;;
6998;cliente_0118@ejemplo.com;;;;;;;;;;;;;;;;;;;;;;;;;;;;;;Vestido Catalina (XL);69000;1;1751;;;;;Sí;;;;;
6998;cliente_0118@ejemplo.com;;;;;;;;;;;;;;;;;;;;;;;;;;;;;;"Vestido Francesca ""Ultimas unidades"" (L)";70000;1;1740;;;;;Sí;;;;;
6998;cliente_0118@ejemplo.com;;;;;;;;;;;;;;;;;;;;;;;;;;;;;;"Vestido kalifa ""Ultimas unidades"" (L)";126500;1;1823;;;;;Sí;;;;;
6998;cliente_0118@ejemplo.com;;;;;;;;;;;;;;;;;;;;;;;;;;;;;;"Vestido Fini ""Ultimas unidades"" (L)";70000;1;1761;;;;;Sí;;;;;
6996;cliente_0119@ejemplo.com;04/03/2026 20:25:26;Abierta;Recibido;Enviado;ARS;75000.0;0.0;9161.0;84161.0;;;;;;;;;;Bs as ;;Gran Buenos Aires;Argentina;Correo Argentino Clasico - Envio a domicilio;Mercado Pago;;;;04/03/2026;05/03/2026;Vestido Amira (M);75000;1;1736;Móvil;;;;Sí;;;;;
6995;cliente_0120@ejemplo.com;04/03/2026 17:26:56;Abierta;Recibido;Enviado;ARS;105000.0;0.0;9161.0;114161.0;;;;;;;;;;Nordelta tigre;;Gran Buenos Aires;Argentina;Correo Argentino Clasico - Envio a domicilio;Mercado Pago;;;;04/03/2026;05/03/2026;Vestido Ladina (S);105000;1;1812;Móvil;;;;Sí;;;;;
6994;cliente_0121@ejemplo.com;04/03/2026 17:11:15;Abierta;Recibido;Enviado;ARS;132000.0;0.0;6462.0;138462.0;;;;;;;;;;Capital Federal;;Capital Federal;Argentina;Punto de retiro;Mercado Pago;;;;04/03/2026;06/03/2026;"Vestido Keaton ""Ultimas unidades"" (M)";75000;1;1711;Móvil;;;;Sí;;;;;
6994;cliente_0121@ejemplo.com;;;;;;;;;;;;;;;;;;;;;;;;;;;;;;"Vestido Azucena ""Ultimas unidades"" (M)";57000;1;1786;;;;;Sí;;;;;
6993;cliente_0122@ejemplo.com;04/03/2026 16:27:09;Abierta;Recibido;Enviado;ARS;238000.0;0.0;10841.0;248841.0;;;;;;;;;;Mar Del Plata;;Buenos Aires;Argentina;Correo Argentino Clasico - Envio a domicilio;Mercado Pago;;;;04/03/2026;05/03/2026;"Vestido Serena ""Ultimas unidades"" (XL)";119000;1;;Móvil;;;;Sí;;;;;
6993;cliente_0122@ejemplo.com;;;;;;;;;;;;;;;;;;;;;;;;;;;;;;Vestido Samira (XL);119000;1;1803;;;;;Sí;;;;;
6992;cliente_0123@ejemplo.com;04/03/2026 15:36:44;Abierta;Recibido;Enviado;ARS;85000.0;0.0;10586.99;95586.99;;;;;;;;;;Río Ceballos;;Córdoba;Argentina;Correo Argentino Clasico - Envio a domicilio;Mercado Pago;;;;04/03/2026;05/03/2026;"Catsuit Máxima ""Ultimas unidades"" (S)";85000;1;1620;Móvil;;;;Sí;;;;;
6991;cliente_0113@ejemplo.com;04/03/2026 12:34:47;Abierta;Recibido;Enviado;ARS;85000.0;0.0;6165.0;91165.0;;;;;;;;;;Lomas de Zamora;;Gran Buenos Aires;Argentina;Punto de retiro;Mercado Pago;;;;04/03/2026;05/03/2026;"Overall Taylor ""Ultimas unidades"" (L)";85000;1;1721;Móvil;;;;Sí;;;;;
6990;cliente_0124@ejemplo.com;04/03/2026 11:28:20;Abierta;Recibido;Enviado;ARS;85000.0;0.0;21527.0;106527.0;;;;;;;;;;Bahia Blanca;;Buenos Aires;Argentina;Correo Argentino Expreso - Envio a domicilio;Mercado Pago;;;;04/03/2026;05/03/2026;"Overall Carola ""Ultimas unidades"" (M)";85000;1;1752;Móvil;;;;Sí;;;;;
6989;cliente_0125@ejemplo.com;04/03/2026 08:43:34;Abierta;Recibido;Enviado;ARS;85000.0;0.0;9161.0;94161.0;;;;;;;;;;Capital Federal;;Capital Federal;Argentina;Correo Argentino Clasico - Envio a domicilio;Mercado Pago;;;;04/03/2026;05/03/2026;Vestido Nubia (L);85000;1;1724;Móvil;;;;Sí;;;;;
6988;cliente_0126@ejemplo.com;03/03/2026 12:02:07;Abierta;Recibido;Enviado;ARS;154900.0;0.0;7171.0;162071.0;;;;;;;;;;La Plata;;Buenos Aires;Argentina;Punto de retiro;Mercado Pago;;;;03/03/2026;05/03/2026;Vestido Iman (L);154900;1;1815;Móvil;;;;Sí;;;;;
6987;cliente_0127@ejemplo.com;03/03/2026 11:39:17;Abierta;Recibido;Enviado;ARS;118000.0;0.0;9857.99;127857.99;;;;;;;;;;Ituzaingo;;Gran Buenos Aires;Argentina;Correo Argentino Clasico - Envio a domicilio;Mercado Pago;;;;03/03/2026;05/03/2026;"Vestido Francesca ""Ultimas unidades"" (L)";70000;1;1740;Móvil;;;;Sí;;;;;
6987;cliente_0127@ejemplo.com;;;;;;;;;;;;;;;;;;;;;;;;;;;;;;Jeans Richi (42, Celeste);48000;1;1766;;;;;Sí;;;;;
6986;cliente_0128@ejemplo.com;02/03/2026 22:35:16;Abierta;Recibido;Enviado;ARS;70000.0;0.0;7171.0;77171.0;;;;;;;;;;Rosario;;Santa Fe;Argentina;Punto de retiro;Transferencia o depósito bancario;;;;03/03/2026;05/03/2026;"Vestido Ula ""Ultimas unidades"" (M)";70000;1;1693;Móvil;;;;Sí;;;;;
6984;cliente_0129@ejemplo.com;02/03/2026 14:33:53;Abierta;Recibido;Enviado;ARS;98000.0;0.0;12214.0;110214.0;;;;;;;;;;Capital;;Salta;Argentina;Correo Argentino Clasico - Envio a domicilio;Mercado Pago;;;;02/03/2026;03/03/2026;Top Aisha (S);49000;1;;Móvil;;;;Sí;;;;;
6984;cliente_0129@ejemplo.com;;;;;;;;;;;;;;;;;;;;;;;;;;;;;;Top Omar (M);49000;1;;;;;;Sí;;;;;
6983;cliente_0130@ejemplo.com;02/03/2026 14:09:38;Abierta;Recibido;Enviado;ARS;147000.0;0.0;9857.99;156857.99;;;;;;;;;;Tigre;;Buenos Aires;Argentina;Correo Argentino Clasico - Envio a domicilio;Mercado Pago;;;;02/03/2026;03/03/2026;Vestido Nuria (M);62000;1;1731;Móvil;;;;Sí;;;;;
6983;cliente_0130@ejemplo.com;;;;;;;;;;;;;;;;;;;;;;;;;;;;;;Vestido Nubia (M);85000;1;1724;;;;;Sí;;;;;
6982;cliente_0131@ejemplo.com;02/03/2026 00:12:47;Abierta;Recibido;Enviado;ARS;70000.0;0.0;7171.0;77171.0;;;;;;;;;;Rosario;;Santa Fe;Argentina;Punto de retiro;Mercado Pago;;;;02/03/2026;02/03/2026;"Vestido Ula ""Ultimas unidades"" (M)";70000;1;1693;Móvil;;;;Sí;;;;;
6981;cliente_0132@ejemplo.com;01/03/2026 20:35:29;Abierta;Recibido;Enviado;ARS;279000.0;0.0;14157.0;293157.0;;;;;;;;;;Bahia blanca;;Buenos Aires;Argentina;Correo Argentino Expreso - Envio a domicilio;Mercado Pago;;;;01/03/2026;02/03/2026;Campera Alsira (S);130000;1;;Móvil;;;;Sí;;;;;
6981;cliente_0132@ejemplo.com;;;;;;;;;;;;;;;;;;;;;;;;;;;;;;Catsuit Dubai (S);149000;1;1822;;;;;Sí;;;;;
6980;cliente_0002@ejemplo.com;01/03/2026 17:16:51;Abierta;Recibido;Enviado;ARS;159000.0;0.0;18751.0;177751.0;;;;;;;;;;Córdoba ;;Córdoba;Argentina;Punto de retiro;Mercado Pago;;;;01/03/2026;02/03/2026;Vestido Salma (XL);80000;1;1789;Móvil;;;;Sí;;;;;
6980;cliente_0002@ejemplo.com;;;;;;;;;;;;;;;;;;;;;;;;;;;;;;Chaleco Farid (XL);69000;1;;;;;;Sí;;;;;
6980;cliente_0002@ejemplo.com;;;;;;;;;;;;;;;;;;;;;;;;;;;;;;Coleta West;10000;1;;;;;;Sí;;;;;
6979;cliente_0133@ejemplo.com;01/03/2026 14:31:11;Abierta;Recibido;Enviado;ARS;154000.0;0.0;25405.01;179405.01;;;;;;;;;;San Salvador De Jujuy;;Jujuy;Argentina;Correo Argentino Expreso - Envio a domicilio;Transferencia o depósito bancario;;;;02/03/2026;02/03/2026;Vestido Fara (L);69000;1;1771;Móvil;;;;Sí;;;;;
6979;cliente_0133@ejemplo.com;;;;;;;;;;;;;;;;;;;;;;;;;;;;;;Overall Makena (Azul, XL);85000;1;1775;;;;;Sí;;;;;
6978;cliente_0134@ejemplo.com;01/03/2026 11:02:59;Abierta;Recibido;Enviado;ARS;136000.0;0.0;11660.0;147660.0;;;;;;;;;;Luján de Cuyo;;Mendoza;Argentina;Correo Argentino Clasico - Envio a domicilio;Mercado Pago;;;;01/03/2026;02/03/2026;Jean Jordan (40);51000;1;1769;Móvil;;;;Sí;;;;;
6978;cliente_0134@ejemplo.com;;;;;;;;;;;;;;;;;;;;;;;;;;;;;;"Overall Taylor ""Ultimas unidades"" (L)";85000;1;1721;;;;;Sí;;;;;
6977;cliente_0135@ejemplo.com;28/02/2026 17:49:29;Abierta;Recibido;Enviado;ARS;149000.0;0.0;9161.0;158161.0;;;;;;;;;;Capital Federal;;Capital Federal;Argentina;Correo Argentino Clasico - Envio a domicilio;Mercado Pago;;;;28/02/2026;02/03/2026;Catsuit Dubai (XL);149000;1;1822;Móvil;;;;Sí;;;;;
6976;cliente_0136@ejemplo.com;28/02/2026 12:52:25;Abierta;Recibido;Enviado;ARS;130000.0;0.0;9161.0;139161.0;;;;;;;;;;Hurlingham;;Gran Buenos Aires;Argentina;Correo Argentino Clasico - Envio a domicilio;Mercado Pago;;;;28/02/2026;02/03/2026;Campera Alsira (L);130000;1;;Móvil;;;;Sí;;;;;
6975;cliente_0137@ejemplo.com;27/02/2026 22:44:06;Abierta;Recibido;Enviado;ARS;155000.0;0.0;6165.0;161165.0;;;;;;;;;;No informado;;Gran Buenos Aires;Argentina;Punto de retiro;Mercado Pago;;;;27/02/2026;02/03/2026;Vestido Iman (XL);155000;1;1815;Móvil;;;;Sí;;;;;
6974;cliente_0138@ejemplo.com;27/02/2026 22:36:48;Abierta;Recibido;Enviado;ARS;298900.0;0.0;0.0;298900.0;;;;;;;;;;Neuquen ;;Neuquén;Argentina;Correo Argentino Clasico - Envio a domicilio;Mercado Pago;;;;27/02/2026;02/03/2026;Vestido Iman (L);154900;1;1815;Móvil;;;;Sí;;;;;
6974;cliente_0138@ejemplo.com;;;;;;;;;;;;;;;;;;;;;;;;;;;;;;Catsuit Aurora (L);75000;1;1646;;;;;Sí;;;;;
6974;cliente_0138@ejemplo.com;;;;;;;;;;;;;;;;;;;;;;;;;;;;;;Vestido Fara (S);69000;1;1771;;;;;Sí;;;;;
6973;cliente_0139@ejemplo.com;27/02/2026 21:55:03;Abierta;Recibido;Enviado;ARS;179000.0;0.0;9857.99;188857.99;;;;;;;;;;Capital Federal;;Capital Federal;Argentina;Correo Argentino Clasico - Envio a domicilio;Mercado Pago;;;;27/02/2026;02/03/2026;Campera Alsira (S);130000;1;;Móvil;;;;Sí;;;;;
6973;cliente_0139@ejemplo.com;;;;;;;;;;;;;;;;;;;;;;;;;;;;;;Top Aisha (M);49000;1;;;;;;Sí;;;;;
6972;cliente_0112@ejemplo.com;27/02/2026 21:28:06;Abierta;Recibido;Enviado;ARS;153000.0;0.0;12214.0;165214.0;;;;;;;;;;Trelew;;Chubut;Argentina;Correo Argentino Clasico - Envio a domicilio;Mercado Pago;;;;27/02/2026;02/03/2026;Jean Bahur (42);70000;1;1806;Móvil;;;;Sí;;;;;
6972;cliente_0112@ejemplo.com;;;;;;;;;;;;;;;;;;;;;;;;;;;;;;"Overall Adam ""Ultimas unidades"" (L)";83000;1;1765;;;;;Sí;;;;;
6971;cliente_0140@ejemplo.com;27/02/2026 19:55:11;Abierta;Recibido;Enviado;ARS;222000.0;0.0;12214.0;234214.0;;;;;;;;;;Aguaray;;Salta;Argentina;Correo Argentino Clasico - Envio a domicilio;Mercado Pago;;;;27/02/2026;02/03/2026;"Overall Adam ""Ultimas unidades"" (L)";83000;1;1765;Móvil;;;;Sí;;;;;
6971;cliente_0140@ejemplo.com;;;;;;;;;;;;;;;;;;;;;;;;;;;;;;Catsuit Ciro (L);139000;1;1749;;;;;Sí;;;;;
6970;cliente_0141@ejemplo.com;27/02/2026 16:36:04;Abierta;Recibido;Enviado;ARS;183500.0;0.0;10000.0;193500.0;;;;;;;;;;Capital Federal;;Capital Federal;Argentina;MOTO ENVIO - SAME DAY;Mercado Pago;;;;27/02/2026;02/03/2026;Vestido Azucena (L);57000;1;1786;Web;;;;Sí;;;;;
6970;cliente_0141@ejemplo.com;;;;;;;;;;;;;;;;;;;;;;;;;;;;;;Vestido kalifa (L);126500;1;1823;;;;;Sí;;;;;
6969;cliente_0142@ejemplo.com;27/02/2026 15:32:59;Abierta;Recibido;Enviado;ARS;105000.0;0.0;6165.0;111165.0;;;;;;;;;;Moron;;Gran Buenos Aires;Argentina;Punto de retiro;Mercado Pago;;;;27/02/2026;02/03/2026;Vestido Ladina (M);105000;1;1812;Móvil;;;;Sí;;;;;
6968;cliente_0143@ejemplo.com;27/02/2026 14:09:43;Abierta;Recibido;Enviado;ARS;83000.0;0.0;7689.0;90689.0;;;;;;;;;;Ituzaingo;;Corrientes;Argentina;Punto de retiro;Mercado Pago;;;;27/02/2026;02/03/2026;"Overall Adam ""Ultimas unidades"" (S)";83000;1;1765;Móvil;;;;Sí;;;;;
6967;cliente_0144@ejemplo.com;27/02/2026 09:46:45;Abierta;Recibido;Enviado;ARS;55000.0;0.0;9879.0;64879.0;;;;;;;;;;Lanus;;Gran Buenos Aires;Argentina;Correo Argentino Expreso - Envio a domicilio;Mercado Pago;;;;27/02/2026;02/03/2026;Jean Beca (M);55000;1;;Móvil;;;;Sí;;;;;
6966;cliente_0145@ejemplo.com;27/02/2026 08:33:06;Abierta;Recibido;Enviado;ARS;69000.0;0.0;11353.0;80353.0;;;;;;;;;;San Carlos;;Mendoza;Argentina;Correo Argentino Clasico - Envio a domicilio;Mercado Pago;;;;27/02/2026;27/02/2026;Vestido Fara (L);69000;1;1771;Móvil;;;;Sí;;;;;
6965;cliente_0146@ejemplo.com;26/02/2026 23:22:29;Abierta;Recibido;Enviado;ARS;99000.0;0.0;10586.99;109586.99;;;;;;;;;;Rosario ;;Santa Fe;Argentina;Correo Argentino Clasico - Envio a domicilio;Mercado Pago;;;;26/02/2026;27/02/2026;Vestido Madib (L);99000;1;1821;Móvil;;;;Sí;;;;;
6964;cliente_0147@ejemplo.com;26/02/2026 20:46:44;Abierta;Recibido;Enviado;ARS;70000.0;0.0;10586.99;80586.99;;;;;;;;;;Rosario;;Santa Fe;Argentina;Correo Argentino Clasico - Envio a domicilio;Mercado Pago;;;;26/02/2026;27/02/2026;"Vestido Ula ""Ultimas unidades"" (S)";70000;1;1693;Móvil;;;;Sí;;;;;
6962;cliente_0065@ejemplo.com;26/02/2026 18:31:26;Abierta;Recibido;Enviado;ARS;75000.0;0.0;9161.0;84161.0;;;;;;;;;;Berazategui;;Gran Buenos Aires;Argentina;Correo Argentino Clasico - Envio a domicilio;Mercado Pago;;;;26/02/2026;27/02/2026;Vestido Amira (L);75000;1;1736;Móvil;;;;Sí;;;;;
6961;cliente_0148@ejemplo.com;26/02/2026 16:39:28;Abierta;Recibido;Enviado;ARS;55000.0;0.0;10000.0;65000.0;;;;;;;;;;Capital Federal;;Capital Federal;Argentina;MOTO ENVIO - SAME DAY;Mercado Pago;;;;26/02/2026;27/02/2026;Jean Beca (M);55000;1;;Móvil;;;;Sí;;;;;
6960;cliente_0149@ejemplo.com;26/02/2026 11:53:34;Abierta;Recibido;Enviado;ARS;257000.0;0.0;0.0;257000.0;;;;;;;;;;Rosario;;Santa Fe;Argentina;Correo Argentino Clasico - Envio a domicilio;Mercado Pago;;;;26/02/2026;27/02/2026;Vestido Mora (XL);85000;1;1801;Móvil;;;;Sí;;;;;
6960;cliente_0149@ejemplo.com;;;;;;;;;;;;;;;;;;;;;;;;;;;;;;Chaleco Alindra (XL);99000;1;;;;;;Sí;;;;;
6960;cliente_0149@ejemplo.com;;;;;;;;;;;;;;;;;;;;;;;;;;;;;;Jean Karim (46);73000;1;1807;;;;;Sí;;;;;
6959;cliente_0150@ejemplo.com;26/02/2026 07:51:07;Abierta;Recibido;Enviado;ARS;69000.0;0.0;10586.99;79586.99;;;;;;;;;;La Plata;;Buenos Aires;Argentina;Correo Argentino Clasico - Envio a domicilio;Mercado Pago;;;;26/02/2026;26/02/2026;Vestido Catalina (M);69000;1;1751;Móvil;;;;Sí;;;;;
6958;cliente_0151@ejemplo.com;25/02/2026 23:23:06;Abierta;Recibido;Enviado;ARS;169000.0;0.0;9145.0;178145.0;;;;;;;;;;Capital;;Salta;Argentina;Punto de retiro;Mercado Pago;;;;25/02/2026;26/02/2026;Vestido Madib (L);99000;1;1821;Móvil;;;;Sí;;;;;
6958;cliente_0151@ejemplo.com;;;;;;;;;;;;;;;;;;;;;;;;;;;;;;Jean Bahur (36);70000;1;1806;;;;;Sí;;;;;
6957;cliente_0152@ejemplo.com;25/02/2026 11:29:07;Abierta;Recibido;Enviado;ARS;85000.0;0.0;9879.0;94879.0;;;;;;;;;;San Vicente;;Buenos Aires;Argentina;Correo Argentino Expreso - Envio a domicilio;Mercado Pago;;;;25/02/2026;26/02/2026;Vestido Nubia (XL);85000;1;1724;Web;;;;Sí;;;;;
6956;cliente_0153@ejemplo.com;25/02/2026 06:47:27;Abierta;Recibido;Enviado;ARS;51000.0;0.0;7689.0;58689.0;;;;;;;;;;Capital;;Catamarca;Argentina;Punto de retiro;Mercado Pago;;;;25/02/2026;26/02/2026;Jean Jordan (44);51000;1;1769;Móvil;;;;Sí;;;;;
6955;cliente_0154@ejemplo.com;24/02/2026 22:43:49;Abierta;Recibido;Enviado;ARS;136000.0;0.0;10841.0;146841.0;;;;;;;;;;Río Cuarto;;Córdoba;Argentina;Correo Argentino Clasico - Envio a domicilio;Mercado Pago;;;;24/02/2026;26/02/2026;Overall Makena (Azul, XL);85000;1;1775;Móvil;;;;Sí;;;;;
6955;cliente_0154@ejemplo.com;;;;;;;;;;;;;;;;;;;;;;;;;;;;;;Jean Jordan (46);51000;1;1769;;;;;Sí;;;;;
6954;cliente_0155@ejemplo.com;24/02/2026 21:07:48;Abierta;Recibido;Enviado;ARS;316000.0;0.0;0.0;316000.0;;;;;;;;;;Escobar ;;Gran Buenos Aires;Argentina;Correo Argentino Clasico - Envio a domicilio;Mercado Pago;;;;24/02/2026;26/02/2026;Vestido Ladina (M);105000;1;1812;Móvil;;;;Sí;;;;;
6954;cliente_0155@ejemplo.com;;;;;;;;;;;;;;;;;;;;;;;;;;;;;;Catsuit Dubai (M);149000;1;1822;;;;;Sí;;;;;
6954;cliente_0155@ejemplo.com;;;;;;;;;;;;;;;;;;;;;;;;;;;;;;Vestido Nuria (M);62000;1;1731;;;;;Sí;;;;;
6953;cliente_0156@ejemplo.com;24/02/2026 19:44:19;Abierta;Recibido;Enviado;ARS;120000.0;0.0;9161.0;129161.0;;;;;;;;;;Capital Federal;;Capital Federal;Argentina;Correo Argentino Clasico - Envio a domicilio;Mercado Pago;;;;24/02/2026;27/02/2026;Vestido Mery (S);120000;1;1820;Web;;;;Sí;;;;;
6952;cliente_0157@ejemplo.com;23/02/2026 22:30:37;Abierta;Recibido;Enviado;ARS;108000.0;0.0;6462.0;114462.0;;;;;;;;;;Capital Federal;;Capital Federal;Argentina;Punto de retiro;Mercado Pago;;;;23/02/2026;24/02/2026;Top Aisha (M);49000;1;;Móvil;;;;Sí;;;;;
6952;cliente_0157@ejemplo.com;;;;;;;;;;;;;;;;;;;;;;;;;;;;;;Short Salim (M, Celeste);59000;1;;;;;;Sí;;;;;
6951;cliente_0158@ejemplo.com;23/02/2026 22:17:59;Abierta;Recibido;Enviado;ARS;397500.0;0.0;10000.0;407500.0;;;;;;;;;;Capital Federal;;Capital Federal;Argentina;MOTO ENVIO - SAME DAY;Mercado Pago;;;;23/02/2026;25/02/2026;Vestido Rachel (XL);69000;1;;Móvil;;;;Sí;;;;;
6951;cliente_0158@ejemplo.com;;;;;;;;;;;;;;;;;;;;;;;;;;;;;;Vestido Amira (M);75000;1;1736;;;;;Sí;;;;;
6951;cliente_0158@ejemplo.com;;;;;;;;;;;;;;;;;;;;;;;;;;;;;;"Vestido Ula ""Ultimas unidades"" (M)";70000;1;;;;;;Sí;;;;;
6951;cliente_0158@ejemplo.com;;;;;;;;;;;;;;;;;;;;;;;;;;;;;;Vestido Azucena (L);57000;1;1786;;;;;Sí;;;;;
6951;cliente_0158@ejemplo.com;;;;;;;;;;;;;;;;;;;;;;;;;;;;;;Vestido kalifa (L);126500;1;;;;;;Sí;;;;;
6950;cliente_0159@ejemplo.com;23/02/2026 20:52:52;Abierta;Recibido;Enviado;ARS;85000.0;0.0;8076.0;93076.0;;;;;;;;;;Vicente López;;Gran Buenos Aires;Argentina;Punto de retiro;Mercado Pago;;;;23/02/2026;24/02/2026;Overall Carola (L);85000;1;;Móvil;;;;Sí;;;;;
6949;cliente_0160@ejemplo.com;23/02/2026 17:28:40;Abierta;Recibido;Enviado;ARS;69000.0;0.0;7942.0;76942.0;;;;;;;;;;Doctor Manuel Belgrano;;Jujuy;Argentina;Punto de retiro;Mercado Pago;;;;23/02/2026;24/02/2026;Vestido Catalina (M);69000;1;1751;Móvil;;;;Sí;;;;;
6948;cliente_0161@ejemplo.com;23/02/2026 14:09:44;Abierta;Recibido;Enviado;ARS;49000.0;0.0;6165.0;55165.0;;;;;;;;;;Llavallol;;Gran Buenos Aires;Argentina;Punto de retiro;Mercado Pago;;;;23/02/2026;24/02/2026;Top Aisha (S);49000;1;;Móvil;;;;Sí;;;;;
6947;cliente_0162@ejemplo.com;23/02/2026 12:08:53;Abierta;Recibido;Enviado;ARS;142000.0;0.0;10644.0;152644.0;;;;;;;;;;Isidro Casanova ;;Gran Buenos Aires;Argentina;Correo Argentino Expreso - Envio a domicilio;Mercado Pago;;;;23/02/2026;24/02/2026;Chaleco Farid (XL);69000;1;;Móvil;;;;Sí;;;;;
6947;cliente_0162@ejemplo.com;;;;;;;;;;;;;;;;;;;;;;;;;;;;;;Jean Karim (44);73000;1;;;;;;Sí;;;;;
6945;cliente_0163@ejemplo.com;23/02/2026 00:33:52;Abierta;Recibido;Enviado;ARS;159250.0;0.0;13234.0;172484.0;;;;;;;;;;San Salvador de Jujuy;;Jujuy;Argentina;Correo Argentino Clasico - Envio a domicilio;Mercado Pago;;;;23/02/2026;24/02/2026;"Jeans Arlet ""Ultimas unidades"" (42)";55250;1;1762;Móvil;;;;Sí;;;;;
6945;cliente_0163@ejemplo.com;;;;;;;;;;;;;;;;;;;;;;;;;;;;;;Jean Beca (M);55000;1;;;;;;Sí;;;;;
6945;cliente_0163@ejemplo.com;;;;;;;;;;;;;;;;;;;;;;;;;;;;;;Top Aisha (XL);49000;1;;;;;;Sí;;;;;
6942;cliente_0164@ejemplo.com;22/02/2026 14:53:00;Abierta;Recibido;Enviado;ARS;80000.0;0.0;8076.0;88076.0;;;;;;;;;;Vicente López;;Gran Buenos Aires;Argentina;Punto de retiro;Mercado Pago;;;;22/02/2026;24/02/2026;Vestido Salma (M);80000;1;1789;Móvil;;;;Sí;;;;;
6941;cliente_0165@ejemplo.com;22/02/2026 14:02:42;Abierta;Recibido;Enviado;ARS;74000.0;0.0;10586.99;84586.99;;;;;;;;;;Freyre;;Córdoba;Argentina;Correo Argentino Clasico - Envio a domicilio;Mercado Pago;;;;22/02/2026;24/02/2026;Catsuit Olimpea (M);74000;1;1728;Móvil;;;;Sí;;;;;
6940;cliente_0166@ejemplo.com;22/02/2026 11:47:47;Abierta;Recibido;Enviado;ARS;49000.0;0.0;10000.0;59000.0;;;;;;;;;;Capital Federal;;Capital Federal;Argentina;MOTO ENVIO - SAME DAY;Mercado Pago;;;;22/02/2026;23/02/2026;Top Aisha (S);49000;1;;Móvil;;;;Sí;;;;;
6939;cliente_0167@ejemplo.com;22/02/2026 10:18:14;Abierta;Recibido;Enviado;ARS;49000.0;0.0;11353.0;60353.0;;;;;;;;;;Lujan De Cuyo Ciudad Mendoza ;;Mendoza;Argentina;Correo Argentino Clasico - Envio a domicilio;Mercado Pago;;;;22/02/2026;24/02/2026;Top Aisha (L);49000;1;;Móvil;;;;Sí;;;;;
6938;cliente_0168@ejemplo.com;22/02/2026 08:56:04;Abierta;Recibido;Enviado;ARS;83000.0;0.0;6165.0;89165.0;;;;;;;;;;La Matanza;;Gran Buenos Aires;Argentina;Punto de retiro;Mercado Pago;;;;22/02/2026;24/02/2026;"Overall Adam ""Ultimas unidades"" (L)";83000;1;;Móvil;;;;Sí;;;;;
6937;cliente_0169@ejemplo.com;21/02/2026 19:30:54;Abierta;Recibido;Enviado;ARS;155000.0;0.0;8082.0;163082.0;;;;;;;;;;La Plata;;Buenos Aires;Argentina;Punto de retiro;Mercado Pago;;;;21/02/2026;24/02/2026;"Vestido Ula ""Ultimas unidades"" (S)";70000;1;;Móvil;;;;Sí;;;;;
6937;cliente_0169@ejemplo.com;;;;;;;;;;;;;;;;;;;;;;;;;;;;;;Vestido Nubia (S);85000;1;;;;;;Sí;;;;;
6936;cliente_0015@ejemplo.com;21/02/2026 17:06:54;Abierta;Recibido;Enviado;ARS;128000.0;0.0;10841.0;138841.0;;;;;;;;;;Rosario ;;Santa Fe;Argentina;Correo Argentino Clasico - Envio a domicilio;Mercado Pago;;;;21/02/2026;24/02/2026;Camisa Ivette (L);48000;1;1412;Móvil;;;;Sí;;;;;
6936;cliente_0015@ejemplo.com;;;;;;;;;;;;;;;;;;;;;;;;;;;;;;Capa Olsen (UNICO);80000;1;1797;;;;;Sí;;;;;
6935;cliente_0170@ejemplo.com;21/02/2026 16:46:01;Abierta;Recibido;Enviado;ARS;49000.0;0.0;6165.0;55165.0;;;;;;;;;;Escobar;;Gran Buenos Aires;Argentina;Punto de retiro;Mercado Pago;;;;21/02/2026;24/02/2026;Top Aisha (M);49000;1;;Móvil;;;;Sí;;;;;
6933;cliente_0171@ejemplo.com;21/02/2026 00:59:07;Abierta;Recibido;Enviado;ARS;134000.0;0.0;10841.0;144841.0;;;;;;;;;;Venado Tuerto ;;Santa Fe;Argentina;Correo Argentino Clasico - Envio a domicilio;Transferencia o depósito bancario;;;;23/02/2026;24/02/2026;Vestido Fara (M);69000;1;1771;Móvil;;;;Sí;;;;;
6933;cliente_0171@ejemplo.com;;;;;;;;;;;;;;;;;;;;;;;;;;;;;;Vestido Nour (M);65000;1;;;;;;Sí;;;;;
6931;cliente_0172@ejemplo.com;20/02/2026 22:17:34;Abierta;Recibido;Enviado;ARS;126500.0;0.0;9161.0;135661.0;;;;;;;;;;Avellaneda ;;Gran Buenos Aires;Argentina;Correo Argentino Clasico - Envio a domicilio;Transferencia o depósito bancario;;;;23/02/2026;24/02/2026;Vestido kalifa (L);126500;1;;Móvil;;;;Sí;;;;;
6930;cliente_0173@ejemplo.com;20/02/2026 18:51:09;Abierta;Recibido;Enviado;ARS;55000.0;0.0;7171.0;62171.0;;;;;;;;;;Rosario;;Santa Fe;Argentina;Punto de retiro;Transferencia o depósito bancario;;;;23/02/2026;24/02/2026;Jean Beca (M);55000;1;;Móvil;;;;Sí;;;;;
6928;cliente_0174@ejemplo.com;20/02/2026 12:02:04;Abierta;Recibido;Enviado;ARS;69000.0;0.0;7689.0;76689.0;;;;;;;;;;Ullúm;;San Juan;Argentina;Punto de retiro;Transferencia o depósito bancario;;;;20/02/2026;20/02/2026;Vestido Fara (M);69000;1;1771;Móvil;;;;Sí;;;;;
6927;cliente_0175@ejemplo.com;20/02/2026 10:17:53;Abierta;Recibido;Enviado;ARS;120000.0;0.0;11353.0;131353.0;;;;;;;;;;Juana koslay;;San Luis;Argentina;Correo Argentino Clasico - Envio a domicilio;Transferencia o depósito bancario;;;;20/02/2026;20/02/2026;Vestido Mery (L);120000;1;;Móvil;;;;Sí;;;;;
6924;cliente_0176@ejemplo.com;19/02/2026 23:32:36;Abierta;Recibido;Enviado;ARS;239900.0;0.0;11660.0;251560.0;;;;;;;;;;Laguna Naick Neck Formosa ;;Formosa;Argentina;Correo Argentino Clasico - Envio a domicilio;Transferencia o depósito bancario;;;;20/02/2026;20/02/2026;Vestido Iman (M);154900;1;;Móvil;;;;Sí;;;;;
6924;cliente_0176@ejemplo.com;;;;;;;;;;;;;;;;;;;;;;;;;;;;;;Vestido Nubia (L);85000;1;;;;;;Sí;;;;;
6923;cliente_0177@ejemplo.com;19/02/2026 22:36:30;Abierta;Recibido;Enviado;ARS;74000.0;0.0;11353.0;85353.0;;;;;;;;;;Chacras de coria, lujan de cuyo ;;Mendoza;Argentina;Correo Argentino Clasico - Envio a domicilio;Transferencia o depósito bancario;;;;20/02/2026;20/02/2026;Catsuit Olimpea (XL);74000;1;1728;Móvil;;;;Sí;;;;;
6921;cliente_0178@ejemplo.com;19/02/2026 10:37:43;Abierta;Recibido;Enviado;ARS;105000.0;0.0;8082.0;113082.0;;;;;;;;;;La Plata;;Buenos Aires;Argentina;Punto de retiro;Mercado Pago;;;;19/02/2026;20/02/2026;Vestido Azucena (M);57000;1;1786;Web;;;;Sí;;;;;
6921;cliente_0178@ejemplo.com;;;;;;;;;;;;;;;;;;;;;;;;;;;;;;Jeans Richi (38, Azul);48000;1;;;;;;Sí;;;;;
6920;cliente_0179@ejemplo.com;18/02/2026 21:59:20;Abierta;Recibido;Enviado;ARS;70000.0;0.0;9161.0;79161.0;;;;;;;;;;Capital Federal;;Capital Federal;Argentina;Correo Argentino Clasico - Envio a domicilio;Mercado Pago;;;;18/02/2026;20/02/2026;"Vestido Ula ""Ultimas unidades"" (M)";70000;1;;Móvil;;;;Sí;;;;;
6919;cliente_0180@ejemplo.com;18/02/2026 21:13:21;Abierta;Recibido;Enviado;ARS;80000.0;0.0;17913.0;97913.0;;;;;;;;;;Eugenio Bustos ;;Mendoza;Argentina;Correo Argentino Clasico - Envio a domicilio;Mercado Pago;;;;18/02/2026;20/02/2026;Vestido Salma (M);80000;1;1789;Móvil;;;;Sí;;;;;
6918;cliente_0181@ejemplo.com;18/02/2026 06:46:19;Abierta;Recibido;Enviado;ARS;453000.0;0.0;0.0;453000.0;;;;;;;;;;Presidencia de la Plaza ;;Chaco;Argentina;Correo Argentino Clasico - Envio a domicilio;Mercado Pago;;;;18/02/2026;20/02/2026;Catsuit Nadira (XL);85000;1;;Móvil;;;;Sí;;;;;
6918;cliente_0181@ejemplo.com;;;;;;;;;;;;;;;;;;;;;;;;;;;;;;Catsuit Dubai (XL);149000;1;;;;;;Sí;;;;;
6918;cliente_0181@ejemplo.com;;;;;;;;;;;;;;;;;;;;;;;;;;;;;;Vestido Madib (XL);99000;1;1821;;;;;Sí;;;;;
6918;cliente_0181@ejemplo.com;;;;;;;;;;;;;;;;;;;;;;;;;;;;;;Top Adila (XL);40000;1;;;;;;Sí;;;;;
6918;cliente_0181@ejemplo.com;;;;;;;;;;;;;;;;;;;;;;;;;;;;;;Vestido Salma (XL);80000;1;1789;;;;;Sí;;;;;
6917;cliente_0182@ejemplo.com;17/02/2026 22:36:53;Abierta;Recibido;Enviado;ARS;62000.0;0.0;0.0;62000.0;;;;;;;;;;Punilla;;Córdoba;Argentina;Punto de retiro;Mercado Pago;;;;17/02/2026;20/02/2026;Vestido Magda (XL);62000;1;;Móvil;;;;Sí;;;;;
6916;cliente_0183@ejemplo.com;17/02/2026 21:08:09;Abierta;Recibido;Enviado;ARS;69000.0;0.0;0.0;69000.0;;;;;;;;;;San Fernando;;Gran Buenos Aires;Argentina;Punto de retiro;Transferencia o depósito bancario;;;;18/02/2026;20/02/2026;Vestido Rachel (M);69000;1;;Móvil;;;;Sí;;;;;
6915;cliente_0184@ejemplo.com;17/02/2026 19:22:19;Abierta;Recibido;Enviado;ARS;70000.0;0.0;0.0;70000.0;;;;;;;;;;El triunfo;;Buenos Aires;Argentina;Correo Argentino Clasico - Envio a domicilio;Transferencia o depósito bancario;;;;18/02/2026;20/02/2026;Jean Bahur (38);70000;1;;Móvil;;;;Sí;;;;;
6914;cliente_0151@ejemplo.com;16/02/2026 20:08:05;Abierta;Recibido;Enviado;ARS;298900.0;0.0;0.0;298900.0;;;;;;;;;;Capital;;Salta;Argentina;Punto de retiro;Mercado Pago;;;;16/02/2026;20/02/2026;Vestido Amira (M);75000;1;1736;Móvil;;;;Sí;;;;;
6914;cliente_0151@ejemplo.com;;;;;;;;;;;;;;;;;;;;;;;;;;;;;;Vestido Fara (M);69000;1;1771;;;;;Sí;;;;;
6914;cliente_0151@ejemplo.com;;;;;;;;;;;;;;;;;;;;;;;;;;;;;;Vestido Iman (L);154900;1;;;;;;Sí;;;;;
6913;cliente_0099@ejemplo.com;16/02/2026 18:07:17;Abierta;Recibido;Enviado;ARS;72000.0;0.0;0.0;72000.0;;;;;;;;;;Loberia;;Buenos Aires;Argentina;Punto de retiro;Mercado Pago;;;;16/02/2026;20/02/2026;"Túnica Natasha ""Ultimas unidades"" (M)";72000;1;;Móvil;;;;Sí;;;;;
6912;cliente_0185@ejemplo.com;16/02/2026 17:07:36;Abierta;Recibido;Enviado;ARS;79000.0;0.0;0.0;79000.0;;;;;;;;;;Cordoba ;;Córdoba;Argentina;Punto de retiro;Mercado Pago;;;;16/02/2026;20/02/2026;Overall Mara (XL);79000;1;;Móvil;;;;Sí;;;;;
6911;cliente_0113@ejemplo.com;16/02/2026 13:35:50;Abierta;Recibido;Enviado;ARS;85000.0;0.0;0.0;85000.0;;;;;;;;;;Lomas de Zamora;;Gran Buenos Aires;Argentina;Punto de retiro;Mercado Pago;;;;16/02/2026;20/02/2026;Overall Carola (L);85000;1;;Móvil;;;;Sí;;;;;
6910;cliente_0186@ejemplo.com;16/02/2026 12:17:48;Abierta;Recibido;Enviado;ARS;85000.0;0.0;0.0;85000.0;;;;;;;;;;Rosario;;Santa Fe;Argentina;Punto de retiro;Mercado Pago;;;;16/02/2026;20/02/2026;Vestido Nubia (L);85000;1;;Móvil;;;;Sí;;;;;
6909;cliente_0187@ejemplo.com;16/02/2026 09:38:10;Abierta;Recibido;Enviado;ARS;62000.0;0.0;0.0;62000.0;;;;;;;;;;Rafael castillo ;;Gran Buenos Aires;Argentina;Correo Argentino Clasico - Envio a domicilio;Mercado Pago;;;;16/02/2026;20/02/2026;Vestido Magda (M);62000;1;;Móvil;;;;Sí;;;;;
6908;cliente_0188@ejemplo.com;15/02/2026 20:43:11;Abierta;Recibido;Enviado;ARS;138000.0;0.0;0.0;138000.0;;;;;;;;;;Parana ;;Entre Ríos;Argentina;Correo Argentino Clasico - Envio a domicilio;Mercado Pago;;;;15/02/2026;20/02/2026;"Vestido Jackie ""Ultimas unidades"" (M)";68000;1;1770;Móvil;;;;Sí;;;;;
6908;cliente_0188@ejemplo.com;;;;;;;;;;;;;;;;;;;;;;;;;;;;;;"Vestido Fini ""Ultimas unidades"" (M)";70000;1;1761;;;;;Sí;;;;;
6907;cliente_0189@ejemplo.com;15/02/2026 17:54:01;Abierta;Recibido;Enviado;ARS;214000.0;0.0;0.0;214000.0;;;;;;;;;;Caleta olivia;;Santa Cruz;Argentina;Correo Argentino Clasico - Envio a domicilio;Mercado Pago;;;;15/02/2026;20/02/2026;Vestido Amira (M);75000;1;1736;Móvil;;;;Sí;;;;;
6907;cliente_0189@ejemplo.com;;;;;;;;;;;;;;;;;;;;;;;;;;;;;;Vestido Catalina (M);69000;1;1751;;;;;Sí;;;;;
6907;cliente_0189@ejemplo.com;;;;;;;;;;;;;;;;;;;;;;;;;;;;;;"Vestido Fini ""Ultimas unidades"" (M)";70000;1;1761;;;;;Sí;;;;;
6906;cliente_0190@ejemplo.com;15/02/2026 16:55:24;Abierta;Recibido;Enviado;ARS;142000.0;0.0;0.0;142000.0;;;;;;;;;;No informado;;Gran Buenos Aires;Argentina;Punto de retiro;Mercado Pago;;;;15/02/2026;20/02/2026;Vestido Salma (S);80000;1;1789;Móvil;;;;Sí;;;;;
6906;cliente_0190@ejemplo.com;;;;;;;;;;;;;;;;;;;;;;;;;;;;;;Vestido Magda (S);62000;1;;;;;;Sí;;;;;
6905;cliente_0191@ejemplo.com;15/02/2026 14:48:15;Abierta;Recibido;Enviado;ARS;126500.0;0.0;0.0;126500.0;;;;;;;;;;Reconquista ;;Santa Fe;Argentina;Correo Argentino Clasico - Envio a domicilio;Mercado Pago;;;;15/02/2026;20/02/2026;Vestido kalifa (S);126500;1;;Móvil;;;;Sí;;;;;
6903;cliente_0192@ejemplo.com;15/02/2026 09:11:12;Abierta;Recibido;Enviado;ARS;239900.0;0.0;0.0;239900.0;;;;;;;;;;Capital Federal;;Capital Federal;Argentina;Correo Argentino Clasico - Envio a domicilio;Mercado Pago;;;;15/02/2026;20/02/2026;Vestido Iman (M);154900;1;;Móvil;;;;Sí;;;;;
6903;cliente_0192@ejemplo.com;;;;;;;;;;;;;;;;;;;;;;;;;;;;;;Vestido Nubia (M);85000;1;;;;;;Sí;;;;;
6902;cliente_0193@ejemplo.com;14/02/2026 20:50:59;Abierta;Recibido;Enviado;ARS;62000.0;0.0;0.0;62000.0;;;;;;;;;;Lanus;;Gran Buenos Aires;Argentina;Punto de retiro;Mercado Pago;;;;14/02/2026;20/02/2026;Vestido Magda (S);62000;1;;Móvil;;;;Sí;;;;;
6901;cliente_0194@ejemplo.com;14/02/2026 16:24:14;Abierta;Recibido;Enviado;ARS;207000.0;0.0;0.0;207000.0;;;;;;;;;;San Martín.;;Mendoza;Argentina;Correo Argentino Clasico - Envio a domicilio;Mercado Pago;;;;14/02/2026;20/02/2026;Vestido Fara (XL);69000;1;1771;Móvil;;;;Sí;;;;;
6901;cliente_0194@ejemplo.com;;;;;;;;;;;;;;;;;;;;;;;;;;;;;;Vestido Catalina (XL);69000;1;1751;;;;;Sí;;;;;
6901;cliente_0194@ejemplo.com;;;;;;;;;;;;;;;;;;;;;;;;;;;;;;Vestido Rachel (XL);69000;1;;;;;;Sí;;;;;
6900;cliente_0195@ejemplo.com;14/02/2026 11:55:32;Abierta;Recibido;Enviado;ARS;50000.0;0.0;0.0;50000.0;;;;;;;;;;Bs as;;Gran Buenos Aires;Argentina;Correo Argentino Clasico - Envio a domicilio;Mercado Pago;;;;14/02/2026;20/02/2026;Jean Blake (38, AZUL OSCURO);50000;1;;Móvil;;;;Sí;;;;;
6899;cliente_0196@ejemplo.com;14/02/2026 11:35:57;Abierta;Recibido;Enviado;ARS;154900.0;0.0;0.0;154900.0;;;;;;;;;;Arturo Seguí;;Buenos Aires;Argentina;Correo Argentino Clasico - Envio a domicilio;Mercado Pago;;;;14/02/2026;20/02/2026;Vestido Iman (M);154900;1;;Móvil;;;;Sí;;;;;
6898;cliente_0197@ejemplo.com;14/02/2026 02:39:44;Abierta;Recibido;Enviado;ARS;85000.0;0.0;0.0;85000.0;;;;;;;;;;Aguilares;;Tucumán;Argentina;Correo Argentino Clasico - Envio a domicilio;Mercado Pago;;;;14/02/2026;20/02/2026;Vestido Nubia (L);85000;1;;Móvil;;;;Sí;;;;;
6897;cliente_0198@ejemplo.com;13/02/2026 20:25:07;Abierta;Recibido;Enviado;ARS;57000.0;0.0;0.0;57000.0;;;;;;;;;;Mendoza;;Mendoza;Argentina;Correo Argentino Clasico - Envio a domicilio;Mercado Pago;;;;13/02/2026;20/02/2026;Vestido Azucena (L);57000;1;1786;Móvil;;;;Sí;;;;;
6896;cliente_0199@ejemplo.com;13/02/2026 19:24:26;Abierta;Recibido;Enviado;ARS;80000.0;0.0;0.0;80000.0;;;;;;;;;;Paraná;;Entre Ríos;Argentina;Correo Argentino Clasico - Envio a domicilio;Mercado Pago;;;;13/02/2026;20/02/2026;Vestido Salma (XL);80000;1;1789;Móvil;;;;Sí;;;;;
6895;cliente_0200@ejemplo.com;13/02/2026 09:43:16;Abierta;Recibido;Enviado;ARS;170000.0;0.0;22674.0;192674.0;;;;;;;;;;Santiago del estero ;;Santiago del Estero;Argentina;Punto de retiro;Mercado Pago;;;;13/02/2026;24/02/2026;Overall Milo (XL);85000;1;;Móvil;;;;Sí;;;;;
6895;cliente_0200@ejemplo.com;;;;;;;;;;;;;;;;;;;;;;;;;;;;;;Overall Carola (L);85000;1;;;;;;Sí;;;;;
6894;cliente_0201@ejemplo.com;13/02/2026 08:35:58;Abierta;Recibido;Enviado;ARS;126500.0;0.0;9161.0;135661.0;;;;;;;;;;Capital Federal;;Capital Federal;Argentina;Correo Argentino Clasico - Envio a domicilio;Mercado Pago;;;;13/02/2026;13/02/2026;Vestido kalifa (L);126500;1;;Móvil;;;;Sí;;;;;
6893;cliente_0202@ejemplo.com;13/02/2026 03:15:43;Abierta;Recibido;Enviado;ARS;154900.0;0.0;10000.0;164900.0;;;;;;;;;;Capital Federal;;Capital Federal;Argentina;MOTO ENVIO;Mercado Pago;;;;13/02/2026;13/02/2026;Vestido Iman (L);154900;1;;Móvil;;;;Sí;;;;;
6892;cliente_0142@ejemplo.com;12/02/2026 14:11:44;Abierta;Recibido;Enviado;ARS;83000.0;0.0;6165.0;89165.0;;;;;;;;;;Moron;;Gran Buenos Aires;Argentina;Punto de retiro;Mercado Pago;;;;12/02/2026;13/02/2026;"Overall Adam ""Ultimas unidades"" (M)";83000;1;;Móvil;;;;Sí;;;;;
6890;cliente_0203@ejemplo.com;12/02/2026 01:07:29;Abierta;Recibido;Enviado;ARS;296000.0;0.0;0.0;296000.0;;;;;;;;;;Ezeiza;;Gran Buenos Aires;Argentina;Correo Argentino Clasico - Envio a domicilio;Mercado Pago;;;;12/02/2026;12/02/2026;"Vestido Jackie ""Ultimas unidades"" (M)";68000;1;1770;Móvil;;;;Sí;;;;;
6890;cliente_0203@ejemplo.com;;;;;;;;;;;;;;;;;;;;;;;;;;;;;;Vestido Rachel (M);69000;1;;;;;;Sí;;;;;
6890;cliente_0203@ejemplo.com;;;;;;;;;;;;;;;;;;;;;;;;;;;;;;Catsuit Olimpea (S);74000;1;1728;;;;;Sí;;;;;
6890;cliente_0203@ejemplo.com;;;;;;;;;;;;;;;;;;;;;;;;;;;;;;Overall Makena (Azul, M);85000;1;;;;;;Sí;;;;;
6889;cliente_0204@ejemplo.com;11/02/2026 18:37:55;Abierta;Recibido;Enviado;ARS;80000.0;0.0;12698.0;92698.0;;;;;;;;;;Lanus oeste;;Gran Buenos Aires;Argentina;Correo Argentino Clasico - Envio a domicilio;Mercado Pago;;;;11/02/2026;12/02/2026;Vestido Salma (S);80000;1;1789;Móvil;;;;Sí;;;;;
6888;cliente_0205@ejemplo.com;11/02/2026 15:25:19;Abierta;Recibido;Enviado;ARS;69000.0;0.0;9161.0;78161.0;;;;;;;;;;Capital Federal;;Capital Federal;Argentina;Correo Argentino Clasico - Envio a domicilio;Mercado Pago;;;;11/02/2026;12/02/2026;Vestido Fara (L);69000;1;1771;Móvil;;;;Sí;;;;;
6887;cliente_0206@ejemplo.com;11/02/2026 14:42:15;Abierta;Recibido;Enviado;ARS;55250.0;0.0;6165.0;61415.0;;;;;;;;;;Almirante Brown;;Gran Buenos Aires;Argentina;Punto de retiro;Mercado Pago;;;;11/02/2026;12/02/2026;"Jeans Arlet ""Ultimas unidades"" (40)";55250;1;1762;Móvil;;;;Sí;;;;;
6886;cliente_0207@ejemplo.com;10/02/2026 15:12:26;Abierta;Recibido;Enviado;ARS;69000.0;0.0;14987.0;83987.0;;;;;;;;;;Resistencia;;Chaco;Argentina;Punto de retiro;Mercado Pago;;;;10/02/2026;12/02/2026;Vestido Rachel (XL);69000;1;;Móvil;;;;Sí;;;;;
6883;cliente_0138@ejemplo.com;09/02/2026 22:29:32;Abierta;Recibido;Enviado;ARS;94000.0;0.0;11353.0;105353.0;;;;;;;;;;Neuquen ;;Neuquén;Argentina;Correo Argentino Clasico - Envio a domicilio;Mercado Pago;;;;09/02/2026;11/02/2026;"Vestido Madison ""Ultimas unidades"" (M)";94000;1;;Móvil;;;;Sí;;;;;
6882;cliente_0208@ejemplo.com;09/02/2026 20:16:47;Abierta;Recibido;Enviado;ARS;69000.0;0.0;19143.0;88143.0;;;;;;;;;;Yerba Buena;;Tucumán;Argentina;Correo Argentino Expreso - Envio a domicilio;Mercado Pago;;;;09/02/2026;11/02/2026;Vestido Fara (L);69000;1;1771;Móvil;;;;Sí;;;;;
6880;cliente_0209@ejemplo.com;09/02/2026 15:45:53;Abierta;Recibido;Enviado;ARS;75000.0;0.0;11353.0;86353.0;;;;;;;;;;Chilecito ;;La Rioja;Argentina;Correo Argentino Clasico - Envio a domicilio;Mercado Pago;;;;09/02/2026;11/02/2026;Vestido Amira (M);75000;1;1736;Móvil;;;;Sí;;;;;
6879;cliente_0210@ejemplo.com;09/02/2026 14:50:33;Abierta;Recibido;Enviado;ARS;94000.0;0.0;7689.0;101689.0;;;;;;;;;;Capital;;Misiones;Argentina;Punto de retiro;Mercado Pago;;;;09/02/2026;11/02/2026;"Vestido Madison ""Ultimas unidades"" (M)";94000;1;;Web;;;;Sí;;;;;
6878;cliente_0211@ejemplo.com;09/02/2026 14:31:00;Abierta;Recibido;Enviado;ARS;75000.0;0.0;9161.0;84161.0;;;;;;;;;;Tres de Febrero;;Gran Buenos Aires;Argentina;Correo Argentino Clasico - Envio a domicilio;Mercado Pago;;;;09/02/2026;11/02/2026;Vestido Amira (M);75000;1;1736;Móvil;;;;Sí;;;;;
6877;cliente_0212@ejemplo.com;08/02/2026 22:18:57;Abierta;Recibido;Enviado;ARS;85000.0;0.0;11422.0;96422.0;;;;;;;;;;Salta capital;;Salta;Argentina;Correo Argentino Clasico - Envio a domicilio;Mercado Pago;;;;08/02/2026;09/02/2026;Overall Makena (Azul, L);85000;1;;Móvil;;;;Sí;;;;;
6876;cliente_0080@ejemplo.com;08/02/2026 21:02:24;Abierta;Recibido;Enviado;ARS;191000.0;0.0;10841.0;201841.0;;;;;;;;;;Mar del plata;;Buenos Aires;Argentina;Correo Argentino Clasico - Envio a domicilio;Mercado Pago;;;;08/02/2026;09/02/2026;Vestido Sakar (XL);119000;1;;Móvil;;;;Sí;;;;;
6876;cliente_0080@ejemplo.com;;;;;;;;;;;;;;;;;;;;;;;;;;;;;;"Túnica Natasha ""Ultimas unidades"" (M)";72000;1;;;;;;Sí;;;;;
6875;cliente_0053@ejemplo.com;08/02/2026 17:13:21;Abierta;Recibido;Enviado;ARS;239900.0;0.0;8627.0;248527.0;;;;;;;;;;Capital;;San Juan;Argentina;Punto de retiro;Mercado Pago;;;;08/02/2026;10/02/2026;Vestido Iman (S);154900;1;;Web;;;;Sí;;;;;
6875;cliente_0053@ejemplo.com;;;;;;;;;;;;;;;;;;;;;;;;;;;;;;Vestido Nubia (L);85000;1;;;;;;Sí;;;;;
6874;cliente_0213@ejemplo.com;08/02/2026 12:43:40;Abierta;Recibido;Enviado;ARS;130000.0;0.0;6165.0;136165.0;;;;;;;;;;Capital Federal;;Capital Federal;Argentina;Punto de retiro;Mercado Pago;;;;08/02/2026;09/02/2026;Campera Alsira (XL);130000;1;;Web;;;;Sí;;;;;
6873;cliente_0214@ejemplo.com;08/02/2026 12:25:47;Abierta;Recibido;Enviado;ARS;593500.0;0.0;27251.01;620751.01;;;;;;;;;;Capital;;Salta;Argentina;Punto de retiro;Mercado Pago;;;;08/02/2026;09/02/2026;Vestido kalifa (S);126500;1;;Móvil;;;;Sí;;;;;
6873;cliente_0214@ejemplo.com;;;;;;;;;;;;;;;;;;;;;;;;;;;;;;Vestido Catalina (M);69000;1;1751;;;;;Sí;;;;;
6873;cliente_0214@ejemplo.com;;;;;;;;;;;;;;;;;;;;;;;;;;;;;;Catsuit Dubai (S);149000;1;;;;;;Sí;;;;;
6873;cliente_0214@ejemplo.com;;;;;;;;;;;;;;;;;;;;;;;;;;;;;;Catsuit Nadira (S);85000;1;;;;;;Sí;;;;;
6873;cliente_0214@ejemplo.com;;;;;;;;;;;;;;;;;;;;;;;;;;;;;;"Catsuit Máxima ""Ultimas unidades"" (S)";85000;1;;;;;;Sí;;;;;
6873;cliente_0214@ejemplo.com;;;;;;;;;;;;;;;;;;;;;;;;;;;;;;Overall Mara (S);79000;1;;;;;;Sí;;;;;
6871;cliente_0215@ejemplo.com;08/02/2026 10:33:24;Abierta;Recibido;Enviado;ARS;229900.0;0.0;19708.0;249608.0;;;;;;;;;;Tucuman;;Tucumán;Argentina;Correo Argentino Expreso - Envio a domicilio;Mercado Pago;;;;08/02/2026;09/02/2026;Vestido Iman (L);154900;1;;Móvil;;;;Sí;;;;;
6871;cliente_0215@ejemplo.com;;;;;;;;;;;;;;;;;;;;;;;;;;;;;;Vestido Amira (L);75000;1;1736;;;;;Sí;;;;;
6870;cliente_0216@ejemplo.com;07/02/2026 23:24:50;Abierta;Recibido;Enviado;ARS;85000.0;0.0;16202.0;101202.0;;;;;;;;;;San Nicolás de los Arroyos ;;Buenos Aires;Argentina;Correo Argentino Clasico - Envio a domicilio;Mercado Pago;;;;07/02/2026;09/02/2026;Overall Carola (L);85000;1;;Móvil;;;;Sí;;;;;
6869;cliente_0217@ejemplo.com;07/02/2026 17:11:05;Abierta;Recibido;Enviado;ARS;78000.0;0.0;11422.0;89422.0;;;;;;;;;;Capital;;Salta;Argentina;Correo Argentino Clasico - Envio a domicilio;Mercado Pago;;;;07/02/2026;09/02/2026;Vestido Amira (XL);78000;1;1736;Móvil;;;;Sí;;;;;
6868;cliente_0218@ejemplo.com;07/02/2026 16:58:32;Abierta;Recibido;Enviado;ARS;69000.0;0.0;9161.0;78161.0;;;;;;;;;;Vicente López;;Gran Buenos Aires;Argentina;Correo Argentino Clasico - Envio a domicilio;Mercado Pago;;;;07/02/2026;09/02/2026;Vestido Fara (XL);69000;1;1771;Móvil;;;;Sí;;;;;
6867;cliente_0219@ejemplo.com;07/02/2026 15:17:18;Abierta;Recibido;Enviado;ARS;99000.0;0.0;9879.0;108879.0;;;;;;;;;;Quilmes ;;Gran Buenos Aires;Argentina;Correo Argentino Expreso - Envio a domicilio;Mercado Pago;;;;07/02/2026;09/02/2026;Vestido Mery (XL);99000;1;;Móvil;;;;Sí;;;;;
6866;cliente_0220@ejemplo.com;07/02/2026 09:20:01;Abierta;Recibido;Enviado;ARS;151000.0;0.0;14157.0;165157.0;;;;;;;;;;Rosario;;Santa Fe;Argentina;Correo Argentino Expreso - Envio a domicilio;Mercado Pago;;;;07/02/2026;09/02/2026;"Overall Adam ""Ultimas unidades"" (M)";83000;1;;Web;;;;Sí;;;;;
6866;cliente_0220@ejemplo.com;;;;;;;;;;;;;;;;;;;;;;;;;;;;;;"Vestido Jackie ""Ultimas unidades"" (M)";68000;1;1770;;;;;Sí;;;;;
6865;cliente_0221@ejemplo.com;07/02/2026 08:21:01;Abierta;Recibido;Enviado;ARS;99000.0;0.0;10586.99;109586.99;;;;;;;;;;Montes de oca;;Santa Fe;Argentina;Correo Argentino Clasico - Envio a domicilio;Mercado Pago;;;;07/02/2026;09/02/2026;Vestido Mery (L);99000;1;;Móvil;;;;Sí;;;;;
6864;cliente_0222@ejemplo.com;07/02/2026 08:14:41;Abierta;Recibido;Enviado;ARS;69000.0;0.0;6165.0;75165.0;;;;;;;;;;Florencio Varela;;Gran Buenos Aires;Argentina;Punto de retiro;Mercado Pago;;;;07/02/2026;09/02/2026;Vestido Catalina (XL);69000;1;1751;Móvil;;;;Sí;;;;;
6863;cliente_0223@ejemplo.com;06/02/2026 20:07:51;Abierta;Recibido;Enviado;ARS;70000.0;0.0;0.0;70000.0;;;;;;;;;;Bariloche;;Rio Negro;Argentina;Punto de retiro;Mercado Pago;ENVIO_FREE;;;06/02/2026;09/02/2026;"Vestido Fini ""Ultimas unidades"" (M)";70000;1;1761;Móvil;;;;Sí;;;;;
6861;cliente_0140@ejemplo.com;06/02/2026 18:37:27;Abierta;Recibido;Enviado;ARS;149500.0;0.0;11422.0;160922.0;;;;;;;;;;Aguaray;;Salta;Argentina;Correo Argentino Clasico - Envio a domicilio;Mercado Pago;;;;06/02/2026;09/02/2026;Catsuit Dubai (XL);149500;1;;Móvil;;;;Sí;;;;;
6860;cliente_0224@ejemplo.com;06/02/2026 18:01:38;Abierta;Recibido;Enviado;ARS;126500.0;0.0;10586.99;137086.99;;;;;;;;;;Tandil;;Buenos Aires;Argentina;Correo Argentino Clasico - Envio a domicilio;Mercado Pago;;;;06/02/2026;09/02/2026;Vestido kalifa (L);126500;1;;Móvil;;;;Sí;;;;;
6859;cliente_0225@ejemplo.com;06/02/2026 16:23:22;Abierta;Recibido;Enviado;ARS;68000.0;0.0;10586.99;78586.99;;;;;;;;;;Rosario;;Santa Fe;Argentina;Correo Argentino Clasico - Envio a domicilio;Mercado Pago;;;;06/02/2026;09/02/2026;"Vestido Jackie ""Ultimas unidades"" (L)";68000;1;1770;Web;;;;Sí;;;;;
6858;cliente_0226@ejemplo.com;06/02/2026 12:50:06;Abierta;Recibido;Enviado;ARS;148000.0;0.0;10841.0;158841.0;;;;;;;;;;Villa allende ;;Córdoba;Argentina;Correo Argentino Clasico - Envio a domicilio;Mercado Pago;;;;06/02/2026;09/02/2026;Overall Mara (S);79000;1;;Móvil;;;;Sí;;;;;
6858;cliente_0226@ejemplo.com;;;;;;;;;;;;;;;;;;;;;;;;;;;;;;Vestido Fara (S);69000;1;1771;;;;;Sí;;;;;
6857;cliente_0227@ejemplo.com;06/02/2026 10:01:11;Abierta;Recibido;Enviado;ARS;85000.0;0.0;7689.0;92689.0;;;;;;;;;;Resistencia;;Chaco;Argentina;Punto de retiro;Mercado Pago;;;;06/02/2026;09/02/2026;Overall Makena (Azul, XL);85000;1;;Web;;;;Sí;;;;;
6856;cliente_0138@ejemplo.com;05/02/2026 22:36:19;Abierta;Recibido;Enviado;ARS;70000.0;0.0;11353.0;81353.0;;;;;;;;;;Neuquen ;;Neuquén;Argentina;Correo Argentino Clasico - Envio a domicilio;Mercado Pago;;;;05/02/2026;06/02/2026;"Vestido Fini ""Ultimas unidades"" (M)";70000;1;1761;Móvil;;;;Sí;;;;;
6855;cliente_0228@ejemplo.com;05/02/2026 20:22:55;Abierta;Recibido;Enviado;ARS;68000.0;0.0;10586.99;78586.99;;;;;;;;;;Olavarria;;Buenos Aires;Argentina;Correo Argentino Clasico - Envio a domicilio;Mercado Pago;;;;05/02/2026;06/02/2026;"Vestido Jackie ""Ultimas unidades"" (M)";68000;1;1770;Móvil;;;;Sí;;;;;
6854;cliente_0182@ejemplo.com;05/02/2026 18:15:23;Abierta;Recibido;Enviado;ARS;172000.0;0.0;8082.0;180082.0;;;;;;;;;;Punilla;;Córdoba;Argentina;Punto de retiro;Mercado Pago;;;;05/02/2026;06/02/2026;Jean Karim (46);73000;1;;Móvil;;;;Sí;;;;;
6854;cliente_0182@ejemplo.com;;;;;;;;;;;;;;;;;;;;;;;;;;;;;;Chaleco Alindra (M);99000;1;;;;;;Sí;;;;;
6853;cliente_0200@ejemplo.com;05/02/2026 17:37:06;Abierta;Recibido;Enviado;ARS;232000.0;0.0;9631.0;241631.0;;;;;;;;;;Santiago del estero ;;Santiago del Estero;Argentina;Punto de retiro;Mercado Pago;;;;05/02/2026;06/02/2026;Vestido Amira (L);78000;1;1736;Móvil;;;;Sí;;;;;
6853;cliente_0200@ejemplo.com;;;;;;;;;;;;;;;;;;;;;;;;;;;;;;Overall Makena (Azul, L);85000;1;;;;;;Sí;;;;;
6853;cliente_0200@ejemplo.com;;;;;;;;;;;;;;;;;;;;;;;;;;;;;;Vestido Fara (XL);69000;1;1771;;;;;Sí;;;;;
6852;cliente_0113@ejemplo.com;05/02/2026 13:22:16;Abierta;Recibido;Enviado;ARS;126500.0;0.0;6165.0;132665.0;;;;;;;;;;Lomas de Zamora;;Gran Buenos Aires;Argentina;Punto de retiro;Mercado Pago;;;;05/02/2026;06/02/2026;Vestido kalifa (L);126500;1;;Móvil;;;;Sí;;;;;
6851;cliente_0229@ejemplo.com;05/02/2026 12:46:32;Abierta;Recibido;Enviado;ARS;73000.0;0.0;7689.0;80689.0;;;;;;;;;;Chilecito;;La Rioja;Argentina;Punto de retiro;Mercado Pago;;;;05/02/2026;06/02/2026;Jean Karim (46);73000;1;;Móvil;;;;Sí;;;;;
6850;cliente_0230@ejemplo.com;05/02/2026 10:15:01;Abierta;Recibido;Enviado;ARS;112000.0;0.0;10841.0;122841.0;;;;;;;;;;Arroyo Seco ;;Santa Fe;Argentina;Correo Argentino Clasico - Envio a domicilio;Mercado Pago;;;;05/02/2026;05/02/2026;Vestido Azucena (L);57000;1;1786;Móvil;;;;Sí;;;;;
6850;cliente_0230@ejemplo.com;;;;;;;;;;;;;;;;;;;;;;;;;;;;;;Jean Beca (L);55000;1;;;;;;Sí;;;;;
6848;cliente_0231@ejemplo.com;04/02/2026 13:28:56;Abierta;Recibido;Enviado;ARS;161000.0;0.0;8082.0;169082.0;;;;;;;;;;Santa Fe;;Santa Fe;Argentina;Punto de retiro;Mercado Pago;;;;04/02/2026;05/02/2026;Vestido Amira (M);78000;1;1736;Móvil;;;;Sí;;;;;
6848;cliente_0231@ejemplo.com;;;;;;;;;;;;;;;;;;;;;;;;;;;;;;"Overall Adam ""Ultimas unidades"" (M)";83000;1;;;;;;Sí;;;;;
6847;cliente_0232@ejemplo.com;03/02/2026 10:39:49;Abierta;Recibido;Enviado;ARS;215000.0;0.0;9631.0;224631.0;;;;;;;;;;Ituzaingo;;Corrientes;Argentina;Punto de retiro;Mercado Pago;;;;03/02/2026;04/02/2026;Vestido Fara (L);69000;1;1771;Móvil;;;;Sí;;;;;
6847;cliente_0232@ejemplo.com;;;;;;;;;;;;;;;;;;;;;;;;;;;;;;Vestido Amira (L);78000;1;1736;;;;;Sí;;;;;
6847;cliente_0232@ejemplo.com;;;;;;;;;;;;;;;;;;;;;;;;;;;;;;"Vestido Jackie ""Ultimas unidades"" (L)";68000;1;1770;;;;;Sí;;;;;
6845;cliente_0085@ejemplo.com;02/02/2026 17:44:03;Abierta;Recibido;Enviado;ARS;126500.0;0.0;6165.0;132665.0;;;;;;;;;;Almirante Brown;;Gran Buenos Aires;Argentina;Punto de retiro;Mercado Pago;;;;02/02/2026;04/02/2026;Vestido kalifa (L);126500;1;;Móvil;;;;Sí;;;;;
6843;cliente_0233@ejemplo.com;02/02/2026 10:39:48;Abierta;Recibido;Enviado;ARS;87000.0;0.0;0.0;87000.0;;;;;;;;;;La Matanza;;Gran Buenos Aires;Argentina;Correo Argentino Clasico - Envio a domicilio;Mercado Pago;;;;02/02/2026;03/02/2026;Vestido Nubia (XL);87000;1;;Móvil;;;;Sí;;;;;
6842;cliente_0234@ejemplo.com;01/02/2026 21:34:01;Abierta;Recibido;Enviado;ARS;55000.0;0.0;0.0;55000.0;;;;;;;;;;Villa Elisa;;Buenos Aires;Argentina;Punto de retiro;Mercado Pago;;;;01/02/2026;03/02/2026;Jean Beca (XL);55000;1;;Móvil;;;;Sí;;;;;
6841;cliente_0235@ejemplo.com;01/02/2026 21:26:31;Abierta;Recibido;Enviado;ARS;157000.0;0.0;0.0;157000.0;;;;;;;;;;La Rioja;;La Rioja;Argentina;Correo Argentino Clasico - Envio a domicilio;Mercado Pago;;;;01/02/2026;03/02/2026;"Túnica Natasha ""Ultimas unidades"" (S)";72000;1;;Móvil;;;;Sí;;;;;
6841;cliente_0235@ejemplo.com;;;;;;;;;;;;;;;;;;;;;;;;;;;;;;"Vestido Nadila ""Ultimas unidades"" (M)";85000;1;;;;;;Sí;;;;;
6840;cliente_0236@ejemplo.com;01/02/2026 21:03:28;Abierta;Recibido;Enviado;ARS;120000.0;0.0;0.0;120000.0;;;;;;;;;;Plaza Huincul;;Neuquén;Argentina;Correo Argentino Clasico - Envio a domicilio;Mercado Pago;;;;01/02/2026;03/02/2026;Vestido Amira (L);78000;1;1736;Móvil;;;;Sí;;;;;
6840;cliente_0236@ejemplo.com;;;;;;;;;;;;;;;;;;;;;;;;;;;;;;Jeans Calix (42);42000;1;1747;;;;;Sí;;;;;
6839;cliente_0237@ejemplo.com;01/02/2026 20:25:14;Abierta;Recibido;Enviado;ARS;147000.0;0.0;0.0;147000.0;;;;;;;;;;Capital Federal;;Capital Federal;Argentina;Correo Argentino Clasico - Envio a domicilio;Mercado Pago;;;;01/02/2026;03/02/2026;Vestido Amira (XL);78000;1;1736;Móvil;;;;Sí;;;;;
6839;cliente_0237@ejemplo.com;;;;;;;;;;;;;;;;;;;;;;;;;;;;;;Vestido Rachel (XL);69000;1;;;;;;Sí;;;;;
6838;cliente_0238@ejemplo.com;01/02/2026 18:58:12;Abierta;Recibido;Enviado;ARS;142000.0;0.0;0.0;142000.0;;;;;;;;;;La Plata;;Buenos Aires;Argentina;Correo Argentino Clasico - Envio a domicilio;Mercado Pago;;;;01/02/2026;03/02/2026;Jean Karim (46);73000;1;;Móvil;;;;Sí;;;;;
6838;cliente_0238@ejemplo.com;;;;;;;;;;;;;;;;;;;;;;;;;;;;;;Chaleco Farid (XL);69000;1;;;;;;Sí;;;;;
6837;cliente_0239@ejemplo.com;01/02/2026 14:46:26;Abierta;Recibido;Enviado;ARS;55000.0;0.0;0.0;55000.0;;;;;;;;;;Capital Federal;;Capital Federal;Argentina;Correo Argentino Clasico - Envio a domicilio;Mercado Pago;;;;01/02/2026;03/02/2026;Jean Beca (M);55000;1;;Móvil;;;;Sí;;;;;
6836;cliente_0240@ejemplo.com;01/02/2026 07:15:26;Abierta;Recibido;Enviado;ARS;155000.0;0.0;0.0;155000.0;;;;;;;;;;Campana;;Buenos Aires;Argentina;Correo Argentino Clasico - Envio a domicilio;Mercado Pago;;;;01/02/2026;03/02/2026;Vestido Salma (S);85000;1;1789;Móvil;;;;Sí;;;;;
6836;cliente_0240@ejemplo.com;;;;;;;;;;;;;;;;;;;;;;;;;;;;;;Jean Bahur (36);70000;1;;;;;;Sí;;;;;
6834;cliente_0241@ejemplo.com;31/01/2026 22:11:21;Abierta;Recibido;Enviado;ARS;70000.0;0.0;0.0;70000.0;;;;;;;;;;Formosa;;Formosa;Argentina;Correo Argentino Clasico - Envio a domicilio;Mercado Pago;;;;31/01/2026;03/02/2026;Jean Bahur (38);70000;1;;Móvil;;;;Sí;;;;;
6833;cliente_0242@ejemplo.com;31/01/2026 19:44:44;Abierta;Recibido;Enviado;ARS;69000.0;0.0;0.0;69000.0;;;;;;;;;;Buenos aires;;Gran Buenos Aires;Argentina;Correo Argentino Clasico - Envio a domicilio;Mercado Pago;;;;31/01/2026;03/02/2026;Vestido Fara (XL);69000;1;1771;Móvil;;;;Sí;;;;;
6832;cliente_0243@ejemplo.com;31/01/2026 16:54:05;Abierta;Recibido;Enviado;ARS;42000.0;0.0;0.0;42000.0;;;;;;;;;;Escobar;;Gran Buenos Aires;Argentina;Correo Argentino Clasico - Envio a domicilio;Mercado Pago;;;;31/01/2026;03/02/2026;Jeans Calix (44);42000;1;1747;Móvil;;;;Sí;;;;;
6831;cliente_0044@ejemplo.com;31/01/2026 03:47:53;Abierta;Recibido;Enviado;ARS;45000.0;0.0;0.0;45000.0;;;;;;;;;;Bigand;;Santa Fe;Argentina;Correo Argentino Clasico - Envio a domicilio;Mercado Pago;;;;31/01/2026;20/02/2026;Jeans Richi (40, Celeste);45000;1;;Móvil;;;;Sí;;;;;
6830;cliente_0244@ejemplo.com;30/01/2026 20:30:49;Abierta;Recibido;Enviado;ARS;83000.0;0.0;0.0;83000.0;;;;;;;;;;Claypole;;Gran Buenos Aires;Argentina;Punto de retiro;Mercado Pago;;;;30/01/2026;03/02/2026;"Overall Adam ""Ultimas unidades"" (L)";83000;1;;Móvil;;;;Sí;;;;;
6829;cliente_0245@ejemplo.com;30/01/2026 17:35:57;Abierta;Recibido;Enviado;ARS;227900.0;0.0;0.0;227900.0;;;;;;;;;;General San Martin;;Córdoba;Argentina;Correo Argentino Clasico - Envio a domicilio;Mercado Pago;;;;30/01/2026;03/02/2026;Jean Karim (44);73000;1;;Móvil;;;;Sí;;;;;
6829;cliente_0245@ejemplo.com;;;;;;;;;;;;;;;;;;;;;;;;;;;;;;Vestido Iman (L);154900;1;;;;;;Sí;;;;;
6828;cliente_0246@ejemplo.com;30/01/2026 16:27:18;Abierta;Recibido;Enviado;ARS;163000.0;0.0;0.0;163000.0;;;;;;;;;;La Plata;;Buenos Aires;Argentina;Punto de retiro;Mercado Pago;;;;30/01/2026;03/02/2026;"Overall Adam ""Ultimas unidades"" (L)";83000;1;;Web;;;;Sí;;;;;
6828;cliente_0246@ejemplo.com;;;;;;;;;;;;;;;;;;;;;;;;;;;;;;Vestido Mora (L);80000;1;;;;;;Sí;;;;;
6827;cliente_0247@ejemplo.com;30/01/2026 13:36:19;Abierta;Recibido;Enviado;ARS;90000.0;0.0;0.0;90000.0;;;;;;;;;;Cordoba Capital;;Córdoba;Argentina;Correo Argentino Clasico - Envio a domicilio;Mercado Pago;;;;30/01/2026;03/02/2026;"Vestido Madison ""Ultimas unidades"" (M)";90000;1;;Móvil;;;;Sí;;;;;
6826;cliente_0248@ejemplo.com;30/01/2026 13:33:59;Abierta;Recibido;Enviado;ARS;70000.0;0.0;0.0;70000.0;;;;;;;;;;Capital Federal;;Capital Federal;Argentina;Correo Argentino Clasico - Envio a domicilio;Mercado Pago;;;;30/01/2026;03/02/2026;Jean Bahur (38);70000;1;;Móvil;;;;Sí;;;;;
6825;cliente_0247@ejemplo.com;30/01/2026 10:51:29;Abierta;Recibido;Enviado;ARS;335500.0;0.0;0.0;335500.0;;;;;;;;;;Cordoba Capital;;Córdoba;Argentina;Correo Argentino Clasico - Envio a domicilio;Mercado Pago;;;;30/01/2026;03/02/2026;Vestido Rachel (XL);69000;1;;Móvil;;;;Sí;;;;;
6825;cliente_0247@ejemplo.com;;;;;;;;;;;;;;;;;;;;;;;;;;;;;;Vestido kalifa (L);126500;1;;;;;;Sí;;;;;
6825;cliente_0247@ejemplo.com;;;;;;;;;;;;;;;;;;;;;;;;;;;;;;Jean Bahur (46);70000;2;;;;;;Sí;;;;;
6824;cliente_0249@ejemplo.com;30/01/2026 08:52:53;Abierta;Recibido;Enviado;ARS;102000.0;0.0;0.0;102000.0;;;;;;;;;;Avellaneda ;;Gran Buenos Aires;Argentina;Correo Argentino Clasico - Envio a domicilio;Mercado Pago;;;;30/01/2026;03/02/2026;Catsuits Jana (XL);102000;1;;Móvil;;;;Sí;;;;;
6823;cliente_0250@ejemplo.com;29/01/2026 14:50:54;Abierta;Recibido;Enviado;ARS;206000.0;0.0;0.0;206000.0;;;;;;;;;;San Fernando;;Chaco;Argentina;Punto de retiro;Mercado Pago;;;;29/01/2026;03/02/2026;Top Aisha (M);49000;1;;Móvil;;;;Sí;;;;;
6823;cliente_0250@ejemplo.com;;;;;;;;;;;;;;;;;;;;;;;;;;;;;;Jean Bahur (36);70000;1;;;;;;Sí;;;;;
6823;cliente_0250@ejemplo.com;;;;;;;;;;;;;;;;;;;;;;;;;;;;;;Vestido Nubia (XL);87000;1;;;;;;Sí;;;;;
6822;cliente_0251@ejemplo.com;29/01/2026 13:18:35;Abierta;Recibido;Enviado;ARS;85000.0;0.0;0.0;85000.0;;;;;;;;;;Córdoba ;;Córdoba;Argentina;Correo Argentino Clasico - Envio a domicilio;Mercado Pago;;;;29/01/2026;03/02/2026;"Vestido Nadila ""Ultimas unidades"" (M)";85000;1;;Móvil;;;;Sí;;;;;
6821;cliente_0252@ejemplo.com;29/01/2026 12:14:31;Abierta;Recibido;Enviado;ARS;85000.0;0.0;0.0;85000.0;;;;;;;;;;Rafael calzada ;;Gran Buenos Aires;Argentina;Punto de retiro;Mercado Pago;;;;29/01/2026;03/02/2026;Overall Milo (L);85000;1;;Móvil;;;;Sí;;;;;
6820;cliente_0253@ejemplo.com;29/01/2026 06:19:04;Abierta;Recibido;Enviado;ARS;182000.0;0.0;0.0;182000.0;;;;;;;;;;Oro verde Paraná entre ríos ;;Entre Ríos;Argentina;Correo Argentino Clasico - Envio a domicilio;Mercado Pago;;;;29/01/2026;03/02/2026;Vestido Mery (L);99000;1;;Móvil;;;;Sí;;;;;
6820;cliente_0253@ejemplo.com;;;;;;;;;;;;;;;;;;;;;;;;;;;;;;"Overall Adam ""Ultimas unidades"" (L)";83000;1;;;;;;Sí;;;;;
6819;cliente_0254@ejemplo.com;28/01/2026 21:13:35;Abierta;Recibido;Enviado;ARS;87000.0;0.0;0.0;87000.0;;;;;;;;;;Capital Federal;;Capital Federal;Argentina;Correo Argentino Clasico - Envio a domicilio;Mercado Pago;;;;28/01/2026;03/02/2026;Vestido Nubia (L);87000;1;;Móvil;;;;Sí;;;;;
6818;cliente_0255@ejemplo.com;28/01/2026 19:00:32;Abierta;Recibido;Enviado;ARS;119000.0;0.0;0.0;119000.0;;;;;;;;;;Tres de Febrero;;Gran Buenos Aires;Argentina;Punto de retiro;Mercado Pago;;;;28/01/2026;03/02/2026;Vestido Sakar (L);119000;1;;Móvil;;;;Sí;;;;;
6817;cliente_0256@ejemplo.com;28/01/2026 16:41:08;Abierta;Recibido;Enviado;ARS;80000.0;0.0;0.0;80000.0;;;;;;;;;;La cumbre cordoba argentina ;;Córdoba;Argentina;Correo Argentino Clasico - Envio a domicilio;Mercado Pago;;;;28/01/2026;03/02/2026;Vestido Mora (S);80000;1;;Móvil;;;;Sí;;;;;
6816;cliente_0257@ejemplo.com;28/01/2026 12:53:02;Abierta;Recibido;Enviado;ARS;90000.0;0.0;0.0;90000.0;;;;;;;;;;Villa Constitucion;;Santa Fe;Argentina;Correo Argentino Clasico - Envio a domicilio;Mercado Pago;;;;28/01/2026;03/02/2026;"Vestido Madison ""Ultimas unidades"" (L)";90000;1;;Web;;;;Sí;;;;;
6815;cliente_0258@ejemplo.com;28/01/2026 11:49:15;Abierta;Recibido;Enviado;ARS;49000.0;0.0;0.0;49000.0;;;;;;;;;;Lanus este;;Gran Buenos Aires;Argentina;Correo Argentino Clasico - Envio a domicilio;Mercado Pago;;;;28/01/2026;03/02/2026;Top Aisha (M);49000;1;;Móvil;;;;Sí;;;;;
6814;cliente_0259@ejemplo.com;28/01/2026 09:57:39;Abierta;Recibido;Enviado;ARS;90000.0;0.0;0.0;90000.0;;;;;;;;;;Ezeiza ;;Gran Buenos Aires;Argentina;Correo Argentino Clasico - Envio a domicilio;Mercado Pago;;;;28/01/2026;04/02/2026;"Vestido Madison ""Ultimas unidades"" (L)";90000;1;;Móvil;;;;Sí;;;;;
6813;cliente_0117@ejemplo.com;28/01/2026 01:50:53;Abierta;Recibido;Enviado;ARS;90000.0;0.0;0.0;90000.0;;;;;;;;;;Manuel B. Gonnet;;Buenos Aires;Argentina;Correo Argentino Clasico - Envio a domicilio;Mercado Pago;;;;28/01/2026;03/02/2026;"Vestido Madison ""Ultimas unidades"" (L)";90000;1;;Móvil;;;;Sí;;;;;
6811;cliente_0073@ejemplo.com;27/01/2026 23:32:07;Abierta;Recibido;Enviado;ARS;42000.0;0.0;0.0;42000.0;;;;;;;;;;Vicente López;;Gran Buenos Aires;Argentina;Punto de retiro;Mercado Pago;;;;27/01/2026;03/02/2026;Jeans Calix (44);42000;1;1747;Móvil;;;;Sí;;;;;
6809;cliente_0260@ejemplo.com;27/01/2026 10:56:04;Abierta;Recibido;Enviado;ARS;90000.0;0.0;0.0;90000.0;;;;;;;;;;Buenos Aires;;Gran Buenos Aires;Argentina;Correo Argentino Clasico - Envio a domicilio;Mercado Pago;;;;27/01/2026;03/02/2026;"Vestido Madison ""Ultimas unidades"" (L)";90000;1;;Móvil;;;;Sí;;;;;
6808;cliente_0261@ejemplo.com;27/01/2026 09:46:10;Abierta;Recibido;Enviado;ARS;119000.0;0.0;0.0;119000.0;;;;;;;;;;Lomas de Zamora;;Gran Buenos Aires;Argentina;Punto de retiro;Mercado Pago;;;;27/01/2026;03/02/2026;Vestido Sakar (XL);119000;1;;Móvil;;;;Sí;;;;;
6807;cliente_0262@ejemplo.com;27/01/2026 07:19:01;Abierta;Recibido;Enviado;ARS;85000.0;0.0;0.0;85000.0;;;;;;;;;;Formosa ;;Formosa;Argentina;Correo Argentino Clasico - Envio a domicilio;Mercado Pago;;;;27/01/2026;03/02/2026;"Vestido Mandy ""Ultimas unidades"" (S)";85000;1;;Móvil;;;;Sí;;;;;
6806;cliente_0154@ejemplo.com;26/01/2026 16:24:34;Abierta;Recibido;Enviado;ARS;199000.0;0.0;0.0;199000.0;;;;;;;;;;Río Cuarto;;Córdoba;Argentina;Correo Argentino Clasico - Envio a domicilio;Mercado Pago;;;;26/01/2026;03/02/2026;Campera Alsira (XL);130000;1;;Móvil;;;;Sí;;;;;
6806;cliente_0154@ejemplo.com;;;;;;;;;;;;;;;;;;;;;;;;;;;;;;Chaleco Farid (XL);69000;1;;;;;;Sí;;;;;
6805;cliente_0170@ejemplo.com;26/01/2026 16:19:31;Abierta;Recibido;Enviado;ARS;99000.0;0.0;0.0;99000.0;;;;;;;;;;Escobar;;Gran Buenos Aires;Argentina;Correo Argentino Clasico - Envio a domicilio;Mercado Pago;;;;26/01/2026;03/02/2026;Vestido Mery (M);99000;1;;Móvil;;;;Sí;;;;;
6804;cliente_0263@ejemplo.com;26/01/2026 12:30:41;Abierta;Recibido;Enviado;ARS;85000.0;0.0;0.0;85000.0;;;;;;;;;;9 de Julio;;Buenos Aires;Argentina;Correo Argentino Clasico - Envio a domicilio;Mercado Pago;;;;26/01/2026;03/02/2026;Vestido Salma (XL);85000;1;1789;Móvil;;;;Sí;;;;;
6803;cliente_0264@ejemplo.com;25/01/2026 18:06:07;Abierta;Recibido;Enviado;ARS;135000.0;0.0;0.0;135000.0;;;;;;;;;;General Pueyrredón;;Buenos Aires;Argentina;Correo Argentino Clasico - Envio a domicilio;Mercado Pago;;;;25/01/2026;03/02/2026;"Vestido Madison ""Ultimas unidades"" (M)";84000;1;;Móvil;;;;Sí;;;;;
6803;cliente_0264@ejemplo.com;;;;;;;;;;;;;;;;;;;;;;;;;;;;;;Jean Jordan (38);51000;1;;;;;;Sí;;;;;
6802;cliente_0265@ejemplo.com;24/01/2026 18:12:46;Abierta;Recibido;Enviado;ARS;172000.0;0.0;0.0;172000.0;;;;;;;;;;San juan;;San Juan;Argentina;Correo Argentino Clasico - Envio a domicilio;Mercado Pago;;;;24/01/2026;04/02/2026;"Vestido Mandy ""Ultimas unidades"" (S)";85000;1;;Móvil;;;;Sí;;;;;
6802;cliente_0265@ejemplo.com;;;;;;;;;;;;;;;;;;;;;;;;;;;;;;Vestido Nubia (L);87000;1;;;;;;Sí;;;;;
6801;cliente_0266@ejemplo.com;23/01/2026 21:19:00;Abierta;Recibido;Enviado;ARS;75000.0;0.0;0.0;75000.0;;;;;;;;;;La Matanza;;Gran Buenos Aires;Argentina;Punto de retiro;Mercado Pago;;;;23/01/2026;03/02/2026;Catsuit Nadira (XL);75000;1;;Móvil;;;;Sí;;;;;
6800;cliente_0267@ejemplo.com;23/01/2026 17:16:28;Abierta;Recibido;Enviado;ARS;130000.0;0.0;0.0;130000.0;;;;;;;;;;Mar del Plata ;;Buenos Aires;Argentina;Punto de retiro;Mercado Pago;;;;23/01/2026;03/02/2026;Campera Alsira (L);130000;1;;Móvil;;;;Sí;;;;;
6799;cliente_0268@ejemplo.com;23/01/2026 15:17:03;Abierta;Recibido;Enviado;ARS;51000.0;0.0;0.0;51000.0;;;;;;;;;;Monte Grande ;;Gran Buenos Aires;Argentina;Correo Argentino Clasico - Envio a domicilio;Mercado Pago;;;;23/01/2026;03/02/2026;Jean Jordan (38);51000;1;;Móvil;;;;Sí;;;;;
6797;cliente_0269@ejemplo.com;22/01/2026 12:26:29;Abierta;Recibido;Enviado;ARS;320000.0;0.0;0.0;320000.0;;;;;;;;;;Capital Federal;;Capital Federal;Argentina;Correo Argentino Clasico - Envio a domicilio;Mercado Pago;;;;22/01/2026;04/02/2026;"Vestido Madison ""Ultimas unidades"" (M)";84000;1;;Móvil;;;;Sí;;;;;
6797;cliente_0269@ejemplo.com;;;;;;;;;;;;;;;;;;;;;;;;;;;;;;"Vestido Jackie ""Ultimas unidades"" (M)";68000;1;1770;;;;;Sí;;;;;
6797;cliente_0269@ejemplo.com;;;;;;;;;;;;;;;;;;;;;;;;;;;;;;"Vestido Mandy ""Ultimas unidades"" (S)";85000;1;;;;;;Sí;;;;;
6797;cliente_0269@ejemplo.com;;;;;;;;;;;;;;;;;;;;;;;;;;;;;;"Overall Adam ""Ultimas unidades"" (M)";83000;1;;;;;;Sí;;;;;
6796;cliente_0270@ejemplo.com;21/01/2026 16:55:52;Abierta;Recibido;Enviado;ARS;149500.0;0.0;0.0;149500.0;;;;;;;;;;Perico;;Jujuy;Argentina;Correo Argentino Clasico - Envio a domicilio;Mercado Pago;;;;21/01/2026;03/02/2026;Catsuit Dubai (M);149500;1;;Móvil;;;;Sí;;;;;
6795;cliente_0271@ejemplo.com;21/01/2026 15:20:22;Abierta;Recibido;Enviado;ARS;190000.0;0.0;0.0;190000.0;;;;;;;;;;Gualeguaychú ;;Entre Ríos;Argentina;Correo Argentino Clasico - Envio a domicilio;Mercado Pago;;;;21/01/2026;04/02/2026;Vestido Salma (L);85000;1;1789;Móvil;;;;Sí;;;;;
6795;cliente_0271@ejemplo.com;;;;;;;;;;;;;;;;;;;;;;;;;;;;;;Vestido Ladina (L);105000;1;;;;;;Sí;;;;;
6794;cliente_0272@ejemplo.com;21/01/2026 12:31:53;Abierta;Recibido;Enviado;ARS;73000.0;0.0;0.0;73000.0;;;;;;;;;;General San Martin;;Gran Buenos Aires;Argentina;Correo Argentino Clasico - Envio a domicilio;Mercado Pago;;;;21/01/2026;03/02/2026;Jean Karim (46);73000;1;;Móvil;;;;Sí;;;;;
6793;cliente_0273@ejemplo.com;21/01/2026 12:18:34;Abierta;Recibido;Enviado;ARS;65000.0;0.0;0.0;65000.0;;;;;;;;;;Del viso;;Gran Buenos Aires;Argentina;Correo Argentino Clasico - Envio a domicilio;Mercado Pago;;;;21/01/2026;03/02/2026;"Vestido Keaton ""Ultimas unidades"" (S)";65000;1;1711;Móvil;;;;Sí;;;;;
6791;cliente_0274@ejemplo.com;20/01/2026 22:32:41;Abierta;Recibido;Enviado;ARS;99000.0;0.0;0.0;99000.0;;;;;;;;;;José Clemente Paz;;Gran Buenos Aires;Argentina;Punto de retiro;Transferencia o depósito bancario;;;;02/02/2026;03/02/2026;"Vestido Serena ""Ultimas unidades"" (L)";99000;1;;Móvil;;;;Sí;;;;;
6790;cliente_0275@ejemplo.com;20/01/2026 20:15:33;Abierta;Recibido;Enviado;ARS;74000.0;0.0;0.0;74000.0;;;;;;;;;;Villa Ballester;;Gran Buenos Aires;Argentina;Correo Argentino Clasico - Envio a domicilio;Mercado Pago;;;;20/01/2026;03/02/2026;Catsuit Olimpea (XL);74000;1;1728;Móvil;;;;Sí;;;;;
6789;cliente_0276@ejemplo.com;19/01/2026 20:40:53;Abierta;Recibido;Enviado;ARS;105000.0;0.0;0.0;105000.0;;;;;;;;;;Longchamps ;;Gran Buenos Aires;Argentina;Correo Argentino Clasico - Envio a domicilio;Mercado Pago;;;;19/01/2026;04/02/2026;Falda Kora (M);50000;1;;Móvil;;;;Sí;;;;;
6789;cliente_0276@ejemplo.com;;;;;;;;;;;;;;;;;;;;;;;;;;;;;;Jean Beca (S);55000;1;;;;;;Sí;;;;;
6788;cliente_0277@ejemplo.com;19/01/2026 17:02:07;Abierta;Recibido;Enviado;ARS;57000.0;0.0;0.0;57000.0;;;;;;;;;;General Lopez;;Santa Fe;Argentina;Correo Argentino Clasico - Envio a domicilio;Mercado Pago;;;;19/01/2026;03/02/2026;Vestido Azucena (L);57000;1;1786;Móvil;;;;Sí;;;;;
6787;cliente_0278@ejemplo.com;19/01/2026 11:08:21;Abierta;Recibido;Enviado;ARS;84000.0;0.0;0.0;84000.0;;;;;;;;;;Tres de Febrero;;Gran Buenos Aires;Argentina;Correo Argentino Clasico - Envio a domicilio;Mercado Pago;;;;19/01/2026;03/02/2026;"Vestido Madison ""Ultimas unidades"" (L)";84000;1;;Móvil;;;;Sí;;;;;
6786;cliente_0279@ejemplo.com;19/01/2026 00:28:09;Abierta;Recibido;Enviado;ARS;65000.0;0.0;0.0;65000.0;;;;;;;;;;Vicente López;;Gran Buenos Aires;Argentina;Punto de retiro;Mercado Pago;;;;19/01/2026;03/02/2026;"Vestido Keaton ""Ultimas unidades"" (S)";65000;1;1711;Móvil;;;;Sí;;;;;
6785;cliente_0280@ejemplo.com;18/01/2026 20:51:31;Abierta;Recibido;Enviado;ARS;142000.0;0.0;0.0;142000.0;;;;;;;;;;Resistencia ;;Chaco;Argentina;Correo Argentino Clasico - Envio a domicilio;Mercado Pago;;;;18/01/2026;04/02/2026;"Vestido Melody ""Ultimas unidades"" (S)";85000;1;;Móvil;;;;Sí;;;;;
6785;cliente_0280@ejemplo.com;;;;;;;;;;;;;;;;;;;;;;;;;;;;;;Vestido Azucena (S);57000;1;1786;;;;;Sí;;;;;
6784;cliente_0281@ejemplo.com;18/01/2026 09:42:33;Abierta;Recibido;Enviado;ARS;99000.0;0.0;0.0;99000.0;;;;;;;;;;Ituzaingo;;Gran Buenos Aires;Argentina;Punto de retiro;Mercado Pago;;;;18/01/2026;03/02/2026;"Vestido Serena ""Ultimas unidades"" (L)";99000;1;;Web;;;;Sí;;;;;
6783;cliente_0282@ejemplo.com;18/01/2026 01:09:49;Abierta;Recibido;Enviado;ARS;126500.0;0.0;0.0;126500.0;;;;;;;;;;Confluencia;;Neuquén;Argentina;Correo Argentino Clasico - Envio a domicilio;Mercado Pago;;;;18/01/2026;03/02/2026;Vestido kalifa (L);126500;1;;Móvil;;;;Sí;;;;;
6782;cliente_0283@ejemplo.com;17/01/2026 22:31:37;Abierta;Recibido;Enviado;ARS;99000.0;0.0;0.0;99000.0;;;;;;;;;;Salta;;Salta;Argentina;Correo Argentino Clasico - Envio a domicilio;Mercado Pago;;;;17/01/2026;03/02/2026;"Vestido Serena ""Ultimas unidades"" (L)";99000;1;;Móvil;;;;Sí;;;;;
6781;cliente_0284@ejemplo.com;17/01/2026 16:17:39;Abierta;Recibido;Enviado;ARS;78000.0;0.0;0.0;78000.0;;;;;;;;;;Capital Federal;;Capital Federal;Argentina;Correo Argentino Clasico - Envio a domicilio;Mercado Pago;;;;17/01/2026;03/02/2026;Vestido Amira (M);78000;1;1736;Móvil;;;;Sí;;;;;
6780;cliente_0285@ejemplo.com;17/01/2026 15:40:03;Abierta;Recibido;Enviado;ARS;50000.0;0.0;0.0;50000.0;;;;;;;;;;Colonia las Rosas.Tunuyán;;Mendoza;Argentina;Correo Argentino Clasico - Envio a domicilio;Mercado Pago;;;;17/01/2026;03/02/2026;Falda Kora (XL);50000;1;;Móvil;;;;Sí;;;;;
6779;cliente_0102@ejemplo.com;17/01/2026 13:57:58;Abierta;Recibido;Enviado;ARS;204000.0;0.0;0.0;204000.0;;;;;;;;;;Corrrientes;;Corrientes;Argentina;Punto de retiro;Mercado Pago;;;;17/01/2026;03/02/2026;Vestido Salma (S);85000;1;1789;Móvil;;;;Sí;;;;;
6779;cliente_0102@ejemplo.com;;;;;;;;;;;;;;;;;;;;;;;;;;;;;;Vestido Sakar (XL);119000;1;;;;;;Sí;;;;;
6778;cliente_0286@ejemplo.com;17/01/2026 11:30:42;Abierta;Recibido;Enviado;ARS;69000.0;0.0;0.0;69000.0;;;;;;;;;;Buenos Aires ;;Gran Buenos Aires;Argentina;Correo Argentino Clasico - Envio a domicilio;Mercado Pago;;;;17/01/2026;03/02/2026;Vestido Fara (XL);69000;1;1771;Móvil;;;;Sí;;;;;
6777;cliente_0287@ejemplo.com;17/01/2026 10:50:14;Abierta;Recibido;Enviado;ARS;45000.0;0.0;0.0;45000.0;;;;;;;;;;Ischilin;;Córdoba;Argentina;Correo Argentino Clasico - Envio a domicilio;Mercado Pago;;;;17/01/2026;03/02/2026;Jeans Richi (44, Celeste);45000;1;;Móvil;;;;Sí;;;;;
6776;cliente_0288@ejemplo.com;16/01/2026 21:09:40;Abierta;Recibido;Enviado;ARS;74000.0;0.0;0.0;74000.0;;;;;;;;;;Cordoba;;Córdoba;Argentina;Correo Argentino Clasico - Envio a domicilio;Mercado Pago;;;;16/01/2026;03/02/2026;Catsuit Olimpea (XL);74000;1;1728;Móvil;;;;Sí;;;;;
6775;cliente_0289@ejemplo.com;16/01/2026 15:15:27;Abierta;Recibido;Enviado;ARS;99000.0;0.0;0.0;99000.0;;;;;;;;;;Ramos Mejía ;;Gran Buenos Aires;Argentina;Correo Argentino Clasico - Envio a domicilio;Mercado Pago;;;;16/01/2026;03/02/2026;"Vestido Serena ""Ultimas unidades"" (L)";99000;1;;Móvil;;;;Sí;;;;;
6774;cliente_0290@ejemplo.com;16/01/2026 14:02:33;Abierta;Recibido;Enviado;ARS;85000.0;0.0;0.0;85000.0;;;;;;;;;;Don Torcuato;;Gran Buenos Aires;Argentina;Correo Argentino Clasico - Envio a domicilio;Mercado Pago;;;;16/01/2026;03/02/2026;Vestido Salma (M);85000;1;1789;Móvil;;;;Sí;;;;;
6773;cliente_0291@ejemplo.com;16/01/2026 11:16:15;Abierta;Recibido;Enviado;ARS;105000.0;0.0;0.0;105000.0;;;;;;;;;;San Martín ;;Mendoza;Argentina;Correo Argentino Clasico - Envio a domicilio;Mercado Pago;;;;16/01/2026;03/02/2026;Vestido Ladina (XL);105000;1;;Móvil;;;;Sí;;;;;
6772;cliente_0292@ejemplo.com;16/01/2026 10:27:49;Abierta;Recibido;Enviado;ARS;155000.0;0.0;0.0;155000.0;;;;;;;;;;Rio gallegos ;;Santa Cruz;Argentina;Correo Argentino Clasico - Envio a domicilio;Mercado Pago;;;;16/01/2026;03/02/2026;"Vestido Ula ""Ultimas unidades"" (S)";70000;1;;Móvil;;;;Sí;;;;;
6772;cliente_0292@ejemplo.com;;;;;;;;;;;;;;;;;;;;;;;;;;;;;;Overall Makena (Celeste, S);85000;1;;;;;;Sí;;;;;
6771;cliente_0293@ejemplo.com;15/01/2026 15:24:07;Abierta;Recibido;Enviado;ARS;70000.0;0.0;8756.0;78756.0;;;;;;;;;;Avellaneda;;Gran Buenos Aires;Argentina;Correo Argentino Clasico - Envio a domicilio;Mercado Pago;;;;15/01/2026;16/01/2026;Jean Bahur (46);70000;1;;Móvil;;;;Sí;;;;;
6770;cliente_0294@ejemplo.com;15/01/2026 13:39:42;Abierta;Recibido;Enviado;ARS;126500.0;0.0;6877.99;133377.99;;;;;;;;;;General Obligado;;Santa Fe;Argentina;Punto de retiro;Mercado Pago;;;;15/01/2026;16/01/2026;Vestido kalifa (L);126500;1;;Móvil;;;;Sí;;;;;
6769;cliente_0295@ejemplo.com;15/01/2026 12:13:37;Abierta;Recibido;Enviado;ARS;85000.0;0.0;8346.0;93346.0;;;;;;;;;;Punta Indio;;Buenos Aires;Argentina;Punto de retiro;Mercado Pago;;;;15/01/2026;16/01/2026;"Vestido Mandy ""Ultimas unidades"" (S)";85000;1;;Móvil;;;;Sí;;;;;
6768;cliente_0296@ejemplo.com;15/01/2026 12:01:59;Abierta;Recibido;Enviado;ARS;85000.0;0.0;6877.99;91877.99;;;;;;;;;;La Capital;;Santa Fe;Argentina;Punto de retiro;Mercado Pago;;;;15/01/2026;16/01/2026;"Vestido Nadila ""Ultimas unidades"" (M)";85000;1;;Móvil;;;;Sí;;;;;
6766;cliente_0297@ejemplo.com;15/01/2026 08:35:38;Abierta;Recibido;Enviado;ARS;45000.0;0.0;10000.0;55000.0;;;;;;;;;;Capital Federal;;Capital Federal;Argentina;Envio en moto CABA;Mercado Pago;;;;15/01/2026;16/01/2026;Jeans Richi (46, Azul);45000;1;;Móvil;;;;Sí;;;;;
6765;cliente_0298@ejemplo.com;14/01/2026 15:19:08;Abierta;Recibido;Enviado;ARS;87000.0;0.0;10101.0;97101.0;;;;;;;;;;Córdoba ;;Córdoba;Argentina;Correo Argentino Clasico - Envio a domicilio;Mercado Pago;;;;14/01/2026;15/01/2026;Vestido Nubia (XL);87000;1;;Móvil;;;;Sí;;;;;
6764;cliente_0299@ejemplo.com;14/01/2026 14:20:28;Abierta;Recibido;Enviado;ARS;85000.0;0.0;6877.99;91877.99;;;;;;;;;;Magdalena;;Buenos Aires;Argentina;Punto de retiro;Mercado Pago;;;;14/01/2026;16/01/2026;"Vestido Nadila ""Ultimas unidades"" (M)";85000;1;;Móvil;;;;Sí;;;;;
6763;cliente_0300@ejemplo.com;14/01/2026 11:05:15;Abierta;Recibido;Enviado;ARS;55000.0;0.0;8756.0;63756.0;;;;;;;;;;Berazategui;;Gran Buenos Aires;Argentina;Correo Argentino Clasico - Envio a domicilio;Mercado Pago;;;;14/01/2026;15/01/2026;Jean Beca (M);55000;1;;Móvil;;;;Sí;;;;;
6762;cliente_0301@ejemplo.com;14/01/2026 01:38:40;Abierta;Recibido;Enviado;ARS;69000.0;0.0;14252.0;83252.0;;;;;;;;;;Santiago del estero;;Santiago del Estero;Argentina;Punto de retiro;Mercado Pago;;;;14/01/2026;15/01/2026;Vestido Rachel (XL);69000;1;;Web;;;;Sí;;;;;
6761;cliente_0302@ejemplo.com;13/01/2026 22:26:46;Abierta;Recibido;Enviado;ARS;85000.0;0.0;15398.0;100398.0;;;;;;;;;;Córdoba ;;Córdoba;Argentina;Correo Argentino Clasico - Envio a domicilio;Transferencia o depósito bancario;;;;14/01/2026;15/01/2026;Vestido Salma (XL);85000;1;1789;Móvil;;;;Sí;;;;;
6760;cliente_0002@ejemplo.com;12/01/2026 21:26:20;Abierta;Recibido;Enviado;ARS;85000.0;0.0;6877.99;91877.99;;;;;;;;;;Capital;;Córdoba;Argentina;Punto de retiro;Mercado Pago;;;;12/01/2026;13/01/2026;Overall Makena (Azul, XL);85000;1;;Móvil;;;;Sí;;;;;
6759;cliente_0303@ejemplo.com;12/01/2026 19:06:50;Abierta;Recibido;Enviado;ARS;119000.0;0.0;10889.0;129889.0;;;;;;;;;;Pico truncado ;;Santa Cruz;Argentina;Correo Argentino Clasico - Envio a domicilio;Mercado Pago;;;;12/01/2026;13/01/2026;"Vestido Serena ""Ultimas unidades"" (L)";119000;1;;Móvil;;;;Sí;;;;;
6758;cliente_0304@ejemplo.com;12/01/2026 12:14:31;Abierta;Recibido;Enviado;ARS;51000.0;0.0;6877.99;57877.99;;;;;;;;;;Colón;;Córdoba;Argentina;Punto de retiro;Mercado Pago;;;;12/01/2026;12/01/2026;Jean Jordan (46);51000;1;;Móvil;;;;Sí;;;;;
6757;cliente_0305@ejemplo.com;12/01/2026 12:07:05;Abierta;Recibido;Enviado;ARS;119000.0;0.0;5929.0;124929.0;;;;;;;;;;La Matanza;;Gran Buenos Aires;Argentina;Punto de retiro;Mercado Pago;;;;12/01/2026;12/01/2026;"Vestido Serena ""Ultimas unidades"" (L)";119000;1;;Móvil;;;;Sí;;;;;
6756;cliente_0306@ejemplo.com;12/01/2026 10:43:16;Abierta;Recibido;Enviado;ARS;87000.0;0.0;8756.0;95756.0;;;;;;;;;;Avellaneda;;Gran Buenos Aires;Argentina;Correo Argentino Clasico - Envio a domicilio;Mercado Pago;;;;12/01/2026;12/01/2026;Vestido Nubia (XL);87000;1;;Móvil;;;;Sí;;;;;
6755;cliente_0307@ejemplo.com;12/01/2026 01:06:11;Abierta;Recibido;Enviado;ARS;126500.0;0.0;10101.0;136601.0;;;;;;;;;;La plata;;Buenos Aires;Argentina;Correo Argentino Clasico - Envio a domicilio;Mercado Pago;;;;12/01/2026;12/01/2026;Vestido kalifa (L);126500;1;;Móvil;;;;Sí;;;;;
6754;cliente_0308@ejemplo.com;12/01/2026 00:56:10;Abierta;Recibido;Enviado;ARS;78000.0;0.0;10101.0;88101.0;;;;;;;;;;Esperanza ;;Santa Fe;Argentina;Correo Argentino Clasico - Envio a domicilio;Mercado Pago;;;;12/01/2026;12/01/2026;Vestido Amira (L);78000;1;1736;Móvil;;;;Sí;;;;;
6753;cliente_0309@ejemplo.com;11/01/2026 17:20:45;Abierta;Recibido;Enviado;ARS;160000.0;0.0;11112.99;171112.99;;;;;;;;;;San Juan ;;San Juan;Argentina;Correo Argentino Clasico - Envio a domicilio;Mercado Pago;;;;11/01/2026;12/01/2026;Overall Makena (Azul, XL);85000;1;;Móvil;;;;Sí;;;;;
6753;cliente_0309@ejemplo.com;;;;;;;;;;;;;;;;;;;;;;;;;;;;;;Catsuit Nadira (XL);75000;1;;;;;;Sí;;;;;
6752;cliente_0310@ejemplo.com;11/01/2026 16:35:59;Abierta;Recibido;Enviado;ARS;80000.0;0.0;8756.0;88756.0;;;;;;;;;;Parque Leloir;;Gran Buenos Aires;Argentina;Correo Argentino Clasico - Envio a domicilio;Mercado Pago;;;;11/01/2026;12/01/2026;Capa Olsen (UNICO);80000;1;1797;Móvil;;;;Sí;;;;;
6751;cliente_0311@ejemplo.com;11/01/2026 15:27:35;Abierta;Recibido;Enviado;ARS;45000.0;0.0;10101.0;55101.0;;;;;;;;;;Roldán ;;Santa Fe;Argentina;Correo Argentino Clasico - Envio a domicilio;Mercado Pago;;;;11/01/2026;12/01/2026;Jeans Richi (38, Azul);45000;1;;Móvil;;;;Sí;;;;;
6750;cliente_0312@ejemplo.com;11/01/2026 04:01:45;Abierta;Recibido;Enviado;ARS;84000.0;0.0;7606.0;91606.0;;;;;;;;;;San Salvador de Jujuy;;Jujuy;Argentina;Punto de retiro;Mercado Pago;;;;11/01/2026;12/01/2026;Vestido Madison (M);84000;1;;Móvil;;;;Sí;;;;;
6749;cliente_0313@ejemplo.com;10/01/2026 18:27:08;Abierta;Recibido;Enviado;ARS;75000.0;0.0;5929.0;80929.0;;;;;;;;;;Capital Federal;;Capital Federal;Argentina;Punto de retiro;Mercado Pago;;;;10/01/2026;12/01/2026;Jean Bahur (46);75000;1;;Móvil;;;;Sí;;;;;
6748;cliente_0314@ejemplo.com;10/01/2026 11:43:22;Abierta;Recibido;Enviado;ARS;105000.0;0.0;6877.99;111877.99;;;;;;;;;;Cordoba capital;;Córdoba;Argentina;Punto de retiro;Transferencia o depósito bancario;;;;12/01/2026;12/01/2026;Vestido Ladina (M);105000;1;;Móvil;;;;Sí;;;;;
6747;cliente_0315@ejemplo.com;10/01/2026 11:13:17;Abierta;Recibido;Enviado;ARS;85000.0;0.0;5929.0;90929.0;;;;;;;;;;Lomas del mirador;;Gran Buenos Aires;Argentina;Punto de retiro;Mercado Pago;;;;10/01/2026;12/01/2026;Vestido Melody (S);85000;1;;Móvil;;;;Sí;;;;;
6746;cliente_0316@ejemplo.com;10/01/2026 10:17:48;Abierta;Recibido;Enviado;ARS;75000.0;0.0;10824.0;85824.0;;;;;;;;;;Luzuriaga, Maipú;;Mendoza;Argentina;Correo Argentino Clasico - Envio a domicilio;Mercado Pago;;;;10/01/2026;12/01/2026;Jean Bahur (36);75000;1;;Móvil;;;;Sí;;;;;
6745;cliente_0317@ejemplo.com;09/01/2026 21:54:17;Abierta;Recibido;Enviado;ARS;85000.0;0.0;15398.0;100398.0;;;;;;;;;;Córdoba ;;Córdoba;Argentina;Correo Argentino Clasico - Envio a domicilio;Mercado Pago;;;;09/01/2026;12/01/2026;Vestido Salma (L);85000;1;1789;Móvil;;;;Sí;;;;;
6744;cliente_0220@ejemplo.com;09/01/2026 21:41:56;Abierta;Recibido;Enviado;ARS;78000.0;0.0;10101.0;88101.0;;;;;;;;;;Rosario;;Santa Fe;Argentina;Correo Argentino Clasico - Envio a domicilio;Mercado Pago;;;;09/01/2026;12/01/2026;Vestido Amira (L);78000;1;1736;Móvil;;;;Sí;;;;;
6742;cliente_0318@ejemplo.com;09/01/2026 13:55:17;Abierta;Recibido;Enviado;ARS;84000.0;0.0;8756.0;92756.0;;;;;;;;;;Tigre;;Gran Buenos Aires;Argentina;Correo Argentino Clasico - Envio a domicilio;Mercado Pago;;;;09/01/2026;12/01/2026;Vestido Madison (L);84000;1;;Móvil;;;;Sí;;;;;
6741;cliente_0319@ejemplo.com;09/01/2026 13:31:59;Abierta;Recibido;Enviado;ARS;102000.0;0.0;7367.0;109367.0;;;;;;;;;;Guaymallén;;Mendoza;Argentina;Punto de retiro;Transferencia o depósito bancario;;;;09/01/2026;12/01/2026;Catsuits Jana (M);102000;1;;Móvil;;;;Sí;;;;;
6740;cliente_0320@ejemplo.com;09/01/2026 12:06:37;Abierta;Recibido;Enviado;ARS;78000.0;0.0;8756.0;86756.0;;;;;;;;;;Burzaco ;;Gran Buenos Aires;Argentina;Correo Argentino Clasico - Envio a domicilio;Mercado Pago;;;;09/01/2026;09/01/2026;Vestido Amira (XL);78000;1;1736;Móvil;;;;Sí;;;;;
6739;cliente_0321@ejemplo.com;08/01/2026 17:45:16;Abierta;Recibido;Enviado;ARS;80000.0;0.0;8756.0;88756.0;;;;;;;;;;Tristán Suárez ;;Gran Buenos Aires;Argentina;Correo Argentino Clasico - Envio a domicilio;Mercado Pago;;;;08/01/2026;09/01/2026;Overall Taylor (L);80000;1;;Móvil;;;;Sí;;;;;
6738;cliente_0322@ejemplo.com;08/01/2026 16:04:57;Abierta;Recibido;Enviado;ARS;175000.0;0.0;7732.0;182732.0;;;;;;;;;;San Isidro;;Gran Buenos Aires;Argentina;Punto de retiro;Mercado Pago;;;;08/01/2026;09/01/2026;Jeans Richi (40, Azul);45000;1;;Web;;;;Sí;;;;;
6738;cliente_0322@ejemplo.com;;;;;;;;;;;;;;;;;;;;;;;;;;;;;;Jeans Richi (40, Celeste);45000;1;;;;;;Sí;;;;;
6738;cliente_0322@ejemplo.com;;;;;;;;;;;;;;;;;;;;;;;;;;;;;;Vestido Mandy (M);85000;1;;;;;;Sí;;;;;
6737;cliente_0323@ejemplo.com;08/01/2026 14:44:59;Abierta;Recibido;Enviado;ARS;70000.0;0.0;8756.0;78756.0;;;;;;;;;;Monte Grande;;Gran Buenos Aires;Argentina;Correo Argentino Clasico - Envio a domicilio;Mercado Pago;;;;08/01/2026;09/01/2026;Vestido Zaira (Celeste, M);70000;1;1780;Móvil;;;;Sí;;;;;
6736;cliente_0324@ejemplo.com;08/01/2026 13:32:29;Abierta;Recibido;Enviado;ARS;80000.0;0.0;8756.0;88756.0;;;;;;;;;;San Fernando;;Gran Buenos Aires;Argentina;Correo Argentino Clasico - Envio a domicilio;Transferencia o depósito bancario;;;;08/01/2026;09/01/2026;Overall Taylor (L);80000;1;;Móvil;;;;Sí;;;;;
6735;cliente_0325@ejemplo.com;08/01/2026 00:44:59;Abierta;Recibido;Enviado;ARS;126500.0;0.0;10101.0;136601.0;;;;;;;;;;Tapalqué ;;Buenos Aires;Argentina;Correo Argentino Clasico - Envio a domicilio;Mercado Pago;;;;08/01/2026;08/01/2026;Vestido kalifa (XL);126500;1;;Móvil;;;;Sí;;;;;
6734;cliente_0326@ejemplo.com;07/01/2026 23:03:25;Abierta;Recibido;Enviado;ARS;70000.0;0.0;5929.0;75929.0;;;;;;;;;;Capital Federal;;Capital Federal;Argentina;Punto de retiro;Mercado Pago;;;;07/01/2026;08/01/2026;Catsuit Rosier (L);70000;1;;Móvil;;;;Sí;;;;;
6733;cliente_0327@ejemplo.com;07/01/2026 20:57:59;Abierta;Recibido;Enviado;ARS;85000.0;0.0;12170.0;97170.0;;;;;;;;;;Rosario;;Santa Fe;Argentina;Punto de retiro;Mercado Pago;;;;07/01/2026;08/01/2026;Vestido Salma (M);85000;1;1789;Móvil;;;;Sí;;;;;
6732;cliente_0328@ejemplo.com;07/01/2026 18:45:08;Abierta;Recibido;Enviado;ARS;75000.0;0.0;6877.99;81877.99;;;;;;;;;;Capital;;Córdoba;Argentina;Punto de retiro;Mercado Pago;;;;07/01/2026;08/01/2026;Catsuit Nadira (XL);75000;1;;Móvil;;;;Sí;;;;;
6731;cliente_0329@ejemplo.com;07/01/2026 16:45:22;Abierta;Recibido;Enviado;ARS;78000.0;0.0;6877.99;84877.99;;;;;;;;;;San Lorenzo;;Santa Fe;Argentina;Punto de retiro;Transferencia o depósito bancario;;;;08/01/2026;08/01/2026;Vestido Amira (XL);78000;1;1736;Móvil;;;;Sí;;;;;
6730;cliente_0330@ejemplo.com;07/01/2026 16:17:21;Abierta;Recibido;Enviado;ARS;80000.0;0.0;5929.0;85929.0;;;;;;;;;;Tres de Febrero;;Gran Buenos Aires;Argentina;Punto de retiro;Transferencia o depósito bancario;;;;08/01/2026;08/01/2026;Overall Taylor (L);80000;1;;Móvil;;;;Sí;;;;;
6728;cliente_0331@ejemplo.com;07/01/2026 10:24:08;Abierta;Recibido;Enviado;ARS;85000.0;0.0;11933.0;96933.0;;;;;;;;;;San Juan;;San Juan;Argentina;Correo Argentino Clasico - Envio a domicilio;Mercado Pago;;;;07/01/2026;07/01/2026;Vestido Mandy (M);85000;1;;Móvil;;;;Sí;;;;;
6726;cliente_0332@ejemplo.com;06/01/2026 10:11:17;Abierta;Recibido;Enviado;ARS;78000.0;0.0;10101.0;88101.0;;;;;;;;;;Rosario;;Santa Fe;Argentina;Correo Argentino Clasico - Envio a domicilio;Mercado Pago;;;;06/01/2026;06/01/2026;Vestido Madison (L);78000;1;;Móvil;;;;Sí;;;;;
6725;cliente_0333@ejemplo.com;06/01/2026 09:25:22;Abierta;Recibido;Enviado;ARS;50000.0;0.0;5929.0;55929.0;;;;;;;;;;Lomas de Zamora;;Gran Buenos Aires;Argentina;Punto de retiro;Mercado Pago;;;;06/01/2026;06/01/2026;Falda Kora (L);50000;1;;Móvil;;;;Sí;;;;;
6724;cliente_0334@ejemplo.com;05/01/2026 22:41:26;Abierta;Recibido;Enviado;ARS;150000.0;0.0;7738.0;157738.0;;;;;;;;;;Reconquista;;Santa Fe;Argentina;Punto de retiro;Mercado Pago;;;;05/01/2026;06/01/2026;Vestido Melody (L);85000;1;;Móvil;;;;Sí;;;;;
6724;cliente_0334@ejemplo.com;;;;;;;;;;;;;;;;;;;;;;;;;;;;;;Vestido Keaton (M);65000;1;1711;;;;;Sí;;;;;
6723;cliente_0335@ejemplo.com;05/01/2026 21:50:58;Abierta;Recibido;Enviado;ARS;120000.0;0.0;6209.0;126209.0;;;;;;;;;;Vicente López;;Gran Buenos Aires;Argentina;Punto de retiro;Mercado Pago;;;;05/01/2026;06/01/2026;Jeans Richi (46, Azul);45000;1;;Móvil;;;;Sí;;;;;
6723;cliente_0335@ejemplo.com;;;;;;;;;;;;;;;;;;;;;;;;;;;;;;Jean Bahur (44);75000;1;;;;;;Sí;;;;;
6722;cliente_0336@ejemplo.com;05/01/2026 15:04:37;Abierta;Recibido;Enviado;ARS;131000.0;0.0;6209.0;137209.0;;;;;;;;;;Capital Federal;;Capital Federal;Argentina;Punto de retiro;Mercado Pago;;;;05/01/2026;06/01/2026;Capa Olsen (UNICO);80000;1;1797;Móvil;;;;Sí;;;;;
6722;cliente_0336@ejemplo.com;;;;;;;;;;;;;;;;;;;;;;;;;;;;;;Jean Jordan (38);51000;1;;;;;;Sí;;;;;
6720;cliente_0337@ejemplo.com;05/01/2026 10:17:06;Abierta;Recibido;Enviado;ARS;169000.0;0.0;10318.0;179318.0;;;;;;;;;;General San Martin;;Gran Buenos Aires;Argentina;Punto de retiro;Transferencia o depósito bancario;;;;05/01/2026;06/01/2026;Jean Beca (L);55000;1;;Móvil;;;;Sí;;;;;
6720;cliente_0337@ejemplo.com;;;;;;;;;;;;;;;;;;;;;;;;;;;;;;Vestido Rachel (XL);69000;1;;;;;;Sí;;;;;
6720;cliente_0337@ejemplo.com;;;;;;;;;;;;;;;;;;;;;;;;;;;;;;Jeans Richi (42, Azul);45000;1;;;;;;Sí;;;;;
6719;cliente_0338@ejemplo.com;05/01/2026 00:58:35;Abierta;Recibido;Enviado;ARS;120250.0;0.0;6209.0;126459.0;;;;;;;;;;Tigre;;Buenos Aires;Argentina;Punto de retiro;Mercado Pago;;;;05/01/2026;06/01/2026;Jeans Arlet (42);55250;1;1762;Móvil;;;;Sí;;;;;
6719;cliente_0338@ejemplo.com;;;;;;;;;;;;;;;;;;;;;;;;;;;;;;Vestido Keaton (M);65000;1;1711;;;;;Sí;;;;;
6718;cliente_0339@ejemplo.com;04/01/2026 22:57:16;Abierta;Recibido;Enviado;ARS;128000.0;0.0;7738.0;135738.0;;;;;;;;;;Colón;;Córdoba;Argentina;Punto de retiro;Mercado Pago;;;;04/01/2026;05/01/2026;Vestido Madison (L);78000;1;;Web;;;;Sí;;;;;
6718;cliente_0339@ejemplo.com;;;;;;;;;;;;;;;;;;;;;;;;;;;;;;Jean Blake (42, AZUL OSCURO);50000;1;;;;;;Sí;;;;;
6717;cliente_0340@ejemplo.com;04/01/2026 01:40:01;Abierta;Recibido;Enviado;ARS;148000.0;0.0;7738.0;155738.0;;;;;;;;;;General Pico;;La Pampa;Argentina;Punto de retiro;Mercado Pago;;;;04/01/2026;05/01/2026;Vestido Ula (M);70000;1;;Móvil;;;;Sí;;;;;
6717;cliente_0340@ejemplo.com;;;;;;;;;;;;;;;;;;;;;;;;;;;;;;Vestido Madison (L);78000;1;;;;;;Sí;;;;;
6716;cliente_0341@ejemplo.com;03/01/2026 21:38:15;Abierta;Recibido;Enviado;ARS;101000.0;0.0;6209.0;107209.0;;;;;;;;;;Capital Federal;;Capital Federal;Argentina;Punto de retiro;Mercado Pago;;;;03/01/2026;05/01/2026;Falda Kora (XL);50000;1;;Móvil;;;;Sí;;;;;
6716;cliente_0341@ejemplo.com;;;;;;;;;;;;;;;;;;;;;;;;;;;;;;Jean Jordan (46);51000;1;;;;;;Sí;;;;;
6715;cliente_0342@ejemplo.com;03/01/2026 17:14:13;Abierta;Recibido;Enviado;ARS;213250.0;0.0;10000.0;223250.0;;;;;;;;;;Capital Federal;;Capital Federal;Argentina;Envio en moto CABA;Mercado Pago;;;;03/01/2026;05/01/2026;Vestido Madison (L);78000;1;;Móvil;;;;Sí;;;;;
6715;cliente_0342@ejemplo.com;;;;;;;;;;;;;;;;;;;;;;;;;;;;;;Overall Carola (L);80000;1;;;;;;Sí;;;;;
6715;cliente_0342@ejemplo.com;;;;;;;;;;;;;;;;;;;;;;;;;;;;;;Jeans Arlet (42);55250;1;1762;;;;;Sí;;;;;
6714;cliente_0162@ejemplo.com;03/01/2026 13:45:01;Abierta;Recibido;Enviado;ARS;151000.0;0.0;9413.0;160413.0;;;;;;;;;;Isidro Casanova ;;Gran Buenos Aires;Argentina;Correo Argentino Clasico - Envio a domicilio;Mercado Pago;;;;03/01/2026;05/01/2026;Vestido Jackie (L);68000;1;1770;Móvil;;;;Sí;;;;;
6714;cliente_0162@ejemplo.com;;;;;;;;;;;;;;;;;;;;;;;;;;;;;;Overall Adam (L);83000;1;;;;;;Sí;;;;;
6713;cliente_0343@ejemplo.com;03/01/2026 12:08:54;Abierta;Recibido;Enviado;ARS;150000.0;0.0;6877.99;156877.99;;;;;;;;;;San Justo;;Cordoba;Argentina;Punto de retiro;Mercado Pago;;;;03/01/2026;05/01/2026;Vestido Sakar (XL);150000;1;;Móvil;;;;Sí;;;;;
6710;cliente_0344@ejemplo.com;02/01/2026 22:56:51;Abierta;Recibido;Enviado;ARS;213000.0;0.0;9199.0;222199.0;;;;;;;;;;Confluencia;;Neuquén;Argentina;Punto de retiro;Mercado Pago;;;;02/01/2026;06/01/2026;Vestido Zaira (Azul, S);70000;1;1780;Móvil;;;;Sí;;;;;
6710;cliente_0344@ejemplo.com;;;;;;;;;;;;;;;;;;;;;;;;;;;;;;Jean Bahur (36);75000;1;;;;;;Sí;;;;;
6710;cliente_0344@ejemplo.com;;;;;;;;;;;;;;;;;;;;;;;;;;;;;;Vestido Jackie (M);68000;1;1770;;;;;Sí;;;;;
6709;cliente_0092@ejemplo.com;02/01/2026 22:38:24;Abierta;Recibido;Enviado;ARS;42000.0;0.0;7732.0;49732.0;;;;;;;;;;Grand Bourg ;;Gran Buenos Aires;Argentina;Punto de retiro;Mercado Pago;;;;02/01/2026;05/01/2026;Jeans Calix (36);42000;1;1747;Móvil;;;;Sí;;;;;
6708;cliente_0345@ejemplo.com;02/01/2026 20:52:13;Abierta;Recibido;Enviado;ARS;45000.0;0.0;10889.0;55889.0;;;;;;;;;;Chubut;;Chubut;Argentina;Correo Argentino Clasico - Envio a domicilio;Mercado Pago;;;;02/01/2026;05/01/2026;Jeans Richi (44, Azul);45000;1;;Móvil;;;;Sí;;;;;
6706;cliente_0346@ejemplo.com;02/01/2026 18:02:40;Abierta;Recibido;Enviado;ARS;85000.0;0.0;10101.0;95101.0;;;;;;;;;;Arroyo Seco ;;Santa Fe;Argentina;Correo Argentino Clasico - Envio a domicilio;Mercado Pago;;;;02/01/2026;05/01/2026;Vestido Melody (L);85000;1;;Móvil;;;;Sí;;;;;
6705;cliente_0347@ejemplo.com;02/01/2026 17:26:25;Abierta;Recibido;Enviado;ARS;83000.0;0.0;5929.0;88929.0;;;;;;;;;;Quilmes;;Gran Buenos Aires;Argentina;Punto de retiro;Mercado Pago;;;;02/01/2026;05/01/2026;Overall Adam (M);83000;1;;Móvil;;;;Sí;;;;;
6704;cliente_0348@ejemplo.com;02/01/2026 17:17:54;Abierta;Recibido;Enviado;ARS;130000.0;0.0;8756.0;138756.0;;;;;;;;;;Buenos Aires;;Gran Buenos Aires;Argentina;Correo Argentino Clasico - Envio a domicilio;Mercado Pago;;;;02/01/2026;05/01/2026;Campera Alsira (XL);130000;1;;Móvil;;;;Sí;;;;;
6703;cliente_0349@ejemplo.com;02/01/2026 15:49:03;Abierta;Recibido;Enviado;ARS;85000.0;0.0;8756.0;93756.0;;;;;;;;;;Banfield;;Gran Buenos Aires;Argentina;Correo Argentino Clasico - Envio a domicilio;Mercado Pago;;;;02/01/2026;05/01/2026;Vestido Melody (L);85000;1;;Móvil;;;;Sí;;;;;
6702;cliente_0350@ejemplo.com;02/01/2026 15:11:18;Abierta;Recibido;Enviado;ARS;65000.0;0.0;8756.0;73756.0;;;;;;;;;;Capital Federal;;Capital Federal;Argentina;Correo Argentino Clasico - Envio a domicilio;Mercado Pago;;;;02/01/2026;05/01/2026;Vestido Nour (L);65000;1;;Móvil;;;;Sí;;;;;
6701;cliente_0351@ejemplo.com;01/01/2026 23:11:53;Abierta;Recibido;Enviado;ARS;361250.0;72250.0;9636.0;298636.0;;;;;;;;;;Virreyes;;Gran Buenos Aires;Argentina;Correo Argentino Clasico - Envio a domicilio;Mercado Pago;;;;01/01/2026;02/01/2026;Vestido Amar (XL);123250;1;1814;Móvil;;;;Sí;;;;;
6701;cliente_0351@ejemplo.com;;;;;;;;;;;;;;;;;;;;;;;;;;;;;;Vestido Sakar (XL);127500;1;;;;;;Sí;;;;;
6701;cliente_0351@ejemplo.com;;;;;;;;;;;;;;;;;;;;;;;;;;;;;;Campera Alsira (XL);110500;1;;;;;;Sí;;;;;
6700;cliente_0352@ejemplo.com;01/01/2026 20:56:50;Abierta;Recibido;Enviado;ARS;89250.0;0.0;8756.0;98006.0;;;;;;;;;;Villa Idaondo;;Gran Buenos Aires;Argentina;Correo Argentino Clasico - Envio a domicilio;Mercado Pago;;;;01/01/2026;02/01/2026;Vestido Nadila (M);89250;1;;Móvil;;;;Sí;;;;;
6699;cliente_0353@ejemplo.com;01/01/2026 15:56:55;Abierta;Recibido;Enviado;ARS;110000.0;0.0;8756.0;118756.0;;;;;;;;;;Vicente López;;Gran Buenos Aires;Argentina;Correo Argentino Clasico - Envio a domicilio;Mercado Pago;;;;01/01/2026;02/01/2026;Vestido kalifa (XL);110000;1;;Móvil;;;;Sí;;;;;
6698;cliente_0354@ejemplo.com;30/12/2025 17:31:21;Abierta;Recibido;Enviado;ARS;106250.0;0.0;7606.0;113856.0;;;;;;;;;;Sarmiento;;Chubut;Argentina;Punto de retiro;Mercado Pago;;;;30/12/2025;02/01/2026;Vestido Serena (L);106250;1;;Móvil;;;;Sí;;;;;
6697;cliente_0355@ejemplo.com;30/12/2025 14:38:12;Abierta;Recibido;Enviado;ARS;243950.0;0.0;11112.99;255062.99;;;;;;;;;;Cinco saltos;;Rio Negro;Argentina;Correo Argentino Clasico - Envio a domicilio;Mercado Pago;;;;30/12/2025;02/01/2026;Overall Libi (XL);137700;1;1800;Móvil;;;;Sí;;;;;
6697;cliente_0355@ejemplo.com;;;;;;;;;;;;;;;;;;;;;;;;;;;;;;Vestido Madison (XL);106250;1;;;;;;Sí;;;;;
6696;cliente_0356@ejemplo.com;29/12/2025 21:45:35;Abierta;Recibido;Enviado;ARS;106250.0;0.0;10101.0;116351.0;;;;;;;;;;Toay;;La Pampa;Argentina;Correo Argentino Clasico - Envio a domicilio;Mercado Pago;;;;;02/01/2026;Vestido Serena (M);106250;1;;Móvil;;;;Sí;;;;;
6694;cliente_0357@ejemplo.com;29/12/2025 14:24:51;Abierta;Recibido;Enviado;ARS;169150.0;33830.0;6209.0;141529.0;;;;;;;;;;Berazategui;;Gran Buenos Aires;Argentina;Punto de retiro;Transferencia o depósito bancario;;;;29/12/2025;30/12/2025;Vestido Madib (XL);110500;1;1821;Móvil;;;;Sí;;;;;
6694;cliente_0357@ejemplo.com;;;;;;;;;;;;;;;;;;;;;;;;;;;;;;Chaleco Farid (XL);58650;1;;;;;;Sí;;;;;
6692;cliente_0358@ejemplo.com;28/12/2025 16:53:04;Abierta;Recibido;Enviado;ARS;127500.0;0.0;10000.0;137500.0;;;;;;;;;;Capital Federal;;Capital Federal;Argentina;Envio en moto CABA;Mercado Pago;;;;28/12/2025;29/12/2025;Vestido Sakar (XL);127500;1;;Móvil;;;;Sí;;;;;
6691;cliente_0359@ejemplo.com;28/12/2025 15:46:56;Abierta;Recibido;Enviado;ARS;252000.0;0.0;10807.0;262807.0;;;;;;;;;;Hasenkamp ;;Entre Ríos;Argentina;Correo Argentino Clasico - Envio a domicilio;Mercado Pago;;;;28/12/2025;29/12/2025;Overall Taylor (L);80000;1;;Móvil;;;;Sí;;;;;
6691;cliente_0359@ejemplo.com;;;;;;;;;;;;;;;;;;;;;;;;;;;;;;Catsuit Nadira (XL);102000;1;;;;;;Sí;;;;;
6691;cliente_0359@ejemplo.com;;;;;;;;;;;;;;;;;;;;;;;;;;;;;;Vestido Fini (XL);70000;1;1761;;;;;Sí;;;;;
6690;cliente_0360@ejemplo.com;28/12/2025 12:28:07;Abierta;Recibido;Enviado;ARS;110000.0;0.0;5929.0;115929.0;;;;;;;;;;Moron;;Gran Buenos Aires;Argentina;Punto de retiro;Mercado Pago;;;;28/12/2025;29/12/2025;Vestido kalifa (L);110000;1;;Móvil;;;;Sí;;;;;
6689;cliente_0361@ejemplo.com;28/12/2025 09:28:37;Abierta;Recibido;Enviado;ARS;361250.0;72250.0;6337.0;295337.0;;;;;;;;;;Tigre;;Gran Buenos Aires;Argentina;Punto de retiro;Mercado Pago;;;;28/12/2025;29/12/2025;Vestido Amar (XL);123250;1;1814;Móvil;;;;Sí;;;;;
6689;cliente_0361@ejemplo.com;;;;;;;;;;;;;;;;;;;;;;;;;;;;;;Campera Alsira (L);110500;1;;;;;;Sí;;;;;
6689;cliente_0361@ejemplo.com;;;;;;;;;;;;;;;;;;;;;;;;;;;;;;Vestido Mery (XL);127500;1;;;;;;Sí;;;;;
6688;cliente_0002@ejemplo.com;27/12/2025 20:40:23;Abierta;Recibido;Enviado;ARS;249900.0;49980.0;7738.0;207658.0;;;;;;;;;;Córdoba ;;Córdoba;Argentina;Punto de retiro;Mercado Pago;;;;27/12/2025;29/12/2025;Campera Azura (XL);186150;1;;Móvil;;;;Sí;;;;;
6688;cliente_0002@ejemplo.com;;;;;;;;;;;;;;;;;;;;;;;;;;;;;;Jean Bahur (46);63750;1;;;;;;Sí;;;;;
6687;cliente_0362@ejemplo.com;27/12/2025 14:44:41;Abierta;Recibido;Enviado;ARS;73000.0;0.0;10101.0;83101.0;;;;;;;;;;Oncativo;;Córdoba;Argentina;Correo Argentino Clasico - Envio a domicilio;Mercado Pago;;;;27/12/2025;29/12/2025;Vestido Fara (L);73000;1;1771;Móvil;;;;Sí;;;;;
6686;cliente_0363@ejemplo.com;27/12/2025 14:36:47;Abierta;Recibido;Enviado;ARS;169150.0;33830.0;11112.99;146432.99;;;;;;;;;;Neuquén ;;Neuquén;Argentina;Correo Argentino Clasico - Envio a domicilio;Mercado Pago;;;;27/12/2025;29/12/2025;Campera Alsira (XL);110500;1;;Web;;;;Sí;;;;;
6686;cliente_0363@ejemplo.com;;;;;;;;;;;;;;;;;;;;;;;;;;;;;;Top Aisha (XL);58650;1;;;;;;Sí;;;;;
6684;cliente_0364@ejemplo.com;26/12/2025 17:12:13;Abierta;Recibido;Enviado;ARS;110500.0;0.0;8756.0;119256.0;;;;;;;;;;Ezpeleta;;Gran Buenos Aires;Argentina;Correo Argentino Clasico - Envio a domicilio;Mercado Pago;;;;26/12/2025;29/12/2025;Vestido Madib (XL);110500;1;1821;Móvil;;;;Sí;;;;;
6683;cliente_0365@ejemplo.com;26/12/2025 15:29:32;Abierta;Recibido;Enviado;ARS;216250.0;43250.0;10000.0;183000.0;;;;;;;;;;Capital Federal;;Capital Federal;Argentina;Envio en moto CABA;Mercado Pago;;;;26/12/2025;29/12/2025;Vestido kalifa (XL);110000;1;;Móvil;;;;Sí;;;;;
6683;cliente_0365@ejemplo.com;;;;;;;;;;;;;;;;;;;;;;;;;;;;;;Vestido Madison (L);106250;1;;;;;;Sí;;;;;
6682;cliente_0366@ejemplo.com;26/12/2025 10:23:19;Abierta;Recibido;Enviado;ARS;63000.0;0.0;8000.0;71000.0;;;;;;;;;;Capital Federal;;Capital Federal;Argentina;Envio en moto CABA;Mercado Pago;;;;26/12/2025;29/12/2025;Vestido Azucena (XL);63000;1;1786;Móvil;;;;Sí;;;;;
6681;cliente_0367@ejemplo.com;26/12/2025 09:49:25;Abierta;Recibido;Enviado;ARS;69000.0;0.0;5377.99;74377.99;;;;;;;;;;Uruguay;;Entre Ríos;Argentina;Punto de retiro;Mercado Pago;;;;26/12/2025;29/12/2025;Túnica Natasha (S);69000;1;;Móvil;;;;Sí;;;;;
6680;cliente_0368@ejemplo.com;25/12/2025 23:38:09;Abierta;Recibido;Enviado;ARS;110000.0;0.0;7256.0;117256.0;;;;;;;;;;Capital Federal;;Capital Federal;Argentina;Correo Argentino Clasico - Envio a domicilio;Mercado Pago;;;;25/12/2025;26/12/2025;Vestido kalifa (L);110000;1;;Móvil;;;;Sí;;;;;
6678;cliente_0369@ejemplo.com;25/12/2025 20:37:29;Abierta;Recibido;Enviado;ARS;120700.0;24140.0;9612.99;106172.99;;;;;;;;;;La banda;;Santiago del Estero;Argentina;Correo Argentino Clasico - Envio a domicilio;Mercado Pago;;;;25/12/2025;26/12/2025;Jean Karim (42);62050;1;;Móvil;;;;Sí;;;;;
6678;cliente_0369@ejemplo.com;;;;;;;;;;;;;;;;;;;;;;;;;;;;;;Chaleco Farid (XL);58650;1;;;;;;Sí;;;;;
6677;cliente_0370@ejemplo.com;25/12/2025 18:49:34;Abierta;Recibido;Enviado;ARS;58650.0;0.0;4429.0;63079.0;;;;;;;;;;Vicente López;;Gran Buenos Aires;Argentina;Punto de retiro;Mercado Pago;;;;25/12/2025;26/12/2025;Top Aisha (L);58650;1;;Móvil;;;;Sí;;;;;
6676;cliente_0371@ejemplo.com;25/12/2025 14:34:37;Abierta;Recibido;Enviado;ARS;110000.0;0.0;8601.0;118601.0;;;;;;;;;;25 De Mayo ;;Buenos Aires;Argentina;Correo Argentino Clasico - Envio a domicilio;Transferencia o depósito bancario;;;;29/12/2025;29/12/2025;Vestido kalifa (XL);110000;1;;Móvil;;;;Sí;;;;;
6675;cliente_0372@ejemplo.com;25/12/2025 14:22:56;Abierta;Recibido;Enviado;ARS;69000.0;0.0;5867.0;74867.0;;;;;;;;;;San Miguel de Tucumán;;Tucumán;Argentina;Punto de retiro;Mercado Pago;;;;25/12/2025;26/12/2025;Túnica Natasha (M);69000;1;;Móvil;;;;Sí;;;;;
6674;cliente_0373@ejemplo.com;25/12/2025 11:33:15;Abierta;Recibido;Enviado;ARS;300500.0;47500.0;9307.0;262307.0;;;;;;;;;;Capital;;La Pampa;Argentina;Correo Argentino Clasico - Envio a domicilio;Mercado Pago;;;;25/12/2025;26/12/2025;Vestido Azucena (XL);63000;1;1786;Móvil;;;;Sí;;;;;
6674;cliente_0373@ejemplo.com;;;;;;;;;;;;;;;;;;;;;;;;;;;;;;Vestido Sakar (XL);127500;1;;;;;;Sí;;;;;
6674;cliente_0373@ejemplo.com;;;;;;;;;;;;;;;;;;;;;;;;;;;;;;Vestido kalifa (XL);110000;1;;;;;;Sí;;;;;
6672;cliente_0374@ejemplo.com;24/12/2025 13:48:47;Abierta;Recibido;Enviado;ARS;106250.0;0.0;7256.0;113506.0;;;;;;;;;;Lanus Éste ;;Gran Buenos Aires;Argentina;Correo Argentino Clasico - Envio a domicilio;Mercado Pago;;;;24/12/2025;26/12/2025;Vestido Serena (L);106250;1;;Móvil;;;;Sí;;;;;
6671;cliente_0247@ejemplo.com;24/12/2025 13:34:58;Abierta;Recibido;Enviado;ARS;356500.0;71300.0;18419.0;303619.0;;;;;;;;;;Córdoba Capital;;Córdoba;Argentina;Correo Argentino Clasico - Envio a domicilio;Mercado Pago;;;;24/12/2025;26/12/2025;Vestido kalifa (XL);110000;1;;Móvil;;;;Sí;;;;;
6671;cliente_0247@ejemplo.com;;;;;;;;;;;;;;;;;;;;;;;;;;;;;;Vestido Rachel (XL);68000;1;;;;;;Sí;;;;;
6671;cliente_0247@ejemplo.com;;;;;;;;;;;;;;;;;;;;;;;;;;;;;;Vestido Serena (M);106250;1;;;;;;Sí;;;;;
6671;cliente_0247@ejemplo.com;;;;;;;;;;;;;;;;;;;;;;;;;;;;;;Vestido Melody (L);72250;1;;;;;;Sí;;;;;
6670;cliente_0375@ejemplo.com;24/12/2025 12:12:08;Abierta;Recibido;Enviado;ARS;153000.0;0.0;8000.0;161000.0;;;;;;;;;;Capital Federal;;Capital Federal;Argentina;Envio en moto CABA;Mercado Pago;;;;24/12/2025;29/12/2025;Overall Adam (L);83000;1;;Móvil;;;;Sí;;;;;
6670;cliente_0375@ejemplo.com;;;;;;;;;;;;;;;;;;;;;;;;;;;;;;Vestido Fini (L);70000;1;1761;;;;;Sí;;;;;
6669;cliente_0376@ejemplo.com;24/12/2025 11:03:43;Abierta;Recibido;Enviado;ARS;110000.0;0.0;7256.0;117256.0;;;;;;;;;;Escobar;;Gran Buenos Aires;Argentina;Correo Argentino Clasico - Envio a domicilio;Mercado Pago;;;;24/12/2025;26/12/2025;Vestido kalifa (M);110000;1;;Móvil;;;;Sí;;;;;
6668;cliente_0377@ejemplo.com;24/12/2025 06:50:04;Abierta;Recibido;Enviado;ARS;60000.0;0.0;8601.0;68601.0;;;;;;;;;;Villa María ;;Córdoba;Argentina;Correo Argentino Clasico - Envio a domicilio;Mercado Pago;;;;24/12/2025;26/12/2025;Vestido Jackie (M);60000;1;1770;Móvil;;;;Sí;;;;;
6667;cliente_0378@ejemplo.com;24/12/2025 00:53:55;Abierta;Recibido;Enviado;ARS;68000.0;0.0;7256.0;75256.0;;;;;;;;;;Capital Federal;;Capital Federal;Argentina;Correo Argentino Clasico - Envio a domicilio;Mercado Pago;;;;24/12/2025;26/12/2025;Vestido Mora (XL);68000;1;;Móvil;;;;Sí;;;;;
6665;cliente_0379@ejemplo.com;23/12/2025 19:41:55;Abierta;Recibido;Enviado;ARS;131750.0;0.0;7256.0;139006.0;;;;;;;;;;Zárate ;;Buenos Aires;Argentina;Correo Argentino Clasico - Envio a domicilio;Mercado Pago;;;;23/12/2025;26/12/2025;Vestido Samira (XL);131750;1;;Móvil;;;;Sí;;;;;
6664;cliente_0380@ejemplo.com;23/12/2025 15:06:42;Abierta;Recibido;Enviado;ARS;125000.0;0.0;4429.0;129429.0;;;;;;;;;;Avellaneda;;Gran Buenos Aires;Argentina;Punto de retiro;Transferencia o depósito bancario;;;;24/12/2025;26/12/2025;Vestido Serena (XL);125000;1;;Móvil;;;;Sí;;;;;
6663;cliente_0381@ejemplo.com;22/12/2025 22:01:47;Abierta;Recibido;Enviado;ARS;37000.0;0.0;5867.0;42867.0;;;;;;;;;;San Miguel de Tucumán;;Tucumán;Argentina;Punto de retiro;Mercado Pago;;;;22/12/2025;26/12/2025;Vestido Giuli (M);37000;1;;Móvil;;;;Sí;;;;;
6662;cliente_0382@ejemplo.com;22/12/2025 19:13:05;Abierta;Recibido;Enviado;ARS;106250.0;0.0;4429.0;110679.0;;;;;;;;;;Hurlingham;;Gran Buenos Aires;Argentina;Punto de retiro;Mercado Pago;;;;22/12/2025;26/12/2025;Vestido Serena (M);106250;1;;Móvil;;;;Sí;;;;;
6661;cliente_0383@ejemplo.com;22/12/2025 16:31:26;Abierta;Recibido;Enviado;ARS;60000.0;0.0;7256.0;67256.0;;;;;;;;;;Ezpeleta;;Gran Buenos Aires;Argentina;Correo Argentino Clasico - Envio a domicilio;Mercado Pago;;;;22/12/2025;26/12/2025;Vestido Jackie (L);60000;1;1770;Móvil;;;;Sí;;;;;
6659;cliente_0384@ejemplo.com;22/12/2025 11:11:56;Abierta;Recibido;Enviado;ARS;186150.0;0.0;8601.0;194751.0;;;;;;;;;;Mar Del Plata ;;Buenos Aires;Argentina;Correo Argentino Clasico - Envio a domicilio;Mercado Pago;;;;22/12/2025;22/12/2025;Campera Azura (M);186150;1;;Web;;;;Sí;;;;;
6658;cliente_0385@ejemplo.com;22/12/2025 07:55:16;Abierta;Recibido;Enviado;ARS;110000.0;0.0;7256.0;117256.0;;;;;;;;;;Esteban Echeverria - Canning;;Gran Buenos Aires;Argentina;Correo Argentino Clasico - Envio a domicilio;Mercado Pago;;;;22/12/2025;26/12/2025;Vestido kalifa (M);110000;1;;Web;;;;Sí;;;;;
6657;cliente_0386@ejemplo.com;22/12/2025 05:33:31;Abierta;Recibido;Enviado;ARS;106250.0;0.0;4429.0;110679.0;;;;;;;;;;Avellaneda;;Gran Buenos Aires;Argentina;Punto de retiro;Mercado Pago;;;;22/12/2025;22/12/2025;Vestido Madison (XL);106250;1;;Móvil;;;;Sí;;;;;
6656;cliente_0387@ejemplo.com;21/12/2025 21:15:20;Abierta;Recibido;Enviado;ARS;123250.0;0.0;9324.0;132574.0;;;;;;;;;;Rio Chico;;Tucumán;Argentina;Correo Argentino Clasico - Envio a domicilio;Mercado Pago;;;;21/12/2025;22/12/2025;Vestido Amar (L);123250;1;1814;Móvil;;;;Sí;;;;;
6653;cliente_0388@ejemplo.com;21/12/2025 12:04:23;Abierta;Recibido;Enviado;ARS;60000.0;0.0;8601.0;68601.0;;;;;;;;;;Parera;;La Pampa;Argentina;Correo Argentino Clasico - Envio a domicilio;Mercado Pago;;;;21/12/2025;22/12/2025;Vestido Jackie (L);60000;1;1770;Móvil;;;;Sí;;;;;
6652;cliente_0389@ejemplo.com;21/12/2025 12:00:34;Abierta;Recibido;Enviado;ARS;68000.0;0.0;10592.01;78592.01;;;;;;;;;;Vicente López ;;Gran Buenos Aires;Argentina;Correo Argentino Clasico - Envio a domicilio;Mercado Pago;;;;21/12/2025;22/12/2025;Vestido Rachel (XL);68000;1;;Móvil;;;;Sí;;;;;
6651;cliente_0390@ejemplo.com;21/12/2025 09:36:36;Abierta;Recibido;Enviado;ARS;84150.0;0.0;8601.0;92751.0;;;;;;;;;;La Plata;;Buenos Aires;Argentina;Correo Argentino Clasico - Envio a domicilio;Transferencia o depósito bancario;;;;22/12/2025;22/12/2025;Chaleco Alindra (XL);84150;1;;Móvil;;;;Sí;;;;;
6650;cliente_0391@ejemplo.com;20/12/2025 22:54:43;Abierta;Recibido;Enviado;ARS;69000.0;0.0;8601.0;77601.0;;;;;;;;;;Agustín Roca ;;Buenos Aires;Argentina;Correo Argentino Clasico - Envio a domicilio;Mercado Pago;;;;20/12/2025;22/12/2025;Túnica Natasha (M);69000;1;;Móvil;;;;Sí;;;;;
6649;cliente_0392@ejemplo.com;20/12/2025 22:53:20;Abierta;Recibido;Enviado;ARS;72250.0;0.0;4429.0;76679.0;;;;;;;;;;La Matanza;;Gran Buenos Aires;Argentina;Punto de retiro;Mercado Pago;;;;20/12/2025;22/12/2025;Vestido Melody (XL);72250;1;;Móvil;;;;Sí;;;;;
6648;cliente_0393@ejemplo.com;20/12/2025 20:08:40;Abierta;Recibido;Enviado;ARS;125000.0;0.0;8000.0;133000.0;;;;;;;;;;Capital Federal;;Capital Federal;Argentina;Envio en moto CABA;Mercado Pago;;;;20/12/2025;26/12/2025;Vestido Olivia (M);60000;1;;Móvil;;;;Sí;;;;;
6648;cliente_0393@ejemplo.com;;;;;;;;;;;;;;;;;;;;;;;;;;;;;;Vestido Bianca (M);65000;1;1710;;;;;Sí;;;;;
6647;cliente_0394@ejemplo.com;20/12/2025 14:20:02;Abierta;Recibido;Enviado;ARS;215750.0;34750.0;18419.0;199419.0;;;;;;;;;;Cordoba;;Córdoba;Argentina;Correo Argentino Clasico - Envio a domicilio;Mercado Pago;;;;20/12/2025;22/12/2025;Jeans Calix (44);42000;1;1747;Móvil;;;;Sí;;;;;
6647;cliente_0394@ejemplo.com;;;;;;;;;;;;;;;;;;;;;;;;;;;;;;Vestido kalifa (L);110000;1;;;;;;Sí;;;;;
6647;cliente_0394@ejemplo.com;;;;;;;;;;;;;;;;;;;;;;;;;;;;;;Jean Bahur (46);63750;1;;;;;;Sí;;;;;
6646;cliente_0236@ejemplo.com;20/12/2025 13:44:37;Abierta;Recibido;Enviado;ARS;125800.0;25160.0;9612.99;110252.99;;;;;;;;;;Plaza Huincul;;Neuquén;Argentina;Correo Argentino Clasico - Envio a domicilio;Mercado Pago;;;;20/12/2025;22/12/2025;Jean Karim (38);62050;1;;Móvil;;;;Sí;;;;;
6646;cliente_0236@ejemplo.com;;;;;;;;;;;;;;;;;;;;;;;;;;;;;;Jean Bahur (38);63750;1;;;;;;Sí;;;;;
6645;cliente_0182@ejemplo.com;20/12/2025 11:40:12;Abierta;Recibido;Enviado;ARS;299200.0;59840.0;16303.0;255663.0;;;;;;;;;;Punilla;;Córdoba;Argentina;Punto de retiro;Mercado Pago;;;;20/12/2025;22/12/2025;Short Salim (L, Azul);55250;1;;Móvil;;;;Sí;;;;;
6645;cliente_0182@ejemplo.com;;;;;;;;;;;;;;;;;;;;;;;;;;;;;;Chaleco Farid (L);58650;1;;;;;;Sí;;;;;
6645;cliente_0182@ejemplo.com;;;;;;;;;;;;;;;;;;;;;;;;;;;;;;Jean Karim (42);62050;1;;;;;;Sí;;;;;
6645;cliente_0182@ejemplo.com;;;;;;;;;;;;;;;;;;;;;;;;;;;;;;Vestido Salma (L);123250;1;1789;;;;;Sí;;;;;
6644;cliente_0395@ejemplo.com;19/12/2025 23:58:16;Abierta;Recibido;Enviado;ARS;106250.0;0.0;7256.0;113506.0;;;;;;;;;;Pilar;;Gran Buenos Aires;Argentina;Correo Argentino Clasico - Envio a domicilio;Mercado Pago;;;;19/12/2025;22/12/2025;Vestido Serena (L);106250;1;;Móvil;;;;Sí;;;;;
6643;cliente_0396@ejemplo.com;19/12/2025 22:50:50;Abierta;Recibido;Enviado;ARS;131665.0;0.0;7256.0;138921.0;;;;;;;;;;Capital Federal;;Capital Federal;Argentina;Correo Argentino Clasico - Envio a domicilio;Mercado Pago;;;;19/12/2025;22/12/2025;Vestido Iman (XL);131665;1;;Móvil;;;;Sí;;;;;
6642;cliente_0397@ejemplo.com;19/12/2025 21:27:10;Abierta;Recibido;Enviado;ARS;186150.0;0.0;8601.0;194751.0;;;;;;;;;;Paraná ;;Entre Ríos;Argentina;Correo Argentino Clasico - Envio a domicilio;Mercado Pago;;;;19/12/2025;22/12/2025;Campera Azura (XL);186150;1;;Móvil;;;;Sí;;;;;
6640;cliente_0398@ejemplo.com;19/12/2025 11:19:37;Abierta;Recibido;Enviado;ARS;55000.0;0.0;9324.0;64324.0;;;;;;;;;;Corrientes ;;Corrientes;Argentina;Correo Argentino Clasico - Envio a domicilio;Mercado Pago;;;;19/12/2025;22/12/2025;Vestido Ashlyn (S);55000;1;1723;Móvil;;;;Sí;;;;;
6639;cliente_0399@ejemplo.com;18/12/2025 13:45:02;Abierta;Recibido;Enviado;ARS;186150.0;0.0;5377.99;191527.99;;;;;;;;;;La Plata;;Buenos Aires;Argentina;Punto de retiro;Transferencia o depósito bancario;;;;18/12/2025;22/12/2025;Campera Azura (XL);186150;1;;Web;;;;Sí;;;;;
6637;cliente_0400@ejemplo.com;18/12/2025 09:07:27;Abierta;Recibido;Enviado;ARS;54000.0;0.0;7256.0;61256.0;;;;;;;;;;Tigre;;Gran Buenos Aires;Argentina;Correo Argentino Clasico - Envio a domicilio;Mercado Pago;;;;18/12/2025;18/12/2025;Falda Irina (S);54000;1;;Móvil;;;;Sí;;;;;
6636;cliente_0401@ejemplo.com;18/12/2025 00:10:56;Abierta;Recibido;Enviado;ARS;106250.0;0.0;9389.0;115639.0;;;;;;;;;;Oran ;;Salta;Argentina;Correo Argentino Clasico - Envio a domicilio;Mercado Pago;;;;18/12/2025;18/12/2025;Vestido Madison (M);106250;1;;Móvil;;;;Sí;;;;;
6635;cliente_0402@ejemplo.com;17/12/2025 22:29:50;Abierta;Recibido;Enviado;ARS;396400.0;0.0;10433.0;406833.0;;;;;;;;;;Barranqueras;;Chaco;Argentina;Correo Argentino Clasico - Envio a domicilio;Mercado Pago;;;;17/12/2025;18/12/2025;Overall Venus (XL, Azul);75000;1;;Móvil;;;;Sí;;;;;
6635;cliente_0402@ejemplo.com;;;;;;;;;;;;;;;;;;;;;;;;;;;;;;Vestido Azucena (XL);63000;1;1786;;;;;Sí;;;;;
6635;cliente_0402@ejemplo.com;;;;;;;;;;;;;;;;;;;;;;;;;;;;;;Vestido Melody (XL);72250;1;;;;;;Sí;;;;;
6635;cliente_0402@ejemplo.com;;;;;;;;;;;;;;;;;;;;;;;;;;;;;;Campera Azura (XL);186150;1;;;;;;Sí;;;;;
6634;cliente_0403@ejemplo.com;17/12/2025 19:29:29;Abierta;Recibido;Enviado;ARS;85000.0;0.0;8136.0;93136.0;;;;;;;;;;Belén de Escobar Puertos;;Gran Buenos Aires;Argentina;Correo Argentino Clasico - Envio a domicilio;Mercado Pago;;;;17/12/2025;18/12/2025;Vestido Mandy (S);85000;1;;Móvil;;;;Sí;;;;;
6633;cliente_0404@ejemplo.com;17/12/2025 17:42:13;Abierta;Recibido;Enviado;ARS;68000.0;0.0;10592.01;78592.01;;;;;;;;;;Quilmes Oeste;;Gran Buenos Aires;Argentina;Correo Argentino Clasico - Envio a domicilio;Mercado Pago;;;;17/12/2025;18/12/2025;Vestido Rachel (M);68000;1;;Móvil;;;;Sí;;;;;
6632;cliente_0405@ejemplo.com;17/12/2025 14:55:50;Abierta;Recibido;Enviado;ARS;169250.0;0.0;8841.0;178091.0;;;;;;;;;;Rosario;;Santa Fe;Argentina;Correo Argentino Clasico - Envio a domicilio;Mercado Pago;;;;17/12/2025;18/12/2025;Vestido Azucena (XL);63000;1;1786;Móvil;;;;Sí;;;;;
6632;cliente_0405@ejemplo.com;;;;;;;;;;;;;;;;;;;;;;;;;;;;;;Vestido Madison (XL);106250;1;;;;;;Sí;;;;;
6631;cliente_0406@ejemplo.com;17/12/2025 14:38:25;Abierta;Recibido;Enviado;ARS;127500.0;0.0;8000.0;135500.0;;;;;;;;;;Capital Federal;;Capital Federal;Argentina;Envio en moto CABA;Mercado Pago;;;;17/12/2025;22/12/2025;Vestido Sakar (M);127500;1;;Web;;;;Sí;;;;;
6630;cliente_0407@ejemplo.com;17/12/2025 14:09:47;Abierta;Recibido;Enviado;ARS;106250.0;0.0;4429.0;110679.0;;;;;;;;;;Vicente López;;Gran Buenos Aires;Argentina;Punto de retiro;Mercado Pago;;;;17/12/2025;18/12/2025;Vestido Madison (XL);106250;1;;Web;;;;Sí;;;;;
6629;cliente_0408@ejemplo.com;17/12/2025 11:52:14;Abierta;Recibido;Enviado;ARS;80000.0;0.0;13898.0;93898.0;;;;;;;;;;Pehuajó;;Buenos Aires;Argentina;Correo Argentino Clasico - Envio a domicilio;Mercado Pago;;;;17/12/2025;18/12/2025;Overall Carola (L);80000;1;;Móvil;;;;Sí;;;;;
6628;cliente_0109@ejemplo.com;17/12/2025 07:49:54;Abierta;Recibido;Enviado;ARS;127500.0;0.0;6238.0;133738.0;;;;;;;;;;Nogoyá;;Entre Ríos;Argentina;Punto de retiro;Transferencia o depósito bancario;;;;17/12/2025;17/12/2025;Vestido Melody (L);72250;1;;Móvil;;;;Sí;;;;;
6628;cliente_0109@ejemplo.com;;;;;;;;;;;;;;;;;;;;;;;;;;;;;;Jeans Arlet (40);55250;1;1762;;;;;Sí;;;;;
6627;cliente_0409@ejemplo.com;17/12/2025 07:33:37;Abierta;Recibido;Enviado;ARS;106250.0;0.0;9389.0;115639.0;;;;;;;;;;Comodoro rivadavia;;Chubut;Argentina;Correo Argentino Clasico - Envio a domicilio;Transferencia o depósito bancario;;;;17/12/2025;17/12/2025;Vestido Serena (M);106250;1;;Móvil;;;;Sí;;;;;
6626;cliente_0410@ejemplo.com;16/12/2025 22:16:58;Abierta;Recibido;Enviado;ARS;75000.0;0.0;5377.99;80377.99;;;;;;;;;;Rosario;;Santa Fe;Argentina;Punto de retiro;Mercado Pago;;;;16/12/2025;17/12/2025;Catsuit Fame (S);75000;1;;Móvil;;;;Sí;;;;;
6625;cliente_0411@ejemplo.com;16/12/2025 21:10:37;Abierta;Recibido;Enviado;ARS;37000.0;0.0;7256.0;44256.0;;;;;;;;;;Buenos Aires ;;Gran Buenos Aires;Argentina;Correo Argentino Clasico - Envio a domicilio;Mercado Pago;;;;16/12/2025;17/12/2025;Vestido Giuli (L);37000;1;;Móvil;;;;Sí;;;;;
6624;cliente_0412@ejemplo.com;16/12/2025 15:59:28;Abierta;Recibido;Enviado;ARS;203500.0;0.0;8000.0;211500.0;;;;;;;;;;Capital Federal;;Capital Federal;Argentina;Envio en moto CABA;Mercado Pago;;;;16/12/2025;26/12/2025;Campera Alsira (XL);110500;1;;Móvil;;;;Sí;;;;;
6624;cliente_0412@ejemplo.com;;;;;;;;;;;;;;;;;;;;;;;;;;;;;;Falda Zoe (M);45000;1;;;;;;Sí;;;;;
6624;cliente_0412@ejemplo.com;;;;;;;;;;;;;;;;;;;;;;;;;;;;;;Camisa Lotus (L);48000;1;1677;;;;;Sí;;;;;
6622;cliente_0413@ejemplo.com;16/12/2025 12:05:36;Abierta;Recibido;Enviado;ARS;51000.0;0.0;9324.0;60324.0;;;;;;;;;;Rivadavia;;San Juan;Argentina;Correo Argentino Clasico - Envio a domicilio;Mercado Pago;;;;16/12/2025;17/12/2025;Jean Jordan (40);51000;1;;Móvil;;;;Sí;;;;;
6621;cliente_0414@ejemplo.com;16/12/2025 11:25:24;Abierta;Recibido;Enviado;ARS;84150.0;0.0;4429.0;88579.0;;;;;;;;;;Avellaneda;;Gran Buenos Aires;Argentina;Punto de retiro;Mercado Pago;;;;16/12/2025;17/12/2025;Vestido Nour (XL);84150;1;;Móvil;;;;Sí;;;;;
6620;cliente_0415@ejemplo.com;15/12/2025 19:58:18;Abierta;Recibido;Enviado;ARS;55000.0;0.0;7256.0;62256.0;;;;;;;;;;Pilar;;Gran Buenos Aires;Argentina;Correo Argentino Clasico - Envio a domicilio;Mercado Pago;;;;15/12/2025;16/12/2025;Vestido Magda (M);55000;1;;Móvil;;;;Sí;;;;;
6619;cliente_0170@ejemplo.com;15/12/2025 19:17:58;Abierta;Recibido;Enviado;ARS;110500.0;0.0;4429.0;114929.0;;;;;;;;;;Escobar;;Gran Buenos Aires;Argentina;Punto de retiro;Mercado Pago;;;;15/12/2025;16/12/2025;Vestido Madib (M);110500;1;;Móvil;;;;Sí;;;;;
6618;cliente_0416@ejemplo.com;15/12/2025 18:13:26;Abierta;Recibido;Enviado;ARS;127500.0;0.0;9324.0;136824.0;;;;;;;;;;San martin de los andes ;;Neuquén;Argentina;Correo Argentino Clasico - Envio a domicilio;Mercado Pago;;;;15/12/2025;16/12/2025;Vestido Sakar (M);127500;1;;Móvil;;;;Sí;;;;;
6617;cliente_0417@ejemplo.com;15/12/2025 18:07:12;Abierta;Recibido;Enviado;ARS;63000.0;0.0;4429.0;67429.0;;;;;;;;;;Caba;;Capital Federal;Argentina;Punto de retiro;Mercado Pago;;;;15/12/2025;16/12/2025;Vestido Zaira (Azul, S);63000;1;1780;Móvil;;;;Sí;;;;;
6616;cliente_0418@ejemplo.com;15/12/2025 17:36:10;Abierta;Recibido;Enviado;ARS;106250.0;0.0;7256.0;113506.0;;;;;;;;;;Lomas de Zamora;;Gran Buenos Aires;Argentina;Correo Argentino Clasico - Envio a domicilio;Mercado Pago;;;;15/12/2025;16/12/2025;Vestido Serena (S);106250;1;;Móvil;;;;Sí;;;;;
6614;cliente_0419@ejemplo.com;15/12/2025 16:47:33;Abierta;Recibido;Enviado;ARS;123250.0;0.0;9324.0;132574.0;;;;;;;;;;Luján de cuyo mendoza ;;Mendoza;Argentina;Correo Argentino Clasico - Envio a domicilio;Transferencia o depósito bancario;;;;16/12/2025;17/12/2025;Vestido Amar (XL);123250;1;;Móvil;;;;Sí;;;;;
6613;cliente_0420@ejemplo.com;15/12/2025 13:13:32;Abierta;Recibido;Enviado;ARS;69000.0;0.0;7256.0;76256.0;;;;;;;;;;Avellaneda;;Gran Buenos Aires;Argentina;Correo Argentino Clasico - Envio a domicilio;Mercado Pago;;;;15/12/2025;16/12/2025;Vestido Jackie (S);69000;1;;Web;;;;Sí;;;;;
6612;cliente_0421@ejemplo.com;15/12/2025 11:49:20;Abierta;Recibido;Enviado;ARS;172500.0;0.0;6752.0;179252.0;;;;;;;;;;Monteros ;;Tucumán;Argentina;Punto de retiro;Mercado Pago;;;;15/12/2025;16/12/2025;Vestido Sakar (M);127500;1;;Móvil;;;;Sí;;;;;
6612;cliente_0421@ejemplo.com;;;;;;;;;;;;;;;;;;;;;;;;;;;;;;Falda Vivianne (M);45000;1;;;;;;Sí;;;;;
6611;cliente_0422@ejemplo.com;15/12/2025 11:35:45;Abierta;Recibido;Enviado;ARS;69000.0;0.0;5867.0;74867.0;;;;;;;;;;Zapala;;Neuquén;Argentina;Punto de retiro;Mercado Pago;;;;15/12/2025;16/12/2025;Vestido Jackie (L);69000;1;;Móvil;;;;Sí;;;;;
6610;cliente_0423@ejemplo.com;15/12/2025 10:09:13;Abierta;Recibido;Enviado;ARS;69000.0;0.0;7256.0;76256.0;;;;;;;;;;Gregorio de Laferrere;;Buenos Aires;Argentina;Correo Argentino Clasico - Envio a domicilio;Mercado Pago;;;;15/12/2025;16/12/2025;Vestido Jackie (L);69000;1;;Móvil;;;;Sí;;;;;
6609;cliente_0424@ejemplo.com;15/12/2025 09:47:52;Abierta;Recibido;Enviado;ARS;80000.0;0.0;17061.0;97061.0;;;;;;;;;;Río Pico;;Chubut;Argentina;Correo Argentino Clasico - Envio a domicilio;Transferencia o depósito bancario;;;;15/12/2025;16/12/2025;Overall Carola (L);80000;1;;Móvil;;;;Sí;;;;;
6608;cliente_0425@ejemplo.com;15/12/2025 01:42:26;Abierta;Recibido;Enviado;ARS;75000.0;0.0;4429.0;79429.0;;;;;;;;;;Vicente López;;Gran Buenos Aires;Argentina;Punto de retiro;Mercado Pago;;;;15/12/2025;16/12/2025;Overall Mara (S);75000;1;;Móvil;;;;Sí;;;;;
6606;cliente_0426@ejemplo.com;14/12/2025 21:50:50;Abierta;Recibido;Enviado;ARS;110000.0;55000.0;4709.0;59709.0;;;;;;;;;;Avellaneda;;Gran Buenos Aires;Argentina;Punto de retiro;Mercado Pago;;;;14/12/2025;16/12/2025;Vestido Magda (L);55000;1;;Móvil;;;;Sí;;;;;
6606;cliente_0426@ejemplo.com;;;;;;;;;;;;;;;;;;;;;;;;;;;;;;Vestido Nuria (XL);55000;1;;;;;;Sí;;;;;
6605;cliente_0427@ejemplo.com;14/12/2025 20:44:31;Abierta;Recibido;Enviado;ARS;88000.0;40000.0;8000.0;56000.0;;;;;;;;;;Capital Federal;;Capital Federal;Argentina;Envio en moto CABA;Transferencia o depósito bancario;;;;15/12/2025;17/12/2025;Camisa Ivette (S);48000;1;1412;Móvil;;;;Sí;;;;;
6605;cliente_0427@ejemplo.com;;;;;;;;;;;;;;;;;;;;;;;;;;;;;;Jeans Calix Snow (38);40000;1;1767;;;;;Sí;;;;;
6604;cliente_0428@ejemplo.com;14/12/2025 18:52:32;Abierta;Recibido;Enviado;ARS;125000.0;0.0;4429.0;129429.0;;;;;;;;;;Capital Federal;;Capital Federal;Argentina;Punto de retiro;Mercado Pago;;;;14/12/2025;16/12/2025;Vestido Serena (XL);125000;1;;Móvil;;;;Sí;;;;;
6603;cliente_0429@ejemplo.com;14/12/2025 15:54:43;Abierta;Recibido;Enviado;ARS;55000.0;0.0;6106.0;61106.0;;;;;;;;;;Guer Aike;;Santa Cruz;Argentina;Punto de retiro;Transferencia o depósito bancario;;;;15/12/2025;16/12/2025;Jean Beca (XL);55000;1;;Móvil;;;;Sí;;;;;
6602;cliente_0430@ejemplo.com;14/12/2025 15:48:52;Abierta;Recibido;Enviado;ARS;69000.0;0.0;4429.0;73429.0;;;;;;;;;;Hurlingham;;Gran Buenos Aires;Argentina;Punto de retiro;Transferencia o depósito bancario;;;;15/12/2025;16/12/2025;Vestido Jackie (M);69000;1;;Móvil;;;;Sí;;;;;
6601;cliente_0431@ejemplo.com;14/12/2025 10:04:38;Abierta;Recibido;Enviado;ARS;83000.0;0.0;7256.0;90256.0;;;;;;;;;;Capital Federal;;Capital Federal;Argentina;Correo Argentino Clasico - Envio a domicilio;Transferencia o depósito bancario;;;;15/12/2025;16/12/2025;Overall Makena (Celeste, S);83000;1;;Móvil;;;;Sí;;;;;
6600;cliente_0432@ejemplo.com;14/12/2025 00:58:21;Abierta;Recibido;Enviado;ARS;102000.0;50000.0;7913.0;59913.0;;;;;;;;;;Capital Federal;;Capital Federal;Argentina;Correo Argentino Clasico - Envio a domicilio;Transferencia o depósito bancario;;;;15/12/2025;16/12/2025;Jeans Richi (44, Celeste);50000;1;;Móvil;;;;Sí;;;;;
6600;cliente_0432@ejemplo.com;;;;;;;;;;;;;;;;;;;;;;;;;;;;;;Jean Boho (44);52000;1;;;;;;Sí;;;;;
6599;cliente_0433@ejemplo.com;13/12/2025 17:32:23;Abierta;Recibido;Enviado;ARS;91000.0;39000.0;16303.0;68303.0;;;;;;;;;;General Pueyrredón;;Buenos Aires;Argentina;Punto de retiro;Mercado Pago;;;;13/12/2025;16/12/2025;Jean Boho (38);52000;1;;Móvil;;;;Sí;;;;;
6599;cliente_0433@ejemplo.com;;;;;;;;;;;;;;;;;;;;;;;;;;;;;;Jeans Enzo (38);39000;1;1748;;;;;Sí;;;;;
6598;cliente_0002@ejemplo.com;13/12/2025 16:53:35;Abierta;Recibido;Enviado;ARS;126000.0;54000.0;6238.0;78238.0;;;;;;;;;;Córdoba ;;Córdoba;Argentina;Punto de retiro;Mercado Pago;;;;13/12/2025;16/12/2025;Jean Jordan (46);54000;1;;Móvil;;;;Sí;;;;;
6598;cliente_0002@ejemplo.com;;;;;;;;;;;;;;;;;;;;;;;;;;;;;;Vestido Fini (XL);72000;1;;;;;;Sí;;;;;
6597;cliente_0434@ejemplo.com;13/12/2025 15:46:34;Abierta;Recibido;Enviado;ARS;60000.0;0.0;4429.0;64429.0;;;;;;;;;;Capital Federal;;Capital Federal;Argentina;Punto de retiro;Mercado Pago;;;;13/12/2025;16/12/2025;Vestido Bianca (S);60000;1;;Web;;;;Sí;;;;;
6596;cliente_0435@ejemplo.com;13/12/2025 15:38:02;Abierta;Recibido;Enviado;ARS;245000.0;120000.0;9612.99;134612.99;;;;;;;;;;La clotilde;;Chaco;Argentina;Correo Argentino Clasico - Envio a domicilio;Mercado Pago;;;;13/12/2025;16/12/2025;Overall Adam (L);120000;1;;Móvil;;;;Sí;;;;;
6596;cliente_0435@ejemplo.com;;;;;;;;;;;;;;;;;;;;;;;;;;;;;;Overall Makena (Celeste, M);125000;1;;;;;;Sí;;;;;
6595;cliente_0436@ejemplo.com;13/12/2025 13:11:12;Abierta;Recibido;Enviado;ARS;69000.0;0.0;7256.0;76256.0;;;;;;;;;;Belen de Escobar;;Gran Buenos Aires;Argentina;Correo Argentino Clasico - Envio a domicilio;Mercado Pago;;;;13/12/2025;16/12/2025;Chaleco Farid (L);69000;1;;Móvil;;;;Sí;;;;;
6594;cliente_0437@ejemplo.com;13/12/2025 12:01:54;Abierta;Recibido;Enviado;ARS;145000.0;72000.0;7240.99;80240.99;;;;;;;;;;Comodoro rivadavia;;Chubut;Argentina;Punto de retiro;Mercado Pago;;;;13/12/2025;16/12/2025;Vestido Catalina (XL);73000;1;;Móvil;;;;Sí;;;;;
6594;cliente_0437@ejemplo.com;;;;;;;;;;;;;;;;;;;;;;;;;;;;;;Vestido Ula (L);72000;1;;;;;;Sí;;;;;
6593;cliente_0438@ejemplo.com;13/12/2025 11:37:42;Abierta;Recibido;Enviado;ARS;215000.0;90000.0;10670.0;135670.0;;;;;;;;;;Paraná;;Entre Ríos;Argentina;Punto de retiro;Mercado Pago;;;;13/12/2025;16/12/2025;Vestido Bianca (M);60000;1;;Móvil;;;;Sí;;;;;
6593;cliente_0438@ejemplo.com;;;;;;;;;;;;;;;;;;;;;;;;;;;;;;Vestido Angel (L);65000;1;;;;;;Sí;;;;;
6593;cliente_0438@ejemplo.com;;;;;;;;;;;;;;;;;;;;;;;;;;;;;;Falda Vivianne (M);45000;1;;;;;;Sí;;;;;
6593;cliente_0438@ejemplo.com;;;;;;;;;;;;;;;;;;;;;;;;;;;;;;Chaleco Noya (S);45000;1;;;;;;Sí;;;;;
6592;cliente_0439@ejemplo.com;13/12/2025 11:19:52;Abierta;Recibido;Enviado;ARS;95000.0;40000.0;4709.0;59709.0;;;;;;;;;;San miguel;;Gran Buenos Aires;Argentina;Punto de retiro;Mercado Pago;;;;13/12/2025;16/12/2025;Camisa Lotus (L);40000;1;1677;Móvil;;;;Sí;;;;;
6592;cliente_0439@ejemplo.com;;;;;;;;;;;;;;;;;;;;;;;;;;;;;;Vestido Marion (L);55000;1;;;;;;Sí;;;;;
6591;cliente_0440@ejemplo.com;12/12/2025 18:45:07;Abierta;Recibido;Enviado;ARS;123000.0;60000.0;8841.0;71841.0;;;;;;;;;;La Plata;;Buenos Aires;Argentina;Correo Argentino Clasico - Envio a domicilio;Mercado Pago;;;;12/12/2025;16/12/2025;Vestido Bianca (L);60000;1;;Móvil;;;;Sí;;;;;
6591;cliente_0440@ejemplo.com;;;;;;;;;;;;;;;;;;;;;;;;;;;;;;Túnica Natasha (M);63000;1;;;;;;Sí;;;;;
6590;cliente_0441@ejemplo.com;12/12/2025 12:13:28;Abierta;Recibido;Enviado;ARS;130000.0;65000.0;8841.0;73841.0;;;;;;;;;;Córdoba ;;Córdoba;Argentina;Correo Argentino Clasico - Envio a domicilio;Mercado Pago;;;;12/12/2025;16/12/2025;Catsuit Charly blanco (M);65000;1;;Móvil;;;;Sí;;;;;
6590;cliente_0441@ejemplo.com;;;;;;;;;;;;;;;;;;;;;;;;;;;;;;Catsuit Charly negro (M);65000;1;;;;;;Sí;;;;;
6589;cliente_0442@ejemplo.com;12/12/2025 10:31:21;Abierta;Recibido;Enviado;ARS;246000.0;55000.0;8136.0;199136.0;;;;;;;;;;Bernal;;Gran Buenos Aires;Argentina;Correo Argentino Clasico - Envio a domicilio;Mercado Pago;;;;12/12/2025;12/12/2025;Vestido Angelina (S);56000;1;;Móvil;;;;Sí;;;;;
6589;cliente_0442@ejemplo.com;;;;;;;;;;;;;;;;;;;;;;;;;;;;;;Vestido Valentino (L);55000;1;;;;;;Sí;;;;;
6589;cliente_0442@ejemplo.com;;;;;;;;;;;;;;;;;;;;;;;;;;;;;;Vestido Amar (L);135000;1;;;;;;Sí;;;;;
6588;cliente_0443@ejemplo.com;12/12/2025 08:57:40;Abierta;Recibido;Enviado;ARS;319000.0;59000.0;4837.0;264837.0;;;;;;;;;;San justo;;Gran Buenos Aires;Argentina;Punto de retiro;Mercado Pago;;;;12/12/2025;12/12/2025;Vestido Madib (XL);130000;1;;Móvil;;;;Sí;;;;;
6588;cliente_0443@ejemplo.com;;;;;;;;;;;;;;;;;;;;;;;;;;;;;;Vestido Ashlyn (XL);59000;1;;;;;;Sí;;;;;
6588;cliente_0443@ejemplo.com;;;;;;;;;;;;;;;;;;;;;;;;;;;;;;Catsuit Nadira (XL);130000;1;;;;;;Sí;;;;;
6587;cliente_0444@ejemplo.com;12/12/2025 08:22:24;Abierta;Recibido;Enviado;ARS;90000.0;45000.0;4709.0;49709.0;;;;;;;;;;Ituzaingo;;Gran Buenos Aires;Argentina;Punto de retiro;Mercado Pago;;;;12/12/2025;12/12/2025;Falda Zoe (M);45000;1;;Móvil;;;;Sí;;;;;
6587;cliente_0444@ejemplo.com;;;;;;;;;;;;;;;;;;;;;;;;;;;;;;Falda Vivianne (M);45000;1;;;;;;Sí;;;;;
6586;cliente_0445@ejemplo.com;12/12/2025 01:15:39;Abierta;Recibido;Enviado;ARS;382000.0;119000.0;10670.0;273670.0;;;;;;;;;;Maraco;;La Pampa;Argentina;Punto de retiro;Mercado Pago;;;;12/12/2025;12/12/2025;Overall Makena (Azul, XL);125000;1;;Móvil;;;;Sí;;;;;
6586;cliente_0445@ejemplo.com;;;;;;;;;;;;;;;;;;;;;;;;;;;;;;Vestido Mandy (L);119000;1;;;;;;Sí;;;;;
6586;cliente_0445@ejemplo.com;;;;;;;;;;;;;;;;;;;;;;;;;;;;;;Vestido Madison (M);138000;1;;;;;;Sí;;;;;
6585;cliente_0446@ejemplo.com;12/12/2025 00:50:56;Abierta;Recibido;Enviado;ARS;130000.0;0.0;8601.0;138601.0;;;;;;;;;;Rosario;;Santa Fe;Argentina;Correo Argentino Clasico - Envio a domicilio;Mercado Pago;;;;12/12/2025;12/12/2025;Vestido Madib (XL);130000;1;;Móvil;;;;Sí;;;;;
6584;cliente_0447@ejemplo.com;12/12/2025 00:41:49;Abierta;Recibido;Enviado;ARS;129000.0;59000.0;8841.0;78841.0;;;;;;;;;;Villaguay ;;Entre Ríos;Argentina;Correo Argentino Clasico - Envio a domicilio;Mercado Pago;;;;12/12/2025;12/12/2025;Vestido Keaton (S);70000;1;;Móvil;;;;Sí;;;;;
6584;cliente_0447@ejemplo.com;;;;;;;;;;;;;;;;;;;;;;;;;;;;;;Vestido Ashlyn (S);59000;1;;;;;;Sí;;;;;
6583;cliente_0448@ejemplo.com;11/12/2025 22:00:51;Abierta;Recibido;Enviado;ARS;231000.0;109000.0;13898.0;135898.0;;;;;;;;;;Cordoba;;Córdoba;Argentina;Correo Argentino Clasico - Envio a domicilio;Mercado Pago;;;;11/12/2025;12/12/2025;Vestido Bianca (XL);60000;1;;Móvil;;;;Sí;;;;;
6583;cliente_0448@ejemplo.com;;;;;;;;;;;;;;;;;;;;;;;;;;;;;;Vestido Ashlyn (XL);59000;1;;;;;;Sí;;;;;
6583;cliente_0448@ejemplo.com;;;;;;;;;;;;;;;;;;;;;;;;;;;;;;Mini Falda Stella (XL);50000;1;;;;;;Sí;;;;;
6583;cliente_0448@ejemplo.com;;;;;;;;;;;;;;;;;;;;;;;;;;;;;;Falda Kora (XL);62000;1;;;;;;Sí;;;;;
6582;cliente_0449@ejemplo.com;11/12/2025 18:46:20;Abierta;Recibido;Enviado;ARS;107200.0;52200.0;6238.0;61238.0;;;;;;;;;;Capital;;Córdoba;Argentina;Punto de retiro;Transferencia o depósito bancario;;;;12/12/2025;12/12/2025;Jean Beca (M);52200;1;;Web;;;;Sí;;;;;
6582;cliente_0449@ejemplo.com;;;;;;;;;;;;;;;;;;;;;;;;;;;;;;Vestido Olivia (M);55000;1;;;;;;Sí;;;;;
6581;cliente_0247@ejemplo.com;11/12/2025 14:04:32;Abierta;Recibido;Enviado;ARS;894000.0;350000.0;0.0;544000.0;;;;;;;;;;Cordoba Capital;;Córdoba;Argentina;Correo Argentino Clasico - Envio a domicilio;Mercado Pago;;;;11/12/2025;12/12/2025;Vestido Melody (XL);90000;2;;Móvil;;;;Sí;;;;;
6581;cliente_0247@ejemplo.com;;;;;;;;;;;;;;;;;;;;;;;;;;;;;;Vestido Bianca (XL);60000;2;;;;;;Sí;;;;;
6581;cliente_0247@ejemplo.com;;;;;;;;;;;;;;;;;;;;;;;;;;;;;;Vestido Ashlyn (XL);59000;2;;;;;;Sí;;;;;
6581;cliente_0247@ejemplo.com;;;;;;;;;;;;;;;;;;;;;;;;;;;;;;Vestido Azucena (XL);75000;2;;;;;;Sí;;;;;
6581;cliente_0247@ejemplo.com;;;;;;;;;;;;;;;;;;;;;;;;;;;;;;Vestido Fini (XL);72000;2;;;;;;Sí;;;;;
6581;cliente_0247@ejemplo.com;;;;;;;;;;;;;;;;;;;;;;;;;;;;;;Capa Olsen (UNICO);70000;1;1797;;;;;Sí;;;;;
6581;cliente_0247@ejemplo.com;;;;;;;;;;;;;;;;;;;;;;;;;;;;;;Vestido Angelina (M);56000;2;;;;;;Sí;;;;;
6580;cliente_0450@ejemplo.com;11/12/2025 12:28:01;Abierta;Recibido;Enviado;ARS;120000.0;0.0;4429.0;124429.0;;;;;;;;;;Moron;;Gran Buenos Aires;Argentina;Punto de retiro;Mercado Pago;;;;11/12/2025;12/12/2025;Vestido Jackie (M);120000;1;;Móvil;;;;Sí;;;;;
6579;cliente_0451@ejemplo.com;11/12/2025 01:21:13;Abierta;Recibido;Enviado;ARS;129000.0;60000.0;7913.0;76913.0;;;;;;;;;;Pilar ;;Gran Buenos Aires;Argentina;Correo Argentino Clasico - Envio a domicilio;Transferencia o depósito bancario;;;;11/12/2025;11/12/2025;Vestido Ula (M);69000;1;;Móvil;;;;Sí;;;;;
6579;cliente_0451@ejemplo.com;;;;;;;;;;;;;;;;;;;;;;;;;;;;;;Vestido Bianca (L);60000;1;;;;;;Sí;;;;;
6578;cliente_0452@ejemplo.com;11/12/2025 00:17:23;Abierta;Recibido;Enviado;ARS;105000.0;45000.0;4709.0;64709.0;;;;;;;;;;Lomas de Zamora;;Gran Buenos Aires;Argentina;Punto de retiro;Mercado Pago;;;;11/12/2025;12/12/2025;Vestido Bianca (S);60000;1;;Móvil;;;;Sí;;;;;
6578;cliente_0452@ejemplo.com;;;;;;;;;;;;;;;;;;;;;;;;;;;;;;Vestido Ashlyn (S);45000;1;;;;;;Sí;;;;;
6577;cliente_0246@ejemplo.com;10/12/2025 15:15:44;Abierta;Recibido;Enviado;ARS;94000.0;39000.0;6238.0;61238.0;;;;;;;;;;La Plata;;Buenos Aires;Argentina;Punto de retiro;Mercado Pago;;;;10/12/2025;11/12/2025;Falda Vivianne (M);39000;1;;Móvil;;;;Sí;;;;;
6577;cliente_0246@ejemplo.com;;;;;;;;;;;;;;;;;;;;;;;;;;;;;;Vestido Olivia (M);55000;1;;;;;;Sí;;;;;
6575;cliente_0453@ejemplo.com;10/12/2025 12:51:11;Abierta;Recibido;Enviado;ARS;110000.0;55000.0;4709.0;59709.0;;;;;;;;;;Capital Federal;;Capital Federal;Argentina;Punto de retiro;Mercado Pago;;;;10/12/2025;11/12/2025;Vestido Penelope (S);55000;2;;Móvil;;;;Sí;;;;;
6574;cliente_0454@ejemplo.com;10/12/2025 12:02:59;Abierta;Recibido;Enviado;ARS;241000.0;0.0;7913.0;248913.0;;;;;;;;;;Moreno ;;Gran Buenos Aires;Argentina;Correo Argentino Clasico - Envio a domicilio;Mercado Pago;;;;10/12/2025;11/12/2025;Chaleco Alindra (XL);92000;1;;Móvil;;;;Sí;;;;;
6574;cliente_0454@ejemplo.com;;;;;;;;;;;;;;;;;;;;;;;;;;;;;;Campera Alsira (XL);149000;1;;;;;;Sí;;;;;
6573;cliente_0455@ejemplo.com;10/12/2025 07:19:07;Abierta;Recibido;Enviado;ARS;145000.0;65000.0;8841.0;88841.0;;;;;;;;;;Chivilcoy;;Buenos Aires;Argentina;Correo Argentino Clasico - Envio a domicilio;Mercado Pago;;;;10/12/2025;10/12/2025;Catsuit Charly beige (S);65000;1;;Móvil;;;;Sí;;;;;
6573;cliente_0455@ejemplo.com;;;;;;;;;;;;;;;;;;;;;;;;;;;;;;Catsuit Fame (S);80000;1;;;;;;Sí;;;;;
6572;cliente_0456@ejemplo.com;09/12/2025 23:28:46;Abierta;Recibido;Enviado;ARS;98200.0;43200.0;9612.99;64612.99;;;;;;;;;;Merlo;;San Luis;Argentina;Correo Argentino Clasico - Envio a domicilio;Mercado Pago;;;;09/12/2025;10/12/2025;Corset Roma (L);43200;1;;Móvil;;;;Sí;;;;;
6572;cliente_0456@ejemplo.com;;;;;;;;;;;;;;;;;;;;;;;;;;;;;;Falda Irina (S);55000;1;;;;;;Sí;;;;;
6571;cliente_0457@ejemplo.com;09/12/2025 22:37:41;Abierta;Recibido;Enviado;ARS;165000.0;79500.0;6232.0;91732.0;;;;;;;;;;Vicente López;;Gran Buenos Aires;Argentina;Punto de retiro;Mercado Pago;;;;09/12/2025;10/12/2025;Vestido Valentino (S);45000;1;;Web;;;;Sí;;;;;
6571;cliente_0457@ejemplo.com;;;;;;;;;;;;;;;;;;;;;;;;;;;;;;Falda Vivianne (S);39000;1;;;;;;Sí;;;;;
6571;cliente_0457@ejemplo.com;;;;;;;;;;;;;;;;;;;;;;;;;;;;;;Vestido Marion (S);40500;2;;;;;;Sí;;;;;
6570;cliente_0458@ejemplo.com;09/12/2025 19:23:55;Abierta;Recibido;Enviado;ARS;234000.0;115000.0;15512.0;134512.0;;;;;;;;;;Las Heras;;Mendoza;Argentina;Correo Argentino Clasico - Envio a domicilio;Mercado Pago;;;;09/12/2025;10/12/2025;Vestido Mandy (S);119000;1;;Móvil;;;;Sí;;;;;
6570;cliente_0458@ejemplo.com;;;;;;;;;;;;;;;;;;;;;;;;;;;;;;Overall Makena (Azul, L);115000;1;;;;;;Sí;;;;;
6569;cliente_0459@ejemplo.com;09/12/2025 17:00:55;Abierta;Recibido;Enviado;ARS;143000.0;63000.0;6238.0;86238.0;;;;;;;;;;Paraná;;Entre Ríos;Argentina;Punto de retiro;Mercado Pago;;;;09/12/2025;10/12/2025;Catsuit Olimpea (XL);80000;1;1728;Móvil;;;;Sí;;;;;
6569;cliente_0459@ejemplo.com;;;;;;;;;;;;;;;;;;;;;;;;;;;;;;New taylor kids (12);63000;1;1777;;;;;Sí;;;;;
6568;cliente_0460@ejemplo.com;09/12/2025 16:56:31;Abierta;Recibido;Enviado;ARS;82000.0;37000.0;7913.0;52913.0;;;;;;;;;;Lanus;;Gran Buenos Aires;Argentina;Correo Argentino Clasico - Envio a domicilio;Mercado Pago;;;;09/12/2025;10/12/2025;Vestido Giuli (L);37000;1;;Móvil;;;;Sí;;;;;
6568;cliente_0460@ejemplo.com;;;;;;;;;;;;;;;;;;;;;;;;;;;;;;Falda Zoe (M);45000;1;;;;;;Sí;;;;;
6567;cliente_0461@ejemplo.com;09/12/2025 16:55:55;Abierta;Recibido;Enviado;ARS;109000.0;52000.0;4709.0;61709.0;;;;;;;;;;Lanus;;Gran Buenos Aires;Argentina;Punto de retiro;Mercado Pago;;;;09/12/2025;10/12/2025;Túnica Natasha (M);57000;1;;Móvil;;;;Sí;;;;;
6567;cliente_0461@ejemplo.com;;;;;;;;;;;;;;;;;;;;;;;;;;;;;;Jean Boho (44);52000;1;;;;;;Sí;;;;;
6566;cliente_0462@ejemplo.com;09/12/2025 15:30:12;Abierta;Recibido;Enviado;ARS;40500.0;0.0;7256.0;47756.0;;;;;;;;;;Gregorio de Laferrere;;Gran Buenos Aires;Argentina;Correo Argentino Clasico - Envio a domicilio;Mercado Pago;;;;09/12/2025;10/12/2025;Vestido Marion (L);40500;1;;Móvil;;;;Sí;;;;;
6565;cliente_0463@ejemplo.com;09/12/2025 13:56:16;Abierta;Recibido;Enviado;ARS;55000.0;0.0;5377.99;60377.99;;;;;;;;;;Castellanos;;Santa Fe;Argentina;Punto de retiro;Mercado Pago;;;;09/12/2025;10/12/2025;Vestido Olivia (S);55000;1;;Móvil;;;;Sí;;;;;
6564;cliente_0378@ejemplo.com;09/12/2025 00:09:52;Abierta;Recibido;Enviado;ARS;529000.0;0.0;0.0;529000.0;;;;;;;;;;Capital Federal;;Capital Federal;Argentina;Correo Argentino Clasico - Envio a domicilio;Mercado Pago;;;;09/12/2025;09/12/2025;Vestido Salma (XL);145000;1;1789;Móvil;;;;Sí;;;;;
6564;cliente_0378@ejemplo.com;;;;;;;;;;;;;;;;;;;;;;;;;;;;;;Jean Bahur (46);75000;1;;;;;;Sí;;;;;
6564;cliente_0378@ejemplo.com;;;;;;;;;;;;;;;;;;;;;;;;;;;;;;Overall Simone (XL);160000;1;;;;;;Sí;;;;;
6564;cliente_0378@ejemplo.com;;;;;;;;;;;;;;;;;;;;;;;;;;;;;;Vestido Serena (XL);149000;1;;;;;;Sí;;;;;
6563;cliente_0464@ejemplo.com;08/12/2025 23:29:07;Abierta;Recibido;Enviado;ARS;147000.0;57000.0;8841.0;98841.0;;;;;;;;;;Chazon,cordoba;;Córdoba;Argentina;Correo Argentino Clasico - Envio a domicilio;Mercado Pago;;;;08/12/2025;09/12/2025;Túnica Natasha (M);57000;1;;Móvil;;;;Sí;;;;;
6563;cliente_0464@ejemplo.com;;;;;;;;;;;;;;;;;;;;;;;;;;;;;;Vestido Melody (XL);90000;1;;;;;;Sí;;;;;
6562;cliente_0298@ejemplo.com;08/12/2025 21:15:58;Abierta;Recibido;Enviado;ARS;115000.0;55000.0;8841.0;68841.0;;;;;;;;;;Córdoba ;;Córdoba;Argentina;Correo Argentino Clasico - Envio a domicilio;Mercado Pago;;;;08/12/2025;09/12/2025;Falda Irina (S);55000;1;;Móvil;;;;Sí;;;;;
6562;cliente_0298@ejemplo.com;;;;;;;;;;;;;;;;;;;;;;;;;;;;;;Vestido Bianca (M);60000;1;;;;;;Sí;;;;;
6561;cliente_0328@ejemplo.com;08/12/2025 19:30:13;Abierta;Recibido;Enviado;ARS;102000.0;49000.0;6238.0;59238.0;;;;;;;;;;Capital;;Córdoba;Argentina;Punto de retiro;Mercado Pago;;;;08/12/2025;09/12/2025;Vestido Angel (XL);49000;1;;Móvil;;;;Sí;;;;;
6561;cliente_0328@ejemplo.com;;;;;;;;;;;;;;;;;;;;;;;;;;;;;;Vestido Fini (XL);53000;1;;;;;;Sí;;;;;
6560;cliente_0465@ejemplo.com;08/12/2025 18:56:13;Abierta;Recibido;Enviado;ARS;487000.0;0.0;8000.0;495000.0;;;;;;;;;;Capital Federal;;Capital Federal;Argentina;Envio en moto CABA;Mercado Pago;;;;08/12/2025;10/12/2025;Vestido Salma (XL);145000;1;1789;Móvil;;;;Sí;;;;;
6560;cliente_0465@ejemplo.com;;;;;;;;;;;;;;;;;;;;;;;;;;;;;;Chaleco Farid (XL);69000;1;;;;;;Sí;;;;;
6560;cliente_0465@ejemplo.com;;;;;;;;;;;;;;;;;;;;;;;;;;;;;;Vestido Amira (XL);135000;1;;;;;;Sí;;;;;
6560;cliente_0465@ejemplo.com;;;;;;;;;;;;;;;;;;;;;;;;;;;;;;Vestido Madison (XL);138000;1;;;;;;Sí;;;;;
6558;cliente_0466@ejemplo.com;08/12/2025 15:54:29;Abierta;Recibido;Enviado;ARS;77000.0;37500.0;4709.0;44209.0;;;;;;;;;;Lanus;;Gran Buenos Aires;Argentina;Punto de retiro;Mercado Pago;;;;08/12/2025;10/12/2025;Vestido Ashlyn (XL);37500;1;;Móvil;;;;Sí;;;;;
6558;cliente_0466@ejemplo.com;;;;;;;;;;;;;;;;;;;;;;;;;;;;;;Camisa Ivette (L);39500;1;1412;;;;;Sí;;;;;
6557;cliente_0467@ejemplo.com;08/12/2025 15:20:03;Abierta;Recibido;Enviado;ARS;72000.0;0.0;5867.0;77867.0;;;;;;;;;;Valle Viejo;;Catamarca;Argentina;Punto de retiro;Mercado Pago;;;;08/12/2025;09/12/2025;Catsuit Fame (M);72000;1;;Móvil;;;;Sí;;;;;
6556;cliente_0468@ejemplo.com;08/12/2025 15:12:41;Abierta;Recibido;Enviado;ARS;52000.0;0.0;8601.0;60601.0;;;;;;;;;;Capital;;Córdoba;Argentina;Correo Argentino Clasico - Envio a domicilio;Mercado Pago;;;;08/12/2025;09/12/2025;Vestido Angelina (M);52000;1;;Móvil;;;;Sí;;;;;
6555;cliente_0469@ejemplo.com;08/12/2025 13:25:01;Abierta;Recibido;Enviado;ARS;85000.0;0.0;8000.0;93000.0;;;;;;;;;;Capital Federal;;Capital Federal;Argentina;Envio en moto CABA;Mercado Pago;;;;08/12/2025;10/12/2025;Vestido Melody (L);85000;1;;Móvil;;;;Sí;;;;;
6552;cliente_0470@ejemplo.com;08/12/2025 01:56:21;Abierta;Recibido;Enviado;ARS;60000.0;0.0;8601.0;68601.0;;;;;;;;;;Pueblo Esther ;;Santa Fe;Argentina;Correo Argentino Clasico - Envio a domicilio;Mercado Pago;;;;08/12/2025;09/12/2025;Vestido Ula (L);60000;1;;Móvil;;;;Sí;;;;;
6551;cliente_0471@ejemplo.com;08/12/2025 00:26:05;Abierta;Recibido;Enviado;ARS;39500.0;0.0;7011.0;46511.0;;;;;;;;;;Capital Federal;;Capital Federal;Argentina;Correo Argentino Clasico - Envio a domicilio;Transferencia o depósito bancario;;;;10/12/2025;10/12/2025;Camisa Ivette (M);39500;1;1412;Móvil;;;;Sí;;;;;El cliente cambió de idea
6550;cliente_0472@ejemplo.com;07/12/2025 22:06:25;Abierta;Recibido;Enviado;ARS;122500.0;0.0;13898.0;136398.0;;;;;;;;;;Rosario;;Santa Fe;Argentina;Correo Argentino Clasico - Envio a domicilio;Mercado Pago;;;;07/12/2025;10/12/2025;Vestido Valentino (L);40500;1;;Móvil;;;;Sí;;;;;
6550;cliente_0472@ejemplo.com;;;;;;;;;;;;;;;;;;;;;;;;;;;;;;Overall Carola (L);82000;1;;;;;;Sí;;;;;
6549;cliente_0473@ejemplo.com;07/12/2025 13:13:37;Abierta;Recibido;Enviado;ARS;145000.0;0.0;7240.99;152240.99;;;;;;;;;;Escalante;;Chubut;Argentina;Punto de retiro;Mercado Pago;;;;07/12/2025;10/12/2025;Vestido Ula (L);60000;1;;Web;;;;Sí;;;;;
6549;cliente_0473@ejemplo.com;;;;;;;;;;;;;;;;;;;;;;;;;;;;;;Vestido Mora (XL);85000;1;;;;;;Sí;;;;;
6547;cliente_0474@ejemplo.com;07/12/2025 11:05:38;Abierta;Recibido;Enviado;ARS;37500.0;0.0;4429.0;41929.0;;;;;;;;;;Vicente López;;Gran Buenos Aires;Argentina;Punto de retiro;Mercado Pago;;;;07/12/2025;09/12/2025;Vestido Ashlyn (S);37500;1;;Móvil;;;;Sí;;;;;
6545;cliente_0475@ejemplo.com;06/12/2025 15:17:48;Abierta;Recibido;Enviado;ARS;75000.0;0.0;8601.0;83601.0;;;;;;;;;;Laboulaye ;;Córdoba;Argentina;Correo Argentino Clasico - Envio a domicilio;Mercado Pago;;;;06/12/2025;09/12/2025;Vestido Azucena (XL);75000;1;;Móvil;;;;Sí;;;;;
6544;cliente_0476@ejemplo.com;06/12/2025 13:17:21;Abierta;Recibido;Enviado;ARS;130200.0;0.0;4709.0;134909.0;;;;;;;;;;Lanus;;Gran Buenos Aires;Argentina;Punto de retiro;Mercado Pago;;;;06/12/2025;10/12/2025;Túnica Natasha (S);51200;1;;Móvil;;;;Sí;;;;;
6544;cliente_0476@ejemplo.com;;;;;;;;;;;;;;;;;;;;;;;;;;;;;;Camisa Ivette (M);39500;1;1412;;;;;Sí;;;;;
6544;cliente_0476@ejemplo.com;;;;;;;;;;;;;;;;;;;;;;;;;;;;;;Camisa Ivette (L);39500;1;1412;;;;;Sí;;;;;
6543;cliente_0477@ejemplo.com;06/12/2025 12:17:19;Abierta;Recibido;Enviado;ARS;44500.0;0.0;5867.0;50367.0;;;;;;;;;;Barranqueras ;;Chaco;Argentina;Punto de retiro;Transferencia o depósito bancario;;;;09/12/2025;09/12/2025;Falda Irina (XL);44500;1;;Móvil;;;;Sí;;;;;
6542;cliente_0478@ejemplo.com;06/12/2025 11:54:18;Abierta;Recibido;Enviado;ARS;121500.0;0.0;4429.0;125929.0;;;;;;;;;;San Isidro;;Gran Buenos Aires;Argentina;Punto de retiro;Mercado Pago;;;;06/12/2025;09/12/2025;Vestido Amar (S);121500;1;;Móvil;;;;Sí;;;;;
6540;cliente_0479@ejemplo.com;06/12/2025 02:15:19;Abierta;Recibido;Enviado;ARS;178500.0;0.0;8136.0;186636.0;;;;;;;;;;Capital Federal;;Capital Federal;Argentina;Correo Argentino Clasico - Envio a domicilio;Mercado Pago;;;;06/12/2025;10/12/2025;Túnica Natasha (M);51200;1;;Móvil;;;;Sí;;;;;
6540;cliente_0479@ejemplo.com;;;;;;;;;;;;;;;;;;;;;;;;;;;;;;Falda Irina (XL);44500;1;;;;;;Sí;;;;;
6540;cliente_0479@ejemplo.com;;;;;;;;;;;;;;;;;;;;;;;;;;;;;;Chaleco Alindra (XL);82800;1;;;;;;Sí;;;;;
6539;cliente_0480@ejemplo.com;06/12/2025 01:42:10;Abierta;Recibido;Enviado;ARS;121500.0;0.0;9324.0;130824.0;;;;;;;;;;Barranqueras;;Chaco;Argentina;Correo Argentino Clasico - Envio a domicilio;Mercado Pago;;;;06/12/2025;09/12/2025;Vestido Amar (M);121500;1;;Móvil;;;;Sí;;;;;
6538;cliente_0379@ejemplo.com;05/12/2025 21:46:44;Abierta;Recibido;Enviado;ARS;119000.0;0.0;4429.0;123429.0;;;;;;;;;;Zarate;;Buenos Aires;Argentina;Punto de retiro;Mercado Pago;;;;05/12/2025;09/12/2025;Vestido Serena (XL);119000;1;;Móvil;;;;Sí;;;;;
6537;cliente_0481@ejemplo.com;05/12/2025 21:27:47;Abierta;Recibido;Enviado;ARS;36600.0;0.0;4429.0;41029.0;;;;;;;;;;Quilmes;;Gran Buenos Aires;Argentina;Punto de retiro;Transferencia o depósito bancario;;;;09/12/2025;09/12/2025;Jeans Cami (L);36600;1;;Móvil;;;;Sí;;;;;
6536;cliente_0482@ejemplo.com;05/12/2025 19:43:25;Abierta;Recibido;Enviado;ARS;81100.0;0.0;7913.0;89013.0;;;;;;;;;;Almirante Brown;;Gran Buenos Aires;Argentina;Correo Argentino Clasico - Envio a domicilio;Mercado Pago;;;;05/12/2025;09/12/2025;Falda Irina (L);44500;1;;Móvil;;;;Sí;;;;;
6536;cliente_0482@ejemplo.com;;;;;;;;;;;;;;;;;;;;;;;;;;;;;;Jeans Cami (L);36600;1;;;;;;Sí;;;;;
6535;cliente_0483@ejemplo.com;05/12/2025 17:23:50;Abierta;Recibido;Enviado;ARS;320400.0;0.0;0.0;320400.0;;;;;;;;;;Moreno;;Gran Buenos Aires;Argentina;Correo Argentino Clasico - Envio a domicilio;Mercado Pago;;;;05/12/2025;10/12/2025;Short Salim (L, Azul);60300;1;;Móvil;;;;Sí;;;;;
6535;cliente_0483@ejemplo.com;;;;;;;;;;;;;;;;;;;;;;;;;;;;;;Chaleco Farid (L);62100;1;;;;;;Sí;;;;;
6535;cliente_0483@ejemplo.com;;;;;;;;;;;;;;;;;;;;;;;;;;;;;;Campera Azura (L);198000;1;;;;;;Sí;;;;;
6534;cliente_0484@ejemplo.com;05/12/2025 17:07:44;Abierta;Recibido;Enviado;ARS;124200.0;0.0;7256.0;131456.0;;;;;;;;;;Lomas de Zamora;;Gran Buenos Aires;Argentina;Correo Argentino Clasico - Envio a domicilio;Mercado Pago;;;;05/12/2025;09/12/2025;Vestido Madison (XL);124200;1;;Móvil;;;;Sí;;;;;
6533;cliente_0485@ejemplo.com;05/12/2025 12:37:15;Abierta;Recibido;Enviado;ARS;77500.0;0.0;4709.0;82209.0;;;;;;;;;;Lanus;;Gran Buenos Aires;Argentina;Punto de retiro;Transferencia o depósito bancario;;;;05/12/2025;05/12/2025;Falda Zoe (M);40000;1;;Móvil;;;;Sí;;;;;
6533;cliente_0485@ejemplo.com;;;;;;;;;;;;;;;;;;;;;;;;;;;;;;Vestido Ashlyn (M);37500;1;;;;;;Sí;;;;;
6532;cliente_0170@ejemplo.com;05/12/2025 11:53:12;Abierta;Recibido;Enviado;ARS;117000.0;0.0;4429.0;121429.0;;;;;;;;;;Escobar;;Gran Buenos Aires;Argentina;Punto de retiro;Mercado Pago;;;;05/12/2025;05/12/2025;Vestido Ladina (S);117000;1;;Móvil;;;;Sí;;;;;
6531;cliente_0486@ejemplo.com;05/12/2025 11:28:14;Abierta;Recibido;Enviado;ARS;163500.0;0.0;8841.0;172341.0;;;;;;;;;;Cordoba;;Córdoba;Argentina;Correo Argentino Clasico - Envio a domicilio;Mercado Pago;;;;05/12/2025;05/12/2025;Vestido Serena (S);119000;1;;Móvil;;;;Sí;;;;;
6531;cliente_0486@ejemplo.com;;;;;;;;;;;;;;;;;;;;;;;;;;;;;;Falda Irina (L);44500;1;;;;;;Sí;;;;;
6530;cliente_0487@ejemplo.com;05/12/2025 09:01:14;Abierta;Recibido;Enviado;ARS;254000.0;0.0;0.0;254000.0;;;;;;;;;;Colón ;;Buenos Aires;Argentina;Correo Argentino Clasico - Envio a domicilio;Mercado Pago;;;;05/12/2025;05/12/2025;Vestido Serena (XL);119000;1;;Móvil;;;;Sí;;;;;
6530;cliente_0487@ejemplo.com;;;;;;;;;;;;;;;;;;;;;;;;;;;;;;Vestido Sakar (XL);135000;1;;;;;;Sí;;;;;
6527;cliente_0488@ejemplo.com;04/12/2025 12:03:35;Abierta;Recibido;Enviado;ARS;119000.0;0.0;7256.0;126256.0;;;;;;;;;;Zarate;;Buenos Aires;Argentina;Correo Argentino Clasico - Envio a domicilio;Mercado Pago;;;;04/12/2025;05/12/2025;Vestido Serena (L);119000;1;;Móvil;;;;Sí;;;;;
6526;cliente_0394@ejemplo.com;03/12/2025 23:06:26;Abierta;Recibido;Enviado;ARS;81000.0;0.0;8601.0;89601.0;;;;;;;;;;Cordoba ;;Córdoba;Argentina;Correo Argentino Clasico - Envio a domicilio;Mercado Pago;;;;03/12/2025;05/12/2025;Top Aisha (XL);81000;1;;Móvil;;;;Sí;;;;;
6525;cliente_0450@ejemplo.com;03/12/2025 22:35:11;Abierta;Recibido;Enviado;ARS;37500.0;0.0;4429.0;41929.0;;;;;;;;;;Castelar ;;Gran Buenos Aires;Argentina;Punto de retiro;Mercado Pago;;;;03/12/2025;09/12/2025;Vestido Ashlyn (M);37500;1;;Móvil;;;;Sí;;;;;
6524;cliente_0489@ejemplo.com;03/12/2025 21:40:18;Abierta;Recibido;Enviado;ARS;118700.0;0.0;9612.99;128312.99;;;;;;;;;;Tafí Viejo ;;Tucumán;Argentina;Correo Argentino Clasico - Envio a domicilio;Mercado Pago;;;;03/12/2025;05/12/2025;Jean Bahur (46);67500;1;;Web;;;;Sí;;;;;
6524;cliente_0489@ejemplo.com;;;;;;;;;;;;;;;;;;;;;;;;;;;;;;Túnica Natasha (L);51200;1;;;;;;Sí;;;;;
6523;cliente_0490@ejemplo.com;03/12/2025 13:49:33;Abierta;Recibido;Enviado;ARS;71000.0;0.0;9324.0;80324.0;;;;;;;;;;La Rioja;;La Rioja;Argentina;Correo Argentino Clasico - Envio a domicilio;Mercado Pago;;;;03/12/2025;05/12/2025;Catsuit Olimpea (XL);71000;1;1728;Móvil;;;;Sí;;;;;
6522;cliente_0491@ejemplo.com;03/12/2025 11:12:34;Abierta;Recibido;Enviado;ARS;223500.0;0.0;8000.0;231500.0;;;;;;;;;;Capital Federal;;Capital Federal;Argentina;Envio en moto CABA;Mercado Pago;;;;03/12/2025;05/12/2025;Vestido Samira (XL);139500;1;;Móvil;;;;Sí;;;;;
6522;cliente_0491@ejemplo.com;;;;;;;;;;;;;;;;;;;;;;;;;;;;;;Camisa Ivette (L);39500;1;1412;;;;;Sí;;;;;
6522;cliente_0491@ejemplo.com;;;;;;;;;;;;;;;;;;;;;;;;;;;;;;Falda Irina (XL);44500;1;;;;;;Sí;;;;;
6521;cliente_0492@ejemplo.com;03/12/2025 09:19:04;Abierta;Recibido;Enviado;ARS;119000.0;0.0;4429.0;123429.0;;;;;;;;;;Capital Federal;;Capital Federal;Argentina;Punto de retiro;Mercado Pago;;;;03/12/2025;03/12/2025;Vestido Serena (XL);119000;1;;Móvil;;;;Sí;;;;;
6520;cliente_0493@ejemplo.com;03/12/2025 01:11:25;Abierta;Recibido;Enviado;ARS;45000.0;0.0;4429.0;49429.0;;;;;;;;;;Moron;;Gran Buenos Aires;Argentina;Punto de retiro;Mercado Pago;;;;03/12/2025;03/12/2025;Vestido Penelope (S);45000;1;;Móvil;;;;Sí;;;;;
6519;cliente_0228@ejemplo.com;02/12/2025 23:02:13;Abierta;Recibido;Enviado;ARS;121500.0;0.0;8601.0;130101.0;;;;;;;;;;Olavarria;;Buenos Aires;Argentina;Correo Argentino Clasico - Envio a domicilio;Mercado Pago;;;;02/12/2025;03/12/2025;Vestido Amira (L);121500;1;;Móvil;;;;Sí;;;;;
6518;cliente_0494@ejemplo.com;02/12/2025 22:49:53;Abierta;Recibido;Enviado;ARS;135000.0;0.0;4429.0;139429.0;;;;;;;;;;La Matanza;;Gran Buenos Aires;Argentina;Punto de retiro;Mercado Pago;;;;02/12/2025;03/12/2025;Vestido Sakar (L);135000;1;;Web;;;;Sí;;;;;
6516;cliente_0495@ejemplo.com;02/12/2025 18:43:47;Abierta;Recibido;Enviado;ARS;40500.0;0.0;4429.0;44929.0;;;;;;;;;;Quilmes;;Gran Buenos Aires;Argentina;Punto de retiro;Mercado Pago;;;;02/12/2025;03/12/2025;Short Naomi (46);40500;1;1781;Móvil;;;;Sí;;;;;
6515;cliente_0496@ejemplo.com;02/12/2025 17:05:34;Abierta;Recibido;Enviado;ARS;113300.0;0.0;9612.99;122912.99;;;;;;;;;;Mendoza;;Mendoza;Argentina;Correo Argentino Clasico - Envio a domicilio;Mercado Pago;;;;02/12/2025;03/12/2025;Vestido Bianca (XL);51200;1;;Móvil;;;;Sí;;;;;
6515;cliente_0496@ejemplo.com;;;;;;;;;;;;;;;;;;;;;;;;;;;;;;Chaleco Farid (XL);62100;1;;;;;;Sí;;;;;
6514;cliente_0465@ejemplo.com;02/12/2025 15:13:26;Abierta;Recibido;Enviado;ARS;252000.0;0.0;8000.0;260000.0;;;;;;;;;;Capital Federal;;Capital Federal;Argentina;Envio en moto CABA;Mercado Pago;;;;02/12/2025;03/12/2025;Vestido Sakar (XL);135000;1;;Móvil;;;;Sí;;;;;
6514;cliente_0465@ejemplo.com;;;;;;;;;;;;;;;;;;;;;;;;;;;;;;Vestido Ladina (XL);117000;1;;;;;;Sí;;;;;
6513;cliente_0497@ejemplo.com;02/12/2025 08:12:36;Abierta;Recibido;Enviado;ARS;170200.0;0.0;7913.0;178113.0;;;;;;;;;;Garin;;Gran Buenos Aires;Argentina;Correo Argentino Clasico - Envio a domicilio;Mercado Pago;;;;02/12/2025;03/12/2025;Túnica Natasha (S);51200;1;;Móvil;;;;Sí;;;;;
6513;cliente_0497@ejemplo.com;;;;;;;;;;;;;;;;;;;;;;;;;;;;;;Vestido Serena (S);119000;1;;;;;;Sí;;;;;
6512;cliente_0394@ejemplo.com;02/12/2025 07:47:39;Abierta;Recibido;Enviado;ARS;252000.0;0.0;0.0;252000.0;;;;;;;;;;Cordoba ;;Córdoba;Argentina;Correo Argentino Clasico - Envio a domicilio;Mercado Pago;;;;02/12/2025;03/12/2025;Vestido Sakar (XL);135000;1;;Móvil;;;;Sí;;;;;
6512;cliente_0394@ejemplo.com;;;;;;;;;;;;;;;;;;;;;;;;;;;;;;Vestido Ladina (XL);117000;1;;;;;;Sí;;;;;
6511;cliente_0498@ejemplo.com;01/12/2025 22:32:18;Abierta;Recibido;Enviado;ARS;51200.0;0.0;8601.0;59801.0;;;;;;;;;;Santa Fe;;Santa Fe;Argentina;Correo Argentino Clasico - Envio a domicilio;Mercado Pago;;;;01/12/2025;03/12/2025;Vestido Bianca (XL);51200;1;;Móvil;;;;Sí;;;;;
6510;cliente_0499@ejemplo.com;01/12/2025 21:20:30;Abierta;Recibido;Enviado;ARS;51200.0;0.0;4429.0;55629.0;;;;;;;;;;Capital Federal;;Capital Federal;Argentina;Punto de retiro;Mercado Pago;;;;01/12/2025;03/12/2025;Túnica Natasha (L);51200;1;;Móvil;;;;Sí;;;;;
6509;cliente_0500@ejemplo.com;01/12/2025 18:46:03;Abierta;Recibido;Enviado;ARS;76500.0;0.0;6232.0;82732.0;;;;;;;;;;Capital Federal;;Capital Federal;Argentina;Punto de retiro;Transferencia o depósito bancario;;;;02/12/2025;03/12/2025;Jeans Enzo (42);39000;1;1748;Móvil;;;;Sí;;;;;
6509;cliente_0500@ejemplo.com;;;;;;;;;;;;;;;;;;;;;;;;;;;;;;Vestido Ashlyn (M);37500;1;;;;;;Sí;;;;;
6508;cliente_0501@ejemplo.com;01/12/2025 16:18:14;Abierta;Recibido;Enviado;ARS;37500.0;0.0;7256.0;44756.0;;;;;;;;;;Lanus;;Gran Buenos Aires;Argentina;Correo Argentino Clasico - Envio a domicilio;Mercado Pago;;;;01/12/2025;03/12/2025;Vestido Ashlyn (XL);37500;1;;Móvil;;;;Sí;;;;;
6507;cliente_0162@ejemplo.com;01/12/2025 14:11:31;Abierta;Recibido;Enviado;ARS;115200.0;0.0;4709.0;119909.0;;;;;;;;;;La Matanza;;Gran Buenos Aires;Argentina;Punto de retiro;Mercado Pago;;;;01/12/2025;03/12/2025;Jean Boho (46/XL);47700;1;;Móvil;;;;Sí;;;;;
6507;cliente_0162@ejemplo.com;;;;;;;;;;;;;;;;;;;;;;;;;;;;;;Jean Bahur (44);67500;1;;;;;;Sí;;;;;
6506;cliente_0502@ejemplo.com;01/12/2025 13:44:39;Abierta;Recibido;Enviado;ARS;167000.0;0.0;7699.0;174699.0;;;;;;;;;;Tafí Viejo;;Tucumán;Argentina;Punto de retiro;Mercado Pago;;;;01/12/2025;03/12/2025;Vestido Ashlyn (M);37500;1;;Móvil;;;;Sí;;;;;
6506;cliente_0502@ejemplo.com;;;;;;;;;;;;;;;;;;;;;;;;;;;;;;Capa Olsen (UNICO);58500;1;1797;;;;;Sí;;;;;
6506;cliente_0502@ejemplo.com;;;;;;;;;;;;;;;;;;;;;;;;;;;;;;Catsuit Olimpea (M);71000;1;1728;;;;;Sí;;;;;
6505;cliente_0503@ejemplo.com;01/12/2025 09:55:44;Abierta;Recibido;Enviado;ARS;40500.0;0.0;4429.0;44929.0;;;;;;;;;;Escobar;;Gran Buenos Aires;Argentina;Punto de retiro;Mercado Pago;;;;01/12/2025;03/12/2025;Vestido Valentino (L);40500;1;;Móvil;;;;Sí;;;;;
6504;cliente_0504@ejemplo.com;01/12/2025 09:18:59;Abierta;Recibido;Enviado;ARS;155000.0;0.0;7256.0;162256.0;;;;;;;;;;General San Martin;;Gran Buenos Aires;Argentina;Correo Argentino Clasico - Envio a domicilio;Mercado Pago;;;;01/12/2025;03/12/2025;Vestido Samira (XL);155000;1;;Móvil;;;;Sí;;;;;
6503;cliente_0505@ejemplo.com;30/11/2025 23:53:30;Abierta;Recibido;Enviado;ARS;105600.0;0.0;18419.0;124019.0;;;;;;;;;;Pueblo esther;;Santa Fe;Argentina;Correo Argentino Clasico - Envio a domicilio;Mercado Pago;;;;30/11/2025;03/12/2025;Jeans Calix Snow (46);40600;1;1767;Móvil;;;;Sí;;;;;
6503;cliente_0505@ejemplo.com;;;;;;;;;;;;;;;;;;;;;;;;;;;;;;Jeans Arlet (46);65000;1;1762;;;;;Sí;;;;;
6502;cliente_0506@ejemplo.com;30/11/2025 23:35:04;Abierta;Recibido;Enviado;ARS;44500.0;0.0;4429.0;48929.0;;;;;;;;;;Capital Federal;;Capital Federal;Argentina;Punto de retiro;Mercado Pago;;;;30/11/2025;03/12/2025;Falda Irina (XL);44500;1;;Móvil;;;;Sí;;;;;
6501;cliente_0507@ejemplo.com;30/11/2025 23:21:14;Abierta;Recibido;Enviado;ARS;119000.0;0.0;7256.0;126256.0;;;;;;;;;;Tigre Prov de Bs As;;Gran Buenos Aires;Argentina;Correo Argentino Clasico - Envio a domicilio;Mercado Pago;;;;30/11/2025;01/12/2025;Vestido Serena (S);119000;1;;Móvil;;;;Sí;;;;;
6500;cliente_0508@ejemplo.com;30/11/2025 22:52:42;Abierta;Recibido;Enviado;ARS;58000.0;0.0;4429.0;62429.0;;;;;;;;;;Capital Federal;;Capital Federal;Argentina;Punto de retiro;Mercado Pago;;;;30/11/2025;01/12/2025;Vestido Nadine (M);58000;1;;Móvil;;;;Sí;;;;;
6498;cliente_0394@ejemplo.com;30/11/2025 22:41:10;Abierta;Recibido;Enviado;ARS;270000.0;0.0;0.0;270000.0;;;;;;;;;;Cordoba;;Córdoba;Argentina;Correo Argentino Clasico - Envio a domicilio;Mercado Pago;;;;30/11/2025;01/12/2025;Vestido Amira (XL);135000;1;;Móvil;;;;Sí;;;;;
6498;cliente_0394@ejemplo.com;;;;;;;;;;;;;;;;;;;;;;;;;;;;;;Vestido Amar (S);135000;1;;;;;;Sí;;;;;
6497;cliente_0509@ejemplo.com;30/11/2025 21:56:04;Abierta;Recibido;Enviado;ARS;119000.0;0.0;7000.0;126000.0;;;;;;;;;;Capital Federal;;Capital Federal;Argentina;Envio en moto CABA;Mercado Pago;;;;30/11/2025;02/12/2025;Vestido Serena (L);119000;1;;Móvil;;;;Sí;;;;;
6495;cliente_0510@ejemplo.com;30/11/2025 21:07:56;Abierta;Recibido;Enviado;ARS;44500.0;0.0;7000.0;51500.0;;;;;;;;;;Capital Federal;;Capital Federal;Argentina;Envio en moto CABA;Mercado Pago;;;;30/11/2025;02/12/2025;Falda Irina (XL);44500;1;;Móvil;;;;Sí;;;;;
6494;cliente_0511@ejemplo.com;30/11/2025 20:40:09;Abierta;Recibido;Enviado;ARS;129100.0;0.0;4837.0;133937.0;;;;;;;;;;Malvinas Argentinas;;Gran Buenos Aires;Argentina;Punto de retiro;Mercado Pago;;;;30/11/2025;01/12/2025;Jeans Cami (M);36600;1;;Móvil;;;;Sí;;;;;
6494;cliente_0511@ejemplo.com;;;;;;;;;;;;;;;;;;;;;;;;;;;;;;Vestido Olivia (M);55000;1;;;;;;Sí;;;;;
6494;cliente_0511@ejemplo.com;;;;;;;;;;;;;;;;;;;;;;;;;;;;;;Vestido Ashlyn (M);37500;1;;;;;;Sí;;;;;
6493;cliente_0512@ejemplo.com;30/11/2025 18:32:45;Abierta;Recibido;Enviado;ARS;36600.0;0.0;5377.99;41977.99;;;;;;;;;;Tres Arroyos;;Buenos Aires;Argentina;Punto de retiro;Mercado Pago;;;;30/11/2025;01/12/2025;Jeans Cami (S);36600;1;;Móvil;;;;Sí;;;;;
6492;cliente_0457@ejemplo.com;30/11/2025 17:39:32;Abierta;Recibido;Enviado;ARS;79500.0;0.0;4709.0;84209.0;;;;;;;;;;Vicente López;;Gran Buenos Aires;Argentina;Punto de retiro;Mercado Pago;;;;30/11/2025;01/12/2025;Vestido Valentino (S);40500;1;;Web;;;;Sí;;;;;
6492;cliente_0457@ejemplo.com;;;;;;;;;;;;;;;;;;;;;;;;;;;;;;Falda Vivianne (S);39000;1;;;;;;Sí;;;;;
6490;cliente_0513@ejemplo.com;30/11/2025 15:34:24;Abierta;Recibido;Enviado;ARS;119000.0;0.0;7000.0;126000.0;;;;;;;;;;Capital Federal;;Capital Federal;Argentina;Envio en moto CABA;Mercado Pago;;;;30/11/2025;01/12/2025;Vestido Serena (S);119000;1;;Móvil;;;;Sí;;;;;
6488;cliente_0051@ejemplo.com;30/11/2025 12:04:54;Abierta;Recibido;Enviado;ARS;119000.0;0.0;7000.0;126000.0;;;;;;;;;;Capital Federal;;Capital Federal;Argentina;Envio en moto CABA;Mercado Pago;;;;30/11/2025;02/12/2025;Vestido Serena (XL);119000;1;;Móvil;;;;Sí;;;;;
6487;cliente_0514@ejemplo.com;30/11/2025 11:32:19;Abierta;Recibido;Enviado;ARS;251500.0;0.0;0.0;251500.0;;;;;;;;;;Rosario;;Santa Fe;Argentina;Punto de retiro;Mercado Pago;;;;30/11/2025;01/12/2025;Vestido Nadine (M);58000;1;;Móvil;;;;Sí;;;;;
6487;cliente_0514@ejemplo.com;;;;;;;;;;;;;;;;;;;;;;;;;;;;;;Falda Irina (XL);44500;1;;;;;;Sí;;;;;
6487;cliente_0514@ejemplo.com;;;;;;;;;;;;;;;;;;;;;;;;;;;;;;Campera Alsira (XL);149000;1;;;;;;Sí;;;;;
6486;cliente_0515@ejemplo.com;30/11/2025 10:55:29;Abierta;Recibido;Enviado;ARS;40500.0;0.0;4429.0;44929.0;;;;;;;;;;Capital Federal;;Capital Federal;Argentina;Punto de retiro;Mercado Pago;;;;30/11/2025;01/12/2025;Vestido Valentino (S);40500;1;;Móvil;;;;Sí;;;;;
6485;cliente_0516@ejemplo.com;30/11/2025 10:28:34;Abierta;Recibido;Enviado;ARS;37500.0;0.0;8601.0;46101.0;;;;;;;;;;Pergamino ;;Buenos Aires;Argentina;Correo Argentino Clasico - Envio a domicilio;Mercado Pago;;;;30/11/2025;01/12/2025;Vestido Ashlyn (S);37500;1;;Móvil;;;;Sí;;;;;
6484;cliente_0517@ejemplo.com;30/11/2025 02:13:00;Abierta;Recibido;Enviado;ARS;224000.0;0.0;8841.0;232841.0;;;;;;;;;;La Capital;;Santa Fe;Argentina;Correo Argentino Clasico - Envio a domicilio;Mercado Pago;;;;30/11/2025;01/12/2025;Campera Alsira (M);149000;1;;Móvil;;;;Sí;;;;;
6484;cliente_0517@ejemplo.com;;;;;;;;;;;;;;;;;;;;;;;;;;;;;;Falda Kora (M);75000;1;;;;;;Sí;;;;;
6483;cliente_0518@ejemplo.com;29/11/2025 20:38:11;Abierta;Recibido;Enviado;ARS;119000.0;0.0;4429.0;123429.0;;;;;;;;;;Moron;;Gran Buenos Aires;Argentina;Punto de retiro;Mercado Pago;;;;29/11/2025;01/12/2025;Vestido Serena (XL);119000;1;;Móvil;;;;Sí;;;;;
6482;cliente_0519@ejemplo.com;29/11/2025 11:15:15;Abierta;Recibido;Enviado;ARS;95500.0;0.0;6238.0;101738.0;;;;;;;;;;Capital;;Córdoba;Argentina;Punto de retiro;Mercado Pago;;;;29/11/2025;01/12/2025;Vestido Ashlyn (XL);37500;1;;Móvil;;;;Sí;;;;;
6482;cliente_0519@ejemplo.com;;;;;;;;;;;;;;;;;;;;;;;;;;;;;;Jean Beca (L);58000;1;;;;;;Sí;;;;;
6481;cliente_0254@ejemplo.com;29/11/2025 09:29:40;Abierta;Recibido;Enviado;ARS;37500.0;0.0;7000.0;44500.0;;;;;;;;;;Capital Federal;;Capital Federal;Argentina;Envio en moto CABA;Transferencia o depósito bancario;;;;02/12/2025;02/12/2025;Vestido Ashlyn (L);37500;1;;Móvil;;;;Sí;;;;;
6480;cliente_0520@ejemplo.com;29/11/2025 09:27:54;Abierta;Recibido;Enviado;ARS;33000.0;0.0;7000.0;40000.0;;;;;;;;;;Capital Federal;;Capital Federal;Argentina;Envio en moto CABA;Mercado Pago;;;;29/11/2025;01/12/2025;Top Idole (M);33000;1;;Móvil;;;;Sí;;;;;
6479;cliente_0521@ejemplo.com;28/11/2025 22:31:48;Abierta;Recibido;Enviado;ARS;238000.0;0.0;7000.0;245000.0;;;;;;;;;;Capital Federal;;Capital Federal;Argentina;Envio en moto CABA;Mercado Pago;;;;28/11/2025;01/12/2025;Vestido Serena (L);119000;1;;Móvil;;;;Sí;;;;;
6479;cliente_0521@ejemplo.com;;;;;;;;;;;;;;;;;;;;;;;;;;;;;;Vestido Mandy (L);119000;1;;;;;;Sí;;;;;
6478;cliente_0522@ejemplo.com;28/11/2025 21:40:54;Abierta;Recibido;Enviado;ARS;44500.0;0.0;7000.0;51500.0;;;;;;;;;;Capital Federal;;Capital Federal;Argentina;Envio en moto CABA;Mercado Pago;;;;28/11/2025;01/12/2025;Falda Irina (XL);44500;1;;Móvil;;;;Sí;;;;;
6477;cliente_0523@ejemplo.com;28/11/2025 20:52:45;Abierta;Recibido;Enviado;ARS;85000.0;0.0;6106.0;91106.0;;;;;;;;;;Rio Gallegos;;Santa Cruz;Argentina;Punto de retiro;Mercado Pago;;;;28/11/2025;01/12/2025;Overall Heidi (S);85000;1;;Móvil;;;;Sí;;;;;
6476;cliente_0247@ejemplo.com;28/11/2025 18:58:07;Abierta;Recibido;Enviado;ARS;284000.0;0.0;0.0;284000.0;;;;;;;;;;Cordoba Capital;;Córdoba;Argentina;Correo Argentino Clasico - Envio a domicilio;Mercado Pago;;;;28/11/2025;01/12/2025;Jean Jordan (46);60000;1;;Móvil;;;;Sí;;;;;
6476;cliente_0247@ejemplo.com;;;;;;;;;;;;;;;;;;;;;;;;;;;;;;Capa Olsen (UNICO);65000;1;1797;;;;;Sí;;;;;
6476;cliente_0247@ejemplo.com;;;;;;;;;;;;;;;;;;;;;;;;;;;;;;Mini Falda Stella (XL);40000;1;;;;;;Sí;;;;;
6476;cliente_0247@ejemplo.com;;;;;;;;;;;;;;;;;;;;;;;;;;;;;;Vestido Serena (L);119000;1;;;;;;Sí;;;;;
6475;cliente_0524@ejemplo.com;28/11/2025 14:16:43;Abierta;Recibido;Enviado;ARS;170200.0;0.0;7913.0;178113.0;;;;;;;;;;Ituzaingo;;Gran Buenos Aires;Argentina;Correo Argentino Clasico - Envio a domicilio;Mercado Pago;;;;28/11/2025;01/12/2025;Túnica Natasha (L);51200;1;;Móvil;;;;Sí;;;;;
6475;cliente_0524@ejemplo.com;;;;;;;;;;;;;;;;;;;;;;;;;;;;;;Vestido Serena (XL);119000;1;;;;;;Sí;;;;;
6474;cliente_0080@ejemplo.com;28/11/2025 13:27:48;Abierta;Recibido;Enviado;ARS;58000.0;0.0;8601.0;66601.0;;;;;;;;;;Mar del plata;;Buenos Aires;Argentina;Correo Argentino Clasico - Envio a domicilio;Mercado Pago;;;;28/11/2025;01/12/2025;Vestido Nadine (M);58000;1;;Móvil;;;;Sí;;;;;
6473;cliente_0525@ejemplo.com;28/11/2025 08:31:53;Abierta;Recibido;Enviado;ARS;327000.0;0.0;0.0;327000.0;;;;;;;;;;General Pueyrredón;;Buenos Aires;Argentina;Punto de retiro;Mercado Pago;;;;28/11/2025;01/12/2025;Vestido Nadine (M);58000;1;;Móvil;;;;Sí;;;;;
6473;cliente_0525@ejemplo.com;;;;;;;;;;;;;;;;;;;;;;;;;;;;;;Vestido Zaira (Celeste, XL);119000;1;1780;;;;;Sí;;;;;
6473;cliente_0525@ejemplo.com;;;;;;;;;;;;;;;;;;;;;;;;;;;;;;Vestido Fara (XL);125000;1;1771;;;;;Sí;;;;;
6473;cliente_0525@ejemplo.com;;;;;;;;;;;;;;;;;;;;;;;;;;;;;;Bolso Lady West;25000;1;;;;;;Sí;;;;;
6472;cliente_0526@ejemplo.com;28/11/2025 05:20:30;Abierta;Recibido;Enviado;ARS;119000.0;0.0;9324.0;128324.0;;;;;;;;;;Resistencia;;Chaco;Argentina;Correo Argentino Clasico - Envio a domicilio;Mercado Pago;;;;28/11/2025;01/12/2025;Vestido Serena (XL);119000;1;;Móvil;;;;Sí;;;;;
6471;cliente_0527@ejemplo.com;27/11/2025 09:33:49;Abierta;Recibido;Enviado;ARS;51200.0;0.0;8601.0;59801.0;;;;;;;;;;Bahia Blanca;;Buenos Aires;Argentina;Correo Argentino Clasico - Envio a domicilio;Transferencia o depósito bancario;;;;27/11/2025;27/11/2025;Túnica Natasha (M);51200;1;;Móvil;;;;Sí;;;;;
6470;cliente_0528@ejemplo.com;27/11/2025 08:45:04;Abierta;Recibido;Enviado;ARS;39000.0;0.0;15512.0;54512.0;;;;;;;;;;San Carlos de Bariloche ;;Rio Negro;Argentina;Correo Argentino Clasico - Envio a domicilio;Mercado Pago;;;;27/11/2025;27/11/2025;Jeans Enzo (40);39000;1;1748;Móvil;;;;Sí;;;;;
6469;cliente_0529@ejemplo.com;27/11/2025 08:38:23;Abierta;Recibido;Enviado;ARS;145000.0;0.0;5377.99;150377.99;;;;;;;;;;Pinamar;;Buenos Aires;Argentina;Punto de retiro;Mercado Pago;;;;28/11/2025;01/12/2025;Trench Farrel (M);145000;1;;Móvil;;;;Sí;;;;;
6467;cliente_0530@ejemplo.com;27/11/2025 00:34:18;Abierta;Recibido;Enviado;ARS;37000.0;0.0;4429.0;41429.0;;;;;;;;;;Merlo;;Gran Buenos Aires;Argentina;Punto de retiro;Mercado Pago;;;;27/11/2025;27/11/2025;Vestido Giuli (M);37000;1;;Móvil;;;;Sí;;;;;
6466;cliente_0531@ejemplo.com;26/11/2025 21:03:53;Abierta;Recibido;Enviado;ARS;119000.0;0.0;9324.0;128324.0;;;;;;;;;;Luján de Cuyo;;Mendoza;Argentina;Correo Argentino Clasico - Envio a domicilio;Mercado Pago;;;;26/11/2025;27/11/2025;Vestido Serena (S);119000;1;;Móvil;;;;Sí;;;;;
6465;cliente_0532@ejemplo.com;26/11/2025 20:30:14;Abierta;Recibido;Enviado;ARS;51200.0;0.0;7256.0;58456.0;;;;;;;;;;La Matanza;;Gran Buenos Aires;Argentina;Correo Argentino Clasico - Envio a domicilio;Mercado Pago;;;;26/11/2025;27/11/2025;Vestido Bianca (XL);51200;1;;Móvil;;;;Sí;;;;;
6464;cliente_0310@ejemplo.com;26/11/2025 19:17:26;Abierta;Recibido;Enviado;ARS;44500.0;0.0;7256.0;51756.0;;;;;;;;;;Parque Leloir;;Gran Buenos Aires;Argentina;Correo Argentino Clasico - Envio a domicilio;Mercado Pago;;;;26/11/2025;27/11/2025;Falda Irina (XL);44500;1;;Móvil;;;;Sí;;;;;
6463;cliente_0533@ejemplo.com;26/11/2025 17:00:05;Abierta;Recibido;Enviado;ARS;53000.0;0.0;5867.0;58867.0;;;;;;;;;;Capital;;Corrientes;Argentina;Punto de retiro;Mercado Pago;;;;26/11/2025;27/11/2025;Vestido Fini (XL);53000;1;;Web;;;;Sí;;;;;
6460;cliente_0534@ejemplo.com;26/11/2025 09:39:30;Abierta;Recibido;Enviado;ARS;51200.0;0.0;8601.0;59801.0;;;;;;;;;;Fray Luis Beltrán ;;Santa Fe;Argentina;Correo Argentino Clasico - Envio a domicilio;Mercado Pago;;;;26/11/2025;26/11/2025;Túnica Natasha (S);51200;1;;Móvil;;;;Sí;;;;;
6459;cliente_0535@ejemplo.com;26/11/2025 07:21:07;Abierta;Recibido;Enviado;ARS;72000.0;0.0;7256.0;79256.0;;;;;;;;;;Zarate ;;Buenos Aires;Argentina;Correo Argentino Clasico - Envio a domicilio;Mercado Pago;;;;26/11/2025;26/11/2025;Catsuit Fame (M);72000;1;;Móvil;;;;Sí;;;;;
6458;cliente_0536@ejemplo.com;26/11/2025 00:04:56;Abierta;Recibido;Enviado;ARS;37500.0;0.0;4429.0;41929.0;;;;;;;;;;Avellaneda;;Gran Buenos Aires;Argentina;Punto de retiro;Mercado Pago;;;;26/11/2025;26/11/2025;Vestido Ashlyn (L);37500;1;;Móvil;;;;Sí;;;;;
6457;cliente_0537@ejemplo.com;25/11/2025 23:30:22;Abierta;Recibido;Enviado;ARS;37500.0;0.0;7000.0;44500.0;;;;;;;;;;Capital Federal;;Capital Federal;Argentina;Envio en moto CABA;Mercado Pago;;;;25/11/2025;27/11/2025;Vestido Many (S);37500;1;;Móvil;;;;Sí;;;;;
6456;cliente_0538@ejemplo.com;25/11/2025 20:27:59;Abierta;Recibido;Enviado;ARS;51200.0;0.0;5377.99;56577.99;;;;;;;;;;Rosario;;Santa Fe;Argentina;Punto de retiro;Mercado Pago;;;;25/11/2025;26/11/2025;Túnica Natasha (L);51200;1;;Móvil;;;;Sí;;;;;
6455;cliente_0539@ejemplo.com;25/11/2025 20:15:40;Abierta;Recibido;Enviado;ARS;119000.0;0.0;5377.99;124377.99;;;;;;;;;;Ensenada;;Buenos Aires;Argentina;Punto de retiro;Mercado Pago;;;;25/11/2025;26/11/2025;Vestido Serena (L);119000;1;;Móvil;;;;Sí;;;;;
6454;cliente_0328@ejemplo.com;25/11/2025 19:32:52;Abierta;Recibido;Enviado;ARS;109000.0;0.0;6238.0;115238.0;;;;;;;;;;Capital;;Córdoba;Argentina;Punto de retiro;Mercado Pago;;;;25/11/2025;26/11/2025;Catsuit Rosier (L);71500;1;;Móvil;;;;Sí;;;;;
6454;cliente_0328@ejemplo.com;;;;;;;;;;;;;;;;;;;;;;;;;;;;;;Vestido Ashlyn (L);37500;1;;;;;;Sí;;;;;
6451;cliente_0540@ejemplo.com;25/11/2025 18:51:03;Abierta;Recibido;Enviado;ARS;119000.0;0.0;8601.0;127601.0;;;;;;;;;;Porteña;;Córdoba;Argentina;Correo Argentino Clasico - Envio a domicilio;Mercado Pago;;;;25/11/2025;26/11/2025;Vestido Serena (L);119000;1;;Móvil;;;;Sí;;;;;
6450;cliente_0541@ejemplo.com;25/11/2025 18:28:59;Abierta;Recibido;Enviado;ARS;238000.0;0.0;17061.0;255061.0;;;;;;;;;;San Salvador de jujuy;;Jujuy;Argentina;Correo Argentino Clasico - Envio a domicilio;Mercado Pago;;;;25/11/2025;26/11/2025;Vestido Serena (L);119000;1;;Móvil;;;;Sí;;;;;
6450;cliente_0541@ejemplo.com;;;;;;;;;;;;;;;;;;;;;;;;;;;;;;Vestido Mandy (L);119000;1;;;;;;Sí;;;;;
6449;cliente_0542@ejemplo.com;25/11/2025 18:06:46;Abierta;Recibido;Enviado;ARS;119000.0;0.0;7000.0;126000.0;;;;;;;;;;Capital Federal;;Capital Federal;Argentina;Envio en moto CABA;Mercado Pago;;;;25/11/2025;27/11/2025;Vestido Serena (L);119000;1;;Móvil;;;;Sí;;;;;
6448;cliente_0543@ejemplo.com;25/11/2025 17:23:55;Abierta;Recibido;Enviado;ARS;188000.0;0.0;7913.0;195913.0;;;;;;;;;;Avellaneda;;Gran Buenos Aires;Argentina;Correo Argentino Clasico - Envio a domicilio;Mercado Pago;;;;25/11/2025;26/11/2025;Vestido Serena (XL);119000;1;;Móvil;;;;Sí;;;;;
6448;cliente_0543@ejemplo.com;;;;;;;;;;;;;;;;;;;;;;;;;;;;;;Chaleco Farid (XL);69000;1;;;;;;Sí;;;;;
6447;cliente_0544@ejemplo.com;25/11/2025 16:20:02;Abierta;Recibido;Enviado;ARS;194000.0;0.0;8841.0;202841.0;;;;;;;;;;Villa del Totoral ;;Córdoba;Argentina;Correo Argentino Clasico - Envio a domicilio;Mercado Pago;;;;25/11/2025;26/11/2025;Vestido Madison (L);138000;1;;Móvil;;;;Sí;;;;;
6447;cliente_0544@ejemplo.com;;;;;;;;;;;;;;;;;;;;;;;;;;;;;;Vestido Isabella (L);56000;1;;;;;;Sí;;;;;
6446;cliente_0545@ejemplo.com;25/11/2025 15:24:14;Abierta;Recibido;Enviado;ARS;278000.0;0.0;0.0;278000.0;;;;;;;;;;Neuquen;;Neuquén;Argentina;Correo Argentino Clasico - Envio a domicilio;Mercado Pago;;;;25/11/2025;26/11/2025;Campera Azura (M);220000;1;;Móvil;;;;Sí;;;;;
6446;cliente_0545@ejemplo.com;;;;;;;;;;;;;;;;;;;;;;;;;;;;;;Jean Beca (M);58000;1;;;;;;Sí;;;;;
6445;cliente_0546@ejemplo.com;25/11/2025 12:20:11;Abierta;Recibido;Enviado;ARS;59000.0;0.0;9324.0;68324.0;;;;;;;;;;Neuquen;;Neuquén;Argentina;Correo Argentino Clasico - Envio a domicilio;Mercado Pago;;;;25/11/2025;27/11/2025;Corset Roma (L);59000;1;;Móvil;;;;Sí;;;;;
6443;cliente_0547@ejemplo.com;25/11/2025 10:17:12;Abierta;Recibido;Enviado;ARS;40500.0;0.0;4429.0;44929.0;;;;;;;;;;Ituzaingo;;Gran Buenos Aires;Argentina;Punto de retiro;Mercado Pago;;;;25/11/2025;27/11/2025;Vestido Marion (L);40500;1;;Móvil;;;;Sí;;;;;
6442;cliente_0465@ejemplo.com;25/11/2025 08:01:42;Abierta;Recibido;Enviado;ARS;290000.0;0.0;7000.0;297000.0;;;;;;;;;;Capital Federal;;Capital Federal;Argentina;Envio en moto CABA;Mercado Pago;;;;25/11/2025;27/11/2025;Vestido Serena (XL);135000;1;;Móvil;;;;Sí;;;;;
6442;cliente_0465@ejemplo.com;;;;;;;;;;;;;;;;;;;;;;;;;;;;;;Vestido Samira (XL);155000;1;;;;;;Sí;;;;;
6441;cliente_0548@ejemplo.com;25/11/2025 07:45:48;Abierta;Recibido;Enviado;ARS;104500.0;0.0;6238.0;110738.0;;;;;;;;;;Tres Arroyos;;Buenos Aires;Argentina;Punto de retiro;Mercado Pago;;;;25/11/2025;26/11/2025;Falda Irina (M);44500;1;;Móvil;;;;Sí;;;;;
6441;cliente_0548@ejemplo.com;;;;;;;;;;;;;;;;;;;;;;;;;;;;;;Vestido Ula (S);60000;1;;;;;;Sí;;;;;
6440;cliente_0549@ejemplo.com;24/11/2025 16:37:58;Abierta;Recibido;Enviado;ARS;203000.0;0.0;8841.0;211841.0;;;;;;;;;;Salto;;Buenos Aires;Argentina;Correo Argentino Clasico - Envio a domicilio;Mercado Pago;;;;24/11/2025;27/11/2025;Vestido Madison (XL);138000;1;;Móvil;;;;Sí;;;;;
6440;cliente_0549@ejemplo.com;;;;;;;;;;;;;;;;;;;;;;;;;;;;;;Capa Olsen (UNICO);65000;1;1797;;;;;Sí;;;;;
6438;cliente_0550@ejemplo.com;24/11/2025 15:24:26;Abierta;Recibido;Enviado;ARS;140000.0;0.0;4837.0;144837.0;;;;;;;;;;Tres de Febrero;;Gran Buenos Aires;Argentina;Punto de retiro;Mercado Pago;;;;24/11/2025;27/11/2025;Vestido Mandy (L);140000;1;;Móvil;;;;Sí;;;;;
6436;cliente_0551@ejemplo.com;24/11/2025 11:21:33;Abierta;Recibido;Enviado;ARS;40600.0;0.0;6232.0;46832.0;;;;;;;;;;Vicente López;;Gran Buenos Aires;Argentina;Punto de retiro;Mercado Pago;;;;24/11/2025;26/11/2025;Jeans Calix Snow (42);40600;1;1767;Móvil;;;;Sí;;;;;
6435;cliente_0552@ejemplo.com;24/11/2025 08:11:32;Abierta;Recibido;Enviado;ARS;58000.0;0.0;8601.0;66601.0;;;;;;;;;;General lagos ;;Santa Fe;Argentina;Correo Argentino Clasico - Envio a domicilio;Mercado Pago;;;;24/11/2025;27/11/2025;Vestido Nadine (M);58000;1;;Móvil;;;;Sí;;;;;
6434;cliente_0553@ejemplo.com;23/11/2025 19:43:52;Abierta;Recibido;Enviado;ARS;147000.0;0.0;7000.0;154000.0;;;;;;;;;;Capital Federal;;Capital Federal;Argentina;Envio en moto CABA;Mercado Pago;;;;23/11/2025;26/11/2025;Top Idole (L);33000;1;;Móvil;;;;Sí;;;;;
6434;cliente_0553@ejemplo.com;;;;;;;;;;;;;;;;;;;;;;;;;;;;;;Vestido Olivia (M);55000;1;;;;;;Sí;;;;;
6434;cliente_0553@ejemplo.com;;;;;;;;;;;;;;;;;;;;;;;;;;;;;;Corset Roma (L);59000;1;;;;;;Sí;;;;;
6433;cliente_0554@ejemplo.com;23/11/2025 18:54:48;Abierta;Recibido;Enviado;ARS;87000.0;0.0;9324.0;96324.0;;;;;;;;;;Junín;;Mendoza;Argentina;Correo Argentino Clasico - Envio a domicilio;Mercado Pago;;;;23/11/2025;26/11/2025;Vestido Azucena (XL);87000;1;;Móvil;;;;Sí;;;;;
6431;cliente_0555@ejemplo.com;22/11/2025 20:57:52;Abierta;Recibido;Enviado;ARS;55000.0;0.0;8601.0;63601.0;;;;;;;;;;General Pueyrredón;;Buenos Aires;Argentina;Correo Argentino Clasico - Envio a domicilio;Mercado Pago;;;;22/11/2025;27/11/2025;Vestido Olivia (S);55000;1;;Móvil;;;;Sí;;;;;
6430;cliente_0556@ejemplo.com;22/11/2025 16:23:10;Abierta;Recibido;Enviado;ARS;179500.0;0.0;10433.0;189933.0;;;;;;;;;;San Luis;;San Luis;Argentina;Correo Argentino Clasico - Envio a domicilio;Mercado Pago;;;;22/11/2025;26/11/2025;Vestido Ashlyn (L);37500;1;;Móvil;;;;Sí;;;;;
6430;cliente_0556@ejemplo.com;;;;;;;;;;;;;;;;;;;;;;;;;;;;;;Chaleco Farid (L);69000;1;;;;;;Sí;;;;;
6430;cliente_0556@ejemplo.com;;;;;;;;;;;;;;;;;;;;;;;;;;;;;;Jean Karim (44);73000;1;;;;;;Sí;;;;;
6429;cliente_0557@ejemplo.com;22/11/2025 13:47:48;Abierta;Recibido;Enviado;ARS;51200.0;0.0;9324.0;60524.0;;;;;;;;;;Neuquén;;Neuquén;Argentina;Correo Argentino Clasico - Envio a domicilio;Mercado Pago;;;;22/11/2025;27/11/2025;Vestido Bianca (S);51200;1;;Móvil;;;;Sí;;;;;
6427;cliente_0558@ejemplo.com;22/11/2025 10:49:57;Abierta;Recibido;Enviado;ARS;140000.0;0.0;10433.0;150433.0;;;;;;;;;;Concepción ;;Tucumán;Argentina;Correo Argentino Clasico - Envio a domicilio;Mercado Pago;;;;22/11/2025;27/11/2025;Vestido Mandy (L);140000;1;;Móvil;;;;Sí;;;;;
6426;cliente_0559@ejemplo.com;21/11/2025 22:56:24;Abierta;Recibido;Enviado;ARS;39000.0;0.0;6232.0;45232.0;;;;;;;;;;Tres de Febrero;;Gran Buenos Aires;Argentina;Punto de retiro;Mercado Pago;;;;21/11/2025;26/11/2025;Jeans Enzo (40);39000;1;1748;Móvil;;;;Sí;;;;;
6425;cliente_0560@ejemplo.com;21/11/2025 17:37:46;Abierta;Recibido;Enviado;ARS;65000.0;0.0;4429.0;69429.0;;;;;;;;;;Lomas de Zamora;;Gran Buenos Aires;Argentina;Punto de retiro;Mercado Pago;;;;21/11/2025;27/11/2025;Capa Olsen (UNICO);65000;1;1797;Móvil;;;;Sí;;;;;
6424;cliente_0561@ejemplo.com;21/11/2025 14:28:15;Abierta;Recibido;Enviado;ARS;135000.0;0.0;9389.0;144389.0;;;;;;;;;;Rawson;;Chubut;Argentina;Correo Argentino Clasico - Envio a domicilio;Mercado Pago;;;;21/11/2025;27/11/2025;Vestido Serena (XL);135000;1;;Móvil;;;;Sí;;;;;
6423;cliente_0562@ejemplo.com;21/11/2025 13:33:24;Abierta;Recibido;Enviado;ARS;58000.0;0.0;7000.0;65000.0;;;;;;;;;;Capital Federal;;Capital Federal;Argentina;Envio en moto CABA;Mercado Pago;;;;21/11/2025;27/11/2025;Vestido Nadine (M);58000;1;;Móvil;;;;Sí;;;;;
6422;cliente_0563@ejemplo.com;21/11/2025 12:02:44;Abierta;Recibido;Enviado;ARS;135000.0;0.0;7000.0;142000.0;;;;;;;;;;Capital Federal;;Capital Federal;Argentina;Envio en moto CABA;Mercado Pago;;;;21/11/2025;27/11/2025;Vestido Amira (XL);135000;1;;Móvil;;;;Sí;;;;;
6421;cliente_0564@ejemplo.com;21/11/2025 10:19:01;Abierta;Recibido;Enviado;ARS;135000.0;0.0;4429.0;139429.0;;;;;;;;;;San justo;;Gran Buenos Aires;Argentina;Punto de retiro;Mercado Pago;;;;21/11/2025;27/11/2025;Vestido Serena (S);135000;1;;Móvil;;;;Sí;;;;;
6420;cliente_0565@ejemplo.com;21/11/2025 10:11:29;Abierta;Recibido;Enviado;ARS;44800.0;0.0;15512.0;60312.0;;;;;;;;;;San Miguel de Tucumán ;;Tucumán;Argentina;Correo Argentino Clasico - Envio a domicilio;Mercado Pago;;;;21/11/2025;27/11/2025;Jeans Calix (40);44800;1;1747;Móvil;;;;Sí;;;;;
6419;cliente_0566@ejemplo.com;21/11/2025 08:37:58;Abierta;Recibido;Enviado;ARS;139100.0;0.0;7000.0;146100.0;;;;;;;;;;Capital Federal;;Capital Federal;Argentina;Envio en moto CABA;Transferencia o depósito bancario;;;;25/11/2025;01/12/2025;Vestido Ashlyn (L);37500;1;;Móvil;;;;Sí;;;;;
6419;cliente_0566@ejemplo.com;;;;;;;;;;;;;;;;;;;;;;;;;;;;;;Jeans Cami (L);36600;1;;;;;;Sí;;;;;
6419;cliente_0566@ejemplo.com;;;;;;;;;;;;;;;;;;;;;;;;;;;;;;Catsuit Charly beige (XL);65000;1;;;;;;Sí;;;;;
6418;cliente_0567@ejemplo.com;21/11/2025 08:34:30;Abierta;Recibido;Enviado;ARS;81500.0;0.0;8841.0;90341.0;;;;;;;;;;Mar del plata ;;Buenos Aires;Argentina;Correo Argentino Clasico - Envio a domicilio;Mercado Pago;;;;21/11/2025;27/11/2025;Falda Irina (XL);44500;1;;Móvil;;;;Sí;;;;;
6418;cliente_0567@ejemplo.com;;;;;;;;;;;;;;;;;;;;;;;;;;;;;;Vestido Giuli (M);37000;1;;;;;;Sí;;;;;
6416;cliente_0568@ejemplo.com;20/11/2025 23:50:11;Abierta;Recibido;Enviado;ARS;65000.0;0.0;4429.0;69429.0;;;;;;;;;;Berazategui;;Gran Buenos Aires;Argentina;Punto de retiro;Mercado Pago;;;;20/11/2025;26/11/2025;Blazer Carel (M);65000;1;;Móvil;;;;Sí;;;;;
6415;cliente_0530@ejemplo.com;20/11/2025 23:36:24;Abierta;Recibido;Enviado;ARS;39000.0;0.0;6232.0;45232.0;;;;;;;;;;Merlo;;Gran Buenos Aires;Argentina;Punto de retiro;Mercado Pago;;;;20/11/2025;26/11/2025;Jeans Enzo (38);39000;1;1748;Móvil;;;;Sí;;;;;
6414;cliente_0569@ejemplo.com;20/11/2025 22:10:03;Abierta;Recibido;Enviado;ARS;135000.0;0.0;8601.0;143601.0;;;;;;;;;;America;;Buenos Aires;Argentina;Correo Argentino Clasico - Envio a domicilio;Mercado Pago;;;;20/11/2025;27/11/2025;Vestido Serena (XL);135000;1;;Móvil;;;;Sí;;;;;
6413;cliente_0570@ejemplo.com;20/11/2025 21:46:08;Abierta;Recibido;Enviado;ARS;37500.0;0.0;8601.0;46101.0;;;;;;;;;;Unquillo;;Córdoba;Argentina;Correo Argentino Clasico - Envio a domicilio;Mercado Pago;;;;20/11/2025;26/11/2025;Vestido Many (S);37500;1;;Móvil;;;;Sí;;;;;
6412;cliente_0571@ejemplo.com;20/11/2025 21:43:25;Abierta;Recibido;Enviado;ARS;135000.0;0.0;7256.0;142256.0;;;;;;;;;;Boulogne;;Gran Buenos Aires;Argentina;Correo Argentino Clasico - Envio a domicilio;Mercado Pago;;;;20/11/2025;27/11/2025;Vestido Serena (XL);135000;1;;Móvil;;;;Sí;;;;;
6411;cliente_0572@ejemplo.com;20/11/2025 20:09:24;Abierta;Recibido;Enviado;ARS;135000.0;0.0;8601.0;143601.0;;;;;;;;;;Malabrigo ;;Santa Fe;Argentina;Correo Argentino Clasico - Envio a domicilio;Mercado Pago;;;;20/11/2025;27/11/2025;Vestido Serena (L);135000;1;;Móvil;;;;Sí;;;;;
6410;cliente_0573@ejemplo.com;20/11/2025 19:36:43;Abierta;Recibido;Enviado;ARS;52000.0;0.0;4429.0;56429.0;;;;;;;;;;San Miguel;;Gran Buenos Aires;Argentina;Punto de retiro;Mercado Pago;;;;20/11/2025;27/11/2025;Vestido Angelina (L);52000;1;;Móvil;;;;Sí;;;;;
6409;cliente_0574@ejemplo.com;20/11/2025 18:27:43;Abierta;Recibido;Enviado;ARS;40500.0;0.0;7256.0;47756.0;;;;;;;;;;Hurlingham;;Gran Buenos Aires;Argentina;Correo Argentino Clasico - Envio a domicilio;Mercado Pago;;;;20/11/2025;27/11/2025;Vestido Marion (L);40500;1;;Web;;;;Sí;;;;;
6408;cliente_0575@ejemplo.com;20/11/2025 17:47:02;Abierta;Recibido;Enviado;ARS;60000.0;0.0;8601.0;68601.0;;;;;;;;;;San Jeronimo;;Santa Fe;Argentina;Correo Argentino Clasico - Envio a domicilio;Mercado Pago;;;;20/11/2025;27/11/2025;Vestido Ula (M);60000;1;;Móvil;;;;Sí;;;;;
6407;cliente_0576@ejemplo.com;20/11/2025 11:42:29;Abierta;Recibido;Enviado;ARS;55000.0;0.0;8601.0;63601.0;;;;;;;;;;Villa elisa la plata;;Buenos Aires;Argentina;Correo Argentino Clasico - Envio a domicilio;Mercado Pago;;;;20/11/2025;20/11/2025;Vestido Olivia (S);55000;1;;Móvil;;;;Sí;;;;;
6405;cliente_0577@ejemplo.com;20/11/2025 02:16:59;Abierta;Recibido;Enviado;ARS;118000.0;0.0;7913.0;125913.0;;;;;;;;;;Vicente Lopez;;Gran Buenos Aires;Argentina;Correo Argentino Clasico - Envio a domicilio;Mercado Pago;;;;20/11/2025;20/11/2025;Vestido Ula (M);60000;1;;Móvil;;;;Sí;;;;;
6405;cliente_0577@ejemplo.com;;;;;;;;;;;;;;;;;;;;;;;;;;;;;;Vestido Nadine (M);58000;1;;;;;;Sí;;;;;
6403;cliente_0578@ejemplo.com;19/11/2025 21:55:57;Abierta;Recibido;Enviado;ARS;51200.0;0.0;9324.0;60524.0;;;;;;;;;;General Alvear;;Mendoza;Argentina;Correo Argentino Clasico - Envio a domicilio;Mercado Pago;;;;19/11/2025;20/11/2025;Túnica Natasha (S);51200;1;;Móvil;;;;Sí;;;;;
6402;cliente_0579@ejemplo.com;19/11/2025 21:23:58;Abierta;Recibido;Enviado;ARS;37500.0;0.0;7256.0;44756.0;;;;;;;;;;La Matanza;;Gran Buenos Aires;Argentina;Correo Argentino Clasico - Envio a domicilio;Mercado Pago;;;;19/11/2025;20/11/2025;Vestido Ashlyn (S);37500;1;;Móvil;;;;Sí;;;;;
6401;cliente_0491@ejemplo.com;19/11/2025 19:53:21;Abierta;Recibido;Enviado;ARS;135000.0;0.0;7000.0;142000.0;;;;;;;;;;Capital Federal;;Capital Federal;Argentina;Envio en moto CABA;Mercado Pago;;;;19/11/2025;26/11/2025;Vestido Serena (XL);135000;1;;Móvil;;;;Sí;;;;;
6400;cliente_0580@ejemplo.com;19/11/2025 19:23:28;Abierta;Recibido;Enviado;ARS;273000.0;0.0;0.0;273000.0;;;;;;;;;;Virrey del Pino;;Gran Buenos Aires;Argentina;Correo Argentino Clasico - Envio a domicilio;Mercado Pago;;;;19/11/2025;20/11/2025;Vestido Madison (XL);138000;1;;Web;;;;Sí;;;;;
6400;cliente_0580@ejemplo.com;;;;;;;;;;;;;;;;;;;;;;;;;;;;;;Vestido Serena (XL);135000;1;;;;;;Sí;;;;;
6399;cliente_0281@ejemplo.com;19/11/2025 18:11:56;Abierta;Recibido;Enviado;ARS;139000.0;0.0;4837.0;143837.0;;;;;;;;;;Moron;;Gran Buenos Aires;Argentina;Punto de retiro;Mercado Pago;;;;19/11/2025;20/11/2025;Vestido Bianca (XL);51200;1;;Móvil;;;;Sí;;;;;
6399;cliente_0281@ejemplo.com;;;;;;;;;;;;;;;;;;;;;;;;;;;;;;Túnica Natasha (L);51200;1;;;;;;Sí;;;;;
6399;cliente_0281@ejemplo.com;;;;;;;;;;;;;;;;;;;;;;;;;;;;;;Jeans Cami (L);36600;1;;;;;;Sí;;;;;
6398;cliente_0581@ejemplo.com;19/11/2025 10:36:03;Abierta;Recibido;Enviado;ARS;150000.0;0.0;8818.0;158818.0;;;;;;;;;;Avellaneda;;Gran Buenos Aires;Argentina;Punto de retiro;Transferencia o depósito bancario;;;;19/11/2025;20/11/2025;Jeans Enzo (44);39000;1;1748;Móvil;;;;Sí;;;;;
6398;cliente_0581@ejemplo.com;;;;;;;;;;;;;;;;;;;;;;;;;;;;;;Jean Boho (42);53000;1;;;;;;Sí;;;;;
6398;cliente_0581@ejemplo.com;;;;;;;;;;;;;;;;;;;;;;;;;;;;;;Jean Beca (XL);58000;1;;;;;;Sí;;;;;
6397;cliente_0582@ejemplo.com;19/11/2025 09:41:22;Abierta;Recibido;Enviado;ARS;140000.0;0.0;10433.0;150433.0;;;;;;;;;;Cinco Saltos ;;Rio Negro;Argentina;Correo Argentino Clasico - Envio a domicilio;Mercado Pago;;;;19/11/2025;20/11/2025;Vestido Mandy (L);140000;1;;Móvil;;;;Sí;;;;;
6396;cliente_0583@ejemplo.com;19/11/2025 06:57:54;Abierta;Recibido;Enviado;ARS;44500.0;0.0;7256.0;51756.0;;;;;;;;;;Ituzaingó ;;Gran Buenos Aires;Argentina;Correo Argentino Clasico - Envio a domicilio;Mercado Pago;;;;19/11/2025;20/11/2025;Falda Irina (XL);44500;1;;Móvil;;;;Sí;;;;;
6395;cliente_0584@ejemplo.com;19/11/2025 02:28:11;Abierta;Recibido;Enviado;ARS;274700.0;0.0;0.0;274700.0;;;;;;;;;;Capital Federal;;Capital Federal;Argentina;Correo Argentino Clasico - Envio a domicilio;Mercado Pago;;;;19/11/2025;20/11/2025;Chaleco Farid (XL);69000;1;;Móvil;;;;Sí;;;;;
6395;cliente_0584@ejemplo.com;;;;;;;;;;;;;;;;;;;;;;;;;;;;;;Capa Olsen (UNICO);65000;1;1797;;;;;Sí;;;;;
6395;cliente_0584@ejemplo.com;;;;;;;;;;;;;;;;;;;;;;;;;;;;;;Camisa Seven (UNICO);50000;1;1661;;;;;Sí;;;;;
6395;cliente_0584@ejemplo.com;;;;;;;;;;;;;;;;;;;;;;;;;;;;;;Túnica Natasha (M);51200;1;;;;;;Sí;;;;;
6395;cliente_0584@ejemplo.com;;;;;;;;;;;;;;;;;;;;;;;;;;;;;;Camisa Ivette (L);39500;1;1412;;;;;Sí;;;;;
6393;cliente_0397@ejemplo.com;18/11/2025 23:20:29;Abierta;Recibido;Enviado;ARS;119000.0;0.0;5377.99;124377.99;;;;;;;;;;Paraná;;Entre Ríos;Argentina;Punto de retiro;Mercado Pago;;;;18/11/2025;20/11/2025;Vestido Magda (XL);119000;1;;Móvil;;;;Sí;;;;;
6392;cliente_0585@ejemplo.com;18/11/2025 22:42:47;Abierta;Recibido;Enviado;ARS;37500.0;0.0;8601.0;46101.0;;;;;;;;;;Concordia;;Entre Ríos;Argentina;Correo Argentino Clasico - Envio a domicilio;Mercado Pago;;;;18/11/2025;20/11/2025;Vestido Ashlyn (XL);37500;1;;Móvil;;;;Sí;;;;;
6391;cliente_0301@ejemplo.com;18/11/2025 19:25:53;Abierta;Recibido;Enviado;ARS;70500.0;0.0;6752.0;77252.0;;;;;;;;;;Capital;;Santiago del Estero;Argentina;Punto de retiro;Mercado Pago;;;;18/11/2025;20/11/2025;Vestido Ashlyn (L);37500;1;;Web;;;;Sí;;;;;
6391;cliente_0301@ejemplo.com;;;;;;;;;;;;;;;;;;;;;;;;;;;;;;Top Idole (L);33000;1;;;;;;Sí;;;;;
6389;cliente_0586@ejemplo.com;18/11/2025 13:36:18;Abierta;Recibido;Enviado;ARS;75000.0;0.0;6238.0;81238.0;;;;;;;;;;La Plata;;Buenos Aires;Argentina;Punto de retiro;Mercado Pago;;;;18/11/2025;20/11/2025;Vestido Many (S);37500;1;;Móvil;;;;Sí;;;;;
6389;cliente_0586@ejemplo.com;;;;;;;;;;;;;;;;;;;;;;;;;;;;;;Vestido Ashlyn (L);37500;1;;;;;;Sí;;;;;
6388;cliente_0587@ejemplo.com;18/11/2025 11:31:39;Abierta;Recibido;Enviado;ARS;135000.0;0.0;4429.0;139429.0;;;;;;;;;;Berazategui;;Gran Buenos Aires;Argentina;Punto de retiro;Mercado Pago;;;;18/11/2025;18/11/2025;Vestido Serena (L);135000;1;;Móvil;;;;Sí;;;;;
6387;cliente_0588@ejemplo.com;18/11/2025 10:46:50;Abierta;Recibido;Enviado;ARS;138000.0;0.0;7256.0;145256.0;;;;;;;;;;Quilmes oeste;;Gran Buenos Aires;Argentina;Correo Argentino Clasico - Envio a domicilio;Mercado Pago;;;;18/11/2025;18/11/2025;Vestido Madison (L);138000;1;;Móvil;;;;Sí;;;;;
6385;cliente_0589@ejemplo.com;18/11/2025 00:21:56;Abierta;Recibido;Enviado;ARS;51200.0;0.0;4429.0;55629.0;;;;;;;;;;Vicente López;;Gran Buenos Aires;Argentina;Punto de retiro;Mercado Pago;;;;18/11/2025;18/11/2025;Túnica Natasha (L);51200;1;;Móvil;;;;Sí;;;;;
6383;cliente_0590@ejemplo.com;17/11/2025 17:55:28;Abierta;Recibido;Enviado;ARS;89500.0;0.0;9612.99;99112.99;;;;;;;;;;Godoy Cruz;;Mendoza;Argentina;Correo Argentino Clasico - Envio a domicilio;Mercado Pago;;;;17/11/2025;18/11/2025;Camisa Ivette (M);39500;1;1412;Móvil;;;;Sí;;;;;
6383;cliente_0590@ejemplo.com;;;;;;;;;;;;;;;;;;;;;;;;;;;;;;Camisa Seven (UNICO);50000;1;1661;;;;;Sí;;;;;
6382;cliente_0591@ejemplo.com;17/11/2025 16:27:07;Abierta;Recibido;Enviado;ARS;44500.0;0.0;7256.0;51756.0;;;;;;;;;;Florencio Varela ;;Gran Buenos Aires;Argentina;Correo Argentino Clasico - Envio a domicilio;Mercado Pago;;;;17/11/2025;18/11/2025;Falda Irina (XL);44500;1;;Móvil;;;;Sí;;;;;
6381;cliente_0377@ejemplo.com;17/11/2025 15:32:17;Abierta;Recibido;Enviado;ARS;468000.0;0.0;0.0;468000.0;;;;;;;;;;Villa María ;;Córdoba;Argentina;Correo Argentino Clasico - Envio a domicilio;Mercado Pago;;;;17/11/2025;18/11/2025;Vestido Jackie (S);120000;1;;Móvil;;;;Sí;;;;;
6381;cliente_0377@ejemplo.com;;;;;;;;;;;;;;;;;;;;;;;;;;;;;;Catsuit Lucrecia (S);139000;1;;;;;;Sí;;;;;
6381;cliente_0377@ejemplo.com;;;;;;;;;;;;;;;;;;;;;;;;;;;;;;Catsuit Máxima (S);70000;1;;;;;;Sí;;;;;
6381;cliente_0377@ejemplo.com;;;;;;;;;;;;;;;;;;;;;;;;;;;;;;Catsuit Ciro (S);139000;1;;;;;;Sí;;;;;
6380;cliente_0592@ejemplo.com;17/11/2025 15:29:47;Abierta;Recibido;Enviado;ARS;220000.0;0.0;7000.0;227000.0;;;;;;;;;;Capital Federal;;Capital Federal;Argentina;Envio en moto CABA;Mercado Pago;;;;17/11/2025;18/11/2025;Campera Azura (XL);220000;1;;Móvil;;;;Sí;;;;;
6379;cliente_0593@ejemplo.com;17/11/2025 13:22:51;Abierta;Recibido;Enviado;ARS;60000.0;0.0;4429.0;64429.0;;;;;;;;;;Lomas de Zamora;;Gran Buenos Aires;Argentina;Punto de retiro;Mercado Pago;;;;17/11/2025;18/11/2025;Vestido Ula (S);60000;1;;Móvil;;;;Sí;;;;;
6378;cliente_0594@ejemplo.com;17/11/2025 07:42:59;Abierta;Recibido;Enviado;ARS;40500.0;0.0;6106.0;46606.0;;;;;;;;;;Río Grande;;Tierra del Fuego;Argentina;Punto de retiro;Mercado Pago;;;;17/11/2025;18/11/2025;Vestido Valentino (L);40500;1;;Móvil;;;;Sí;;;;;
6377;cliente_0595@ejemplo.com;17/11/2025 01:01:34;Abierta;Recibido;Enviado;ARS;94000.0;0.0;21845.01;115845.01;;;;;;;;;;Catamarca ;;Catamarca;Argentina;Correo Argentino Clasico - Envio a domicilio;Mercado Pago;;;;17/11/2025;18/11/2025;Jeans Enzo (42);39000;1;1748;Móvil;;;;Sí;;;;;
6377;cliente_0595@ejemplo.com;;;;;;;;;;;;;;;;;;;;;;;;;;;;;;Vestido Olivia (M);55000;1;;;;;;Sí;;;;;
6376;cliente_0596@ejemplo.com;16/11/2025 20:18:37;Abierta;Recibido;Enviado;ARS;177000.0;0.0;6752.0;183752.0;;;;;;;;;;Capital;;Santiago del Estero;Argentina;Punto de retiro;Mercado Pago;;;;16/11/2025;18/11/2025;Vestido Nadine (M);58000;1;;Móvil;;;;Sí;;;;;
6376;cliente_0596@ejemplo.com;;;;;;;;;;;;;;;;;;;;;;;;;;;;;;Vestido Pilcro (M);119000;1;;;;;;Sí;;;;;
6375;cliente_0350@ejemplo.com;16/11/2025 16:20:55;Abierta;Recibido;Enviado;ARS;37500.0;0.0;7000.0;44500.0;;;;;;;;;;Capital Federal;;Capital Federal;Argentina;Envio en moto CABA;Mercado Pago;;;;16/11/2025;18/11/2025;Vestido Ashlyn (L);37500;1;;Móvil;;;;Sí;;;;;
6374;cliente_0597@ejemplo.com;16/11/2025 15:19:00;Abierta;Recibido;Enviado;ARS;122500.0;0.0;9307.0;131807.0;;;;;;;;;;Mar del Plata ;;Buenos Aires;Argentina;Correo Argentino Clasico - Envio a domicilio;Mercado Pago;;;;16/11/2025;18/11/2025;Vestido Marion (L);40500;1;;Móvil;;;;Sí;;;;;
6374;cliente_0597@ejemplo.com;;;;;;;;;;;;;;;;;;;;;;;;;;;;;;Falda Irina (L);44500;1;;;;;;Sí;;;;;
6374;cliente_0597@ejemplo.com;;;;;;;;;;;;;;;;;;;;;;;;;;;;;;Vestido Ashlyn (XL);37500;1;;;;;;Sí;;;;;
6373;cliente_0598@ejemplo.com;16/11/2025 12:58:39;Abierta;Recibido;Enviado;ARS;40500.0;0.0;4429.0;44929.0;;;;;;;;;;Esteban Echeverria;;Gran Buenos Aires;Argentina;Punto de retiro;Mercado Pago;;;;16/11/2025;18/11/2025;Vestido Valentino (S);40500;1;;Móvil;;;;Sí;;;;;
6372;cliente_0573@ejemplo.com;16/11/2025 12:11:11;Abierta;Recibido;Enviado;ARS;58000.0;0.0;7256.0;65256.0;;;;;;;;;;San Miguel ;;Gran Buenos Aires;Argentina;Correo Argentino Clasico - Envio a domicilio;Mercado Pago;;;;16/11/2025;18/11/2025;Vestido Nadine (M);58000;1;;Móvil;;;;Sí;;;;;
6370;cliente_0599@ejemplo.com;16/11/2025 09:53:39;Abierta;Recibido;Enviado;ARS;119000.0;0.0;4429.0;123429.0;;;;;;;;;;Capital Federal;;Capital Federal;Argentina;Punto de retiro;Mercado Pago;;;;16/11/2025;18/11/2025;Vestido Pilcro (M);119000;1;;Móvil;;;;Sí;;;;;
6369;cliente_0600@ejemplo.com;16/11/2025 09:43:07;Abierta;Recibido;Enviado;ARS;37000.0;0.0;5377.99;42377.99;;;;;;;;;;Ensenada;;Buenos Aires;Argentina;Punto de retiro;Mercado Pago;;;;16/11/2025;18/11/2025;Vestido Giuli (L);37000;1;;Móvil;;;;Sí;;;;;
6368;cliente_0601@ejemplo.com;16/11/2025 02:18:00;Abierta;Recibido;Enviado;ARS;154200.0;0.0;7699.0;161899.0;;;;;;;;;;Confluencia;;Neuquén;Argentina;Punto de retiro;Mercado Pago;;;;16/11/2025;18/11/2025;Vestido Bianca (XL);51200;1;;Móvil;;;;Sí;;;;;
6368;cliente_0601@ejemplo.com;;;;;;;;;;;;;;;;;;;;;;;;;;;;;;Mini Falda Stella (XL);45000;1;;;;;;Sí;;;;;
6368;cliente_0601@ejemplo.com;;;;;;;;;;;;;;;;;;;;;;;;;;;;;;Vestido Nadine (M);58000;1;;;;;;Sí;;;;;
6367;cliente_0602@ejemplo.com;15/11/2025 23:27:34;Abierta;Recibido;Enviado;ARS;125000.0;0.0;7256.0;132256.0;;;;;;;;;;Capital Federal;;Capital Federal;Argentina;Correo Argentino Clasico - Envio a domicilio;Mercado Pago;;;;15/11/2025;18/11/2025;Vestido Fara (L);125000;1;1771;Móvil;;;;Sí;;;;;
6366;cliente_0603@ejemplo.com;15/11/2025 20:03:39;Abierta;Recibido;Enviado;ARS;149000.0;0.0;5377.99;154377.99;;;;;;;;;;La Plata;;Buenos Aires;Argentina;Punto de retiro;Mercado Pago;;;;15/11/2025;18/11/2025;Campera Alsira (XL);149000;1;;Móvil;;;;Sí;;;;;
6365;cliente_0604@ejemplo.com;15/11/2025 17:41:41;Abierta;Recibido;Enviado;ARS;194200.0;0.0;7000.0;201200.0;;;;;;;;;;Capital Federal;;Capital Federal;Argentina;Envio en moto CABA;Mercado Pago;;;;15/11/2025;18/11/2025;Vestido Valentino (L);40500;1;;Móvil;;;;Sí;;;;;
6365;cliente_0604@ejemplo.com;;;;;;;;;;;;;;;;;;;;;;;;;;;;;;Falda Irina (L);44500;1;;;;;;Sí;;;;;
6365;cliente_0604@ejemplo.com;;;;;;;;;;;;;;;;;;;;;;;;;;;;;;Vestido Nadine (M);58000;1;;;;;;Sí;;;;;
6365;cliente_0604@ejemplo.com;;;;;;;;;;;;;;;;;;;;;;;;;;;;;;Vestido Bianca (XL);51200;1;;;;;;Sí;;;;;
6364;cliente_0574@ejemplo.com;15/11/2025 16:41:51;Abierta;Recibido;Enviado;ARS;135000.0;0.0;4429.0;139429.0;;;;;;;;;;Hurlingham;;Gran Buenos Aires;Argentina;Punto de retiro;Mercado Pago;;;;15/11/2025;18/11/2025;Vestido Amira (M);135000;1;;Móvil;;;;Sí;;;;;
6363;cliente_0321@ejemplo.com;15/11/2025 16:07:30;Abierta;Recibido;Enviado;ARS;78000.0;0.0;7256.0;85256.0;;;;;;;;;;Tristán Suárez ;;Gran Buenos Aires;Argentina;Correo Argentino Clasico - Envio a domicilio;Mercado Pago;;;;15/11/2025;18/11/2025;Catsuit Olimpea (XL);78000;1;1728;Móvil;;;;Sí;;;;;
6362;cliente_0605@ejemplo.com;15/11/2025 10:07:43;Abierta;Recibido;Enviado;ARS;119000.0;0.0;4429.0;123429.0;;;;;;;;;;San Isidro;;Gran Buenos Aires;Argentina;Punto de retiro;Mercado Pago;;;;15/11/2025;18/11/2025;Vestido Pilcro (M);119000;1;;Móvil;;;;Sí;;;;;
6361;cliente_0326@ejemplo.com;14/11/2025 23:31:23;Abierta;Recibido;Enviado;ARS;51200.0;0.0;4429.0;55629.0;;;;;;;;;;Capital Federal;;Capital Federal;Argentina;Punto de retiro;Mercado Pago;;;;14/11/2025;18/11/2025;Vestido Bianca (L);51200;1;;Móvil;;;;Sí;;;;;
6360;cliente_0606@ejemplo.com;14/11/2025 23:19:57;Abierta;Recibido;Enviado;ARS;65000.0;0.0;9324.0;74324.0;;;;;;;;;;Zapala;;Neuquén;Argentina;Correo Argentino Clasico - Envio a domicilio;Mercado Pago;;;;14/11/2025;18/11/2025;Blazer Carel (S);65000;1;;Móvil;;;;Sí;;;;;
6358;cliente_0298@ejemplo.com;14/11/2025 19:03:59;Abierta;Recibido;Enviado;ARS;75000.0;0.0;8601.0;83601.0;;;;;;;;;;Córdoba ;;Córdoba;Argentina;Correo Argentino Clasico - Envio a domicilio;Mercado Pago;;;;14/11/2025;18/11/2025;Jean Bahur (36);75000;1;;Móvil;;;;Sí;;;;;
6356;cliente_0607@ejemplo.com;13/11/2025 15:24:14;Abierta;Recibido;Enviado;ARS;75000.0;0.0;8601.0;83601.0;;;;;;;;;;Río tercero;;Córdoba;Argentina;Correo Argentino Clasico - Envio a domicilio;Transferencia o depósito bancario;;;;13/11/2025;17/11/2025;Jean Bahur (46);75000;1;;Móvil;;;;Sí;;;;;
6355;cliente_0607@ejemplo.com;13/11/2025 15:15:45;Abierta;Recibido;Enviado;ARS;220000.0;0.0;8601.0;228601.0;;;;;;;;;;Río tercero;;Córdoba;Argentina;Correo Argentino Clasico - Envio a domicilio;Mercado Pago;;;;13/11/2025;17/11/2025;Campera Azura (XL);220000;1;;Móvil;;;;Sí;;;;;
6354;cliente_0608@ejemplo.com;13/11/2025 12:11:33;Abierta;Recibido;Enviado;ARS;68000.0;0.0;4429.0;72429.0;;;;;;;;;;San Isidro;;Gran Buenos Aires;Argentina;Punto de retiro;Mercado Pago;;;;13/11/2025;14/11/2025;Vestido Ashlyn (M);68000;1;;Móvil;;;;Sí;;;;;
6353;cliente_0609@ejemplo.com;12/11/2025 20:24:31;Abierta;Recibido;Enviado;ARS;85800.0;0.0;6232.0;92032.0;;;;;;;;;;Avellaneda;;Gran Buenos Aires;Argentina;Punto de retiro;Mercado Pago;;;;12/11/2025;14/11/2025;Overall Carola (S);85800;1;;Móvil;;;;Sí;;;;;
6352;cliente_0610@ejemplo.com;12/11/2025 10:58:03;Abierta;Recibido;Enviado;ARS;45000.0;0.0;7000.0;52000.0;;;;;;;;;;Capital Federal;;Capital Federal;Argentina;Envio en moto CABA;Transferencia o depósito bancario;;;;12/11/2025;13/11/2025;Jeans Enzo (42);45000;1;1748;Móvil;;;;Sí;;;;;
6351;cliente_0611@ejemplo.com;11/11/2025 22:02:01;Abierta;Recibido;Enviado;ARS;135000.0;0.0;9324.0;144324.0;;;;;;;;;;Plottier;;Neuquén;Argentina;Correo Argentino Clasico - Envio a domicilio;Mercado Pago;;;;11/11/2025;12/11/2025;Vestido Nubia (M);135000;1;;Móvil;;;;Sí;;;;;
6350;cliente_0612@ejemplo.com;11/11/2025 21:16:33;Abierta;Recibido;Enviado;ARS;140000.0;0.0;6846.0;146846.0;;;;;;;;;;Dolores;;Buenos Aires;Argentina;Punto de retiro;Mercado Pago;;;;11/11/2025;12/11/2025;Vestido Mandy (L);140000;1;;Móvil;;;;Sí;;;;;
6349;cliente_0290@ejemplo.com;11/11/2025 19:36:59;Abierta;Recibido;Enviado;ARS;282000.0;0.0;0.0;282000.0;;;;;;;;;;Tigre;;Gran Buenos Aires;Argentina;Punto de retiro;Mercado Pago;;;;11/11/2025;12/11/2025;Jean Karim (38);73000;1;;Móvil;;;;Sí;;;;;
6349;cliente_0290@ejemplo.com;;;;;;;;;;;;;;;;;;;;;;;;;;;;;;Chaleco Farid (M);69000;1;;;;;;Sí;;;;;
6349;cliente_0290@ejemplo.com;;;;;;;;;;;;;;;;;;;;;;;;;;;;;;Vestido Mandy (L);140000;1;;;;;;Sí;;;;;
6348;cliente_0613@ejemplo.com;11/11/2025 13:28:12;Abierta;Recibido;Enviado;ARS;161000.0;0.0;7000.0;168000.0;;;;;;;;;;Capital Federal;;Capital Federal;Argentina;Envio en moto CABA;Mercado Pago;;;;11/11/2025;12/11/2025;Vestido Olivia (S);72000;1;;Móvil;;;;Sí;;;;;
6348;cliente_0613@ejemplo.com;;;;;;;;;;;;;;;;;;;;;;;;;;;;;;Catsuit Fame (S);89000;1;;;;;;Sí;;;;;
6347;cliente_0328@ejemplo.com;11/11/2025 09:31:31;Abierta;Recibido;Enviado;ARS;89000.0;0.0;5377.99;94377.99;;;;;;;;;;Cordoba ;;Córdoba;Argentina;Punto de retiro;Mercado Pago;;;;12/11/2025;12/11/2025;Catsuit Fame (XL);89000;1;;Móvil;;;;Sí;;;;;
6345;cliente_0394@ejemplo.com;11/11/2025 00:39:32;Abierta;Recibido;Enviado;ARS;390000.0;0.0;0.0;390000.0;;;;;;;;;;Cordoba ;;Córdoba;Argentina;Correo Argentino Clasico - Envio a domicilio;Mercado Pago;;;;11/11/2025;12/11/2025;Catsuits Jana (XL);166000;1;;Móvil;;;;Sí;;;;;
6345;cliente_0394@ejemplo.com;;;;;;;;;;;;;;;;;;;;;;;;;;;;;;Campera Alsira (L);149000;1;;;;;;Sí;;;;;
6345;cliente_0394@ejemplo.com;;;;;;;;;;;;;;;;;;;;;;;;;;;;;;Jean Bahur (46);75000;1;;;;;;Sí;;;;;
6342;cliente_0614@ejemplo.com;10/11/2025 09:18:35;Abierta;Recibido;Enviado;ARS;45000.0;0.0;13898.0;58898.0;;;;;;;;;;Colón;;Córdoba;Argentina;Correo Argentino Clasico - Envio a domicilio;Mercado Pago;;;;10/11/2025;10/11/2025;Jeans Enzo (40);45000;1;1748;Móvil;;;;Sí;;;;;
6341;cliente_0615@ejemplo.com;10/11/2025 07:03:03;Abierta;Recibido;Enviado;ARS;166000.0;0.0;4429.0;170429.0;;;;;;;;;;Ezeiza;;Gran Buenos Aires;Argentina;Punto de retiro;Mercado Pago;;;;10/11/2025;10/11/2025;Catsuits Jana (XL);166000;1;;Móvil;;;;Sí;;;;;
6340;cliente_0616@ejemplo.com;10/11/2025 01:10:11;Abierta;Recibido;Enviado;ARS;180000.0;36000.0;6238.0;150238.0;;;;;;;;;;Capital;;Córdoba;Argentina;Punto de retiro;Transferencia o depósito bancario;;;;10/11/2025;10/11/2025;Vestido Zaira (Azul, L);75000;1;1780;Móvil;;;;Sí;;;;;
6340;cliente_0616@ejemplo.com;;;;;;;;;;;;;;;;;;;;;;;;;;;;;;Overall Makena (Celeste, XL);105000;1;;;;;;Sí;;;;;
6339;cliente_0617@ejemplo.com;10/11/2025 00:01:58;Abierta;Recibido;Enviado;ARS;129300.0;25860.0;10136.0;113576.0;;;;;;;;;;Escalante;;Chubut;Argentina;Correo Argentino Clasico - Envio a domicilio;Mercado Pago;;;;10/11/2025;10/11/2025;Capa Olsen (UNICO);69300;1;1797;Web;;;;Sí;;;;;
6339;cliente_0617@ejemplo.com;;;;;;;;;;;;;;;;;;;;;;;;;;;;;;Jean Jordan (44);60000;1;;;;;;Sí;;;;;
6338;cliente_0394@ejemplo.com;09/11/2025 21:19:28;Abierta;Recibido;Enviado;ARS;215400.0;0.0;9307.0;224707.0;;;;;;;;;;Cordoba ;;Córdoba;Argentina;Correo Argentino Clasico - Envio a domicilio;Mercado Pago;;;;09/11/2025;10/11/2025;Chaleco Alindra (L);92000;1;;Móvil;;;;Sí;;;;;
6338;cliente_0394@ejemplo.com;;;;;;;;;;;;;;;;;;;;;;;;;;;;;;Corset Roma (L);50400;1;;;;;;Sí;;;;;
6338;cliente_0394@ejemplo.com;;;;;;;;;;;;;;;;;;;;;;;;;;;;;;Jean Karim (46);73000;1;;;;;;Sí;;;;;
6337;cliente_0223@ejemplo.com;09/11/2025 20:35:31;Abierta;Recibido;Enviado;ARS;77000.0;0.0;5867.0;82867.0;;;;;;;;;;Bariloche;;Rio Negro;Argentina;Punto de retiro;Mercado Pago;;;;09/11/2025;10/11/2025;Vestido Catalina (S);77000;1;;Móvil;;;;Sí;;;;;
6336;cliente_0618@ejemplo.com;09/11/2025 19:00:47;Abierta;Recibido;Enviado;ARS;169800.0;33960.0;18419.0;154259.0;;;;;;;;;;La Capital;;Santa Fe;Argentina;Correo Argentino Clasico - Envio a domicilio;Mercado Pago;;;;09/11/2025;10/11/2025;Vestido Zaira (Azul, M);75000;1;1780;Móvil;;;;Sí;;;;;
6336;cliente_0618@ejemplo.com;;;;;;;;;;;;;;;;;;;;;;;;;;;;;;Camisa Ivette (M);47200;1;1412;;;;;Sí;;;;;
6336;cliente_0618@ejemplo.com;;;;;;;;;;;;;;;;;;;;;;;;;;;;;;Jeans Calix (38);47600;1;1747;;;;;Sí;;;;;
6335;cliente_0494@ejemplo.com;09/11/2025 19:00:04;Abierta;Recibido;Enviado;ARS;137900.0;27580.0;4709.0;115029.0;;;;;;;;;;La Matanza;;Gran Buenos Aires;Argentina;Punto de retiro;Mercado Pago;;;;09/11/2025;10/11/2025;Jean Beca (S);50400;1;;Móvil;;;;Sí;;;;;
6335;cliente_0494@ejemplo.com;;;;;;;;;;;;;;;;;;;;;;;;;;;;;;Vestido Jackie (S);87500;1;;;;;;Sí;;;;;
6334;cliente_0619@ejemplo.com;09/11/2025 17:05:16;Abierta;Recibido;Enviado;ARS;64000.0;0.0;4429.0;68429.0;;;;;;;;;;Lomas de Zamora;;Gran Buenos Aires;Argentina;Punto de retiro;Mercado Pago;;;;09/11/2025;10/11/2025;Falda Irina (L);64000;1;;Móvil;;;;Sí;;;;;
6333;cliente_0620@ejemplo.com;08/11/2025 20:40:02;Abierta;Recibido;Enviado;ARS;69300.0;0.0;4429.0;73729.0;;;;;;;;;;Lomas de Zamora;;Gran Buenos Aires;Argentina;Punto de retiro;Mercado Pago;;;;08/11/2025;10/11/2025;Capa Olsen (UNICO);69300;1;1797;Móvil;;;;Sí;;;;;
6332;cliente_0621@ejemplo.com;08/11/2025 19:22:14;Abierta;Recibido;Enviado;ARS;137600.0;27520.0;18419.0;128499.0;;;;;;;;;;Bahia Blanca ;;Buenos Aires;Argentina;Correo Argentino Clasico - Envio a domicilio;Mercado Pago;;;;08/11/2025;10/11/2025;Jeans Calix (36);47600;1;1747;Móvil;;;;Sí;;;;;
6332;cliente_0621@ejemplo.com;;;;;;;;;;;;;;;;;;;;;;;;;;;;;;Blazer Carel (S);90000;1;;;;;;Sí;;;;;
6331;cliente_0117@ejemplo.com;08/11/2025 19:08:29;Abierta;Recibido;Enviado;ARS;85800.0;0.0;13898.0;99698.0;;;;;;;;;;Manuel B. Gonnet;;Buenos Aires;Argentina;Correo Argentino Clasico - Envio a domicilio;Transferencia o depósito bancario;;;;10/11/2025;10/11/2025;Overall Carola (S);85800;1;;Móvil;;;;Sí;;;;;
6330;cliente_0478@ejemplo.com;08/11/2025 13:18:31;Abierta;Recibido;Enviado;ARS;55000.0;0.0;4429.0;59429.0;;;;;;;;;;San Isidro;;Gran Buenos Aires;Argentina;Punto de retiro;Mercado Pago;;;;08/11/2025;10/11/2025;Vestido Cristal (S);55000;1;;Móvil;;;;Sí;;;;;
6326;cliente_0622@ejemplo.com;07/11/2025 22:26:54;Abierta;Recibido;Enviado;ARS;252000.0;50400.0;8136.0;209736.0;;;;;;;;;;Florencio varela ;;Gran Buenos Aires;Argentina;Correo Argentino Clasico - Envio a domicilio;Mercado Pago;;;;07/11/2025;10/11/2025;Vestido Serena (L);105000;1;;Móvil;;;;Sí;;;;;
6326;cliente_0622@ejemplo.com;;;;;;;;;;;;;;;;;;;;;;;;;;;;;;Vestido Nadine (M);72000;1;;;;;;Sí;;;;;
6326;cliente_0622@ejemplo.com;;;;;;;;;;;;;;;;;;;;;;;;;;;;;;Vestido Ula (L);75000;1;;;;;;Sí;;;;;
6325;cliente_0387@ejemplo.com;07/11/2025 20:57:30;Abierta;Recibido;Enviado;ARS;68000.0;0.0;9324.0;77324.0;;;;;;;;;;Rio Chico;;Tucumán;Argentina;Correo Argentino Clasico - Envio a domicilio;Mercado Pago;;;;07/11/2025;10/11/2025;Falda Kora (XL);68000;1;;Móvil;;;;Sí;;;;;
6324;cliente_0623@ejemplo.com;07/11/2025 19:29:51;Abierta;Recibido;Enviado;ARS;64000.0;0.0;5377.99;69377.99;;;;;;;;;;Exaltacion de la Cruz;;Buenos Aires;Argentina;Punto de retiro;Mercado Pago;;;;07/11/2025;10/11/2025;Falda Irina (XL);64000;1;;Móvil;;;;Sí;;;;;
6323;cliente_0377@ejemplo.com;07/11/2025 15:38:55;Abierta;Recibido;Enviado;ARS;217000.0;43400.0;8841.0;182441.0;;;;;;;;;;Villa María ;;Córdoba;Argentina;Correo Argentino Clasico - Envio a domicilio;Mercado Pago;;;;07/11/2025;10/11/2025;Overall Adam (S);108500;2;;Móvil;;;;Sí;;;;;
6319;cliente_0624@ejemplo.com;07/11/2025 10:02:15;Abierta;Recibido;Enviado;ARS;45000.0;0.0;15512.0;60512.0;;;;;;;;;;Juan José castelli ;;Chaco;Argentina;Correo Argentino Clasico - Envio a domicilio;Mercado Pago;;;;07/11/2025;07/11/2025;Jeans Enzo (42);45000;1;1748;Móvil;;;;Sí;;;;;
6318;cliente_0625@ejemplo.com;07/11/2025 00:12:44;Abierta;Recibido;Enviado;ARS;168000.0;0.0;6846.0;174846.0;;;;;;;;;;Diamante;;Entre Ríos;Argentina;Punto de retiro;Mercado Pago;;;;07/11/2025;07/11/2025;Trench Blair (L);168000;1;;Móvil;;;;Sí;;;;;
6317;cliente_0626@ejemplo.com;06/11/2025 21:54:41;Abierta;Recibido;Enviado;ARS;250600.0;50120.0;10670.0;211150.0;;;;;;;;;;Rosario ;;Santa Fe;Argentina;Punto de retiro;Mercado Pago;;;;06/11/2025;07/11/2025;Vestido Mandy (S);84000;1;;Móvil;;;;Sí;;;;;
6317;cliente_0626@ejemplo.com;;;;;;;;;;;;;;;;;;;;;;;;;;;;;;Vestido Many (S);66500;1;;;;;;Sí;;;;;
6317;cliente_0626@ejemplo.com;;;;;;;;;;;;;;;;;;;;;;;;;;;;;;Vestido Madison (S);100100;1;;;;;;Sí;;;;;
6316;cliente_0627@ejemplo.com;06/11/2025 20:12:35;Abierta;Recibido;Enviado;ARS;144000.0;28800.0;8841.0;124041.0;;;;;;;;;;Cordoba;;Córdoba;Argentina;Correo Argentino Clasico - Envio a domicilio;Mercado Pago;;;;06/11/2025;07/11/2025;Blazer Carel (M);90000;1;;Móvil;;;;Sí;;;;;
6316;cliente_0627@ejemplo.com;;;;;;;;;;;;;;;;;;;;;;;;;;;;;;Mini Falda Stella (S);54000;1;;;;;;Sí;;;;;
6315;cliente_0628@ejemplo.com;06/11/2025 19:30:15;Abierta;Recibido;Enviado;ARS;102000.0;20400.0;6238.0;87838.0;;;;;;;;;;Paraná;;Entre Ríos;Argentina;Punto de retiro;Mercado Pago;;;;06/11/2025;07/11/2025;Vestido Angel (L);77000;1;;Móvil;;;;Sí;;;;;
6315;cliente_0628@ejemplo.com;;;;;;;;;;;;;;;;;;;;;;;;;;;;;;Bolso Lady West;25000;1;;;;;;Sí;;;;;
6314;cliente_0629@ejemplo.com;06/11/2025 19:28:39;Abierta;Recibido;Enviado;ARS;70000.0;0.0;7000.0;77000.0;;;;;;;;;;Capital Federal;;Capital Federal;Argentina;Envio en moto CABA;Mercado Pago;;;;06/11/2025;13/11/2025;Vestido Angelina (M);70000;1;;Móvil;;;;Sí;;;;;
6313;cliente_0630@ejemplo.com;06/11/2025 18:07:16;Abierta;Recibido;Enviado;ARS;70000.0;0.0;6106.0;76106.0;;;;;;;;;;General Güemes;;Salta;Argentina;Punto de retiro;Transferencia o depósito bancario;;;;07/11/2025;07/11/2025;Vestido Penelope (S);70000;1;;Móvil;;;;Sí;;;;;
6311;cliente_0631@ejemplo.com;06/11/2025 14:33:28;Abierta;Recibido;Enviado;ARS;55930.0;0.0;5377.99;61307.99;;;;;;;;;;La plata;;Buenos Aires;Argentina;Punto de retiro;Mercado Pago;;;;06/11/2025;07/11/2025;Jeans Arlet (42);55930;1;1762;Móvil;;;;Sí;;;;;
6310;cliente_0632@ejemplo.com;06/11/2025 12:46:09;Abierta;Recibido;Enviado;ARS;72000.0;0.0;7256.0;79256.0;;;;;;;;;;Villa Jose Leon Suarez;;Gran Buenos Aires;Argentina;Correo Argentino Clasico - Envio a domicilio;Mercado Pago;;;;06/11/2025;07/11/2025;Catsuit Olimpea (L);72000;1;1728;Móvil;;;;Sí;;;;;
6309;cliente_0633@ejemplo.com;06/11/2025 12:26:10;Abierta;Recibido;Enviado;ARS;119200.0;23840.0;6238.0;101598.0;;;;;;;;;;Capital;;Córdoba;Argentina;Punto de retiro;Mercado Pago;;;;06/11/2025;07/11/2025;Vestido Nadine (M);72000;1;;Web;;;;Sí;;;;;
6309;cliente_0633@ejemplo.com;;;;;;;;;;;;;;;;;;;;;;;;;;;;;;Camisa Ivette (L);47200;1;1412;;;;;Sí;;;;;
6308;cliente_0634@ejemplo.com;06/11/2025 07:39:30;Abierta;Recibido;Enviado;ARS;359100.0;71820.0;0.0;287280.0;;;;;;;;;;Olavarria;;Buenos Aires;Argentina;Correo Argentino Clasico - Envio a domicilio;Mercado Pago;;;;06/11/2025;06/11/2025;Vestido Mora (L);78000;1;;Web;;;;Sí;;;;;
6308;cliente_0634@ejemplo.com;;;;;;;;;;;;;;;;;;;;;;;;;;;;;;Overall Heidi (M);90000;1;;;;;;Sí;;;;;
6308;cliente_0634@ejemplo.com;;;;;;;;;;;;;;;;;;;;;;;;;;;;;;Overall Milo (L);103600;1;;;;;;Sí;;;;;
6308;cliente_0634@ejemplo.com;;;;;;;;;;;;;;;;;;;;;;;;;;;;;;Vestido Jackie (L);87500;1;;;;;;Sí;;;;;
6307;cliente_0635@ejemplo.com;05/11/2025 23:54:10;Abierta;Recibido;Enviado;ARS;129300.0;25860.0;9612.99;113052.99;;;;;;;;;;Pirane;;Formosa;Argentina;Correo Argentino Clasico - Envio a domicilio;Mercado Pago;;;;05/11/2025;07/11/2025;Jean Jordan (46);60000;1;;Móvil;;;;Sí;;;;;
6307;cliente_0635@ejemplo.com;;;;;;;;;;;;;;;;;;;;;;;;;;;;;;Capa Olsen (UNICO);69300;1;1797;;;;;Sí;;;;;
6306;cliente_0636@ejemplo.com;05/11/2025 23:32:49;Abierta;Recibido;Enviado;ARS;187600.0;37520.0;15512.0;165592.0;;;;;;;;;;San Fernando;;Chaco;Argentina;Correo Argentino Clasico - Envio a domicilio;Mercado Pago;;;;05/11/2025;07/11/2025;Vestido Pilcro (M);103600;1;;Móvil;;;;Sí;;;;;
6306;cliente_0636@ejemplo.com;;;;;;;;;;;;;;;;;;;;;;;;;;;;;;Vestido Mandy (L);84000;1;;;;;;Sí;;;;;
6305;cliente_0637@ejemplo.com;05/11/2025 22:10:57;Abierta;Recibido;Enviado;ARS;105000.0;0.0;4429.0;109429.0;;;;;;;;;;Berazategui;;Gran Buenos Aires;Argentina;Punto de retiro;Mercado Pago;;;;05/11/2025;06/11/2025;Vestido Serena (L);105000;1;;Móvil;;;;Sí;;;;;
6304;cliente_0638@ejemplo.com;05/11/2025 22:07:29;Abierta;Recibido;Enviado;ARS;129300.0;25860.0;9612.99;113052.99;;;;;;;;;;San Jose  Guaymallen Mendoza ;;Mendoza;Argentina;Correo Argentino Clasico - Envio a domicilio;Mercado Pago;;;;05/11/2025;06/11/2025;Jean Jordan (44);60000;1;;Móvil;;;;Sí;;;;;
6304;cliente_0638@ejemplo.com;;;;;;;;;;;;;;;;;;;;;;;;;;;;;;Capa Olsen (UNICO);69300;1;1797;;;;;Sí;;;;;
6303;cliente_0639@ejemplo.com;05/11/2025 21:47:13;Abierta;Recibido;Enviado;ARS;103600.0;0.0;9324.0;112924.0;;;;;;;;;;Santiago Del Estero;;Santiago del Estero;Argentina;Correo Argentino Clasico - Envio a domicilio;Mercado Pago;;;;05/11/2025;06/11/2025;Vestido Pilcro (M);103600;1;;Móvil;;;;Sí;;;;;
6301;cliente_0640@ejemplo.com;05/11/2025 21:19:20;Abierta;Recibido;Enviado;ARS;66000.0;0.0;6106.0;72106.0;;;;;;;;;;Guer Aike;;Santa Cruz;Argentina;Punto de retiro;Transferencia o depósito bancario;;;;06/11/2025;07/11/2025;Vestido Keaton (M);66000;1;;Móvil;;;;Sí;;;;;
6299;cliente_0641@ejemplo.com;05/11/2025 20:03:24;Abierta;Recibido;Enviado;ARS;104400.0;20880.0;4709.0;88229.0;;;;;;;;;;Vicente López;;Gran Buenos Aires;Argentina;Punto de retiro;Mercado Pago;;;;05/11/2025;06/11/2025;Camisa Seven (UNICO);52200;2;1661;Web;;;;Sí;;;;;
6298;cliente_0246@ejemplo.com;05/11/2025 19:54:04;Abierta;Recibido;Enviado;ARS;55000.0;0.0;5377.99;60377.99;;;;;;;;;;La Plata;;Buenos Aires;Argentina;Punto de retiro;Mercado Pago;;;;05/11/2025;06/11/2025;Vestido Cristal (L);55000;1;;Móvil;;;;Sí;;;;;
6297;cliente_0642@ejemplo.com;05/11/2025 19:30:31;Abierta;Recibido;Enviado;ARS;99400.0;19880.0;7913.0;87433.0;;;;;;;;;;Avellaneda;;Gran Buenos Aires;Argentina;Correo Argentino Clasico - Envio a domicilio;Mercado Pago;;;;05/11/2025;06/11/2025;Camisa Ivette (M);47200;1;1412;Web;;;;Sí;;;;;
6297;cliente_0642@ejemplo.com;;;;;;;;;;;;;;;;;;;;;;;;;;;;;;Camisa Seven (UNICO);52200;1;1661;;;;;Sí;;;;;
6294;cliente_0643@ejemplo.com;05/11/2025 13:41:41;Abierta;Recibido;Enviado;ARS;118300.0;23660.0;8841.0;103481.0;;;;;;;;;;La Plata;;Buenos Aires;Argentina;Correo Argentino Clasico - Envio a domicilio;Mercado Pago;;;;05/11/2025;06/11/2025;Falda Vivianne (M);49000;1;;Móvil;;;;Sí;;;;;
6294;cliente_0643@ejemplo.com;;;;;;;;;;;;;;;;;;;;;;;;;;;;;;Capa Olsen (UNICO);69300;1;1797;;;;;Sí;;;;;
6293;cliente_0644@ejemplo.com;05/11/2025 12:55:40;Abierta;Recibido;Enviado;ARS;75000.0;0.0;7000.0;82000.0;;;;;;;;;;Capital Federal;;Capital Federal;Argentina;Envio en moto CABA;Mercado Pago;;;;05/11/2025;06/11/2025;Vestido Zaira (Azul, L);75000;1;1780;Móvil;;;;Sí;;;;;
6292;cliente_0593@ejemplo.com;05/11/2025 12:02:43;Abierta;Recibido;Enviado;ARS;156000.0;31200.0;6232.0;131032.0;;;;;;;;;;Lomas de Zamora;;Gran Buenos Aires;Argentina;Punto de retiro;Mercado Pago;;;;05/11/2025;06/11/2025;Vestido Mandy (S);84000;1;;Móvil;;;;Sí;;;;;
6292;cliente_0593@ejemplo.com;;;;;;;;;;;;;;;;;;;;;;;;;;;;;;Vestido Nadine (M);72000;1;;;;;;Sí;;;;;
6291;cliente_0645@ejemplo.com;05/11/2025 11:18:59;Abierta;Recibido;Enviado;ARS;66500.0;0.0;4429.0;70929.0;;;;;;;;;;General San Martin;;Gran Buenos Aires;Argentina;Punto de retiro;Mercado Pago;;;;05/11/2025;06/11/2025;Vestido Many (S);66500;1;;Móvil;;;;Sí;;;;;
6290;cliente_0646@ejemplo.com;05/11/2025 11:15:28;Abierta;Recibido;Enviado;ARS;66500.0;0.0;5377.99;71877.99;;;;;;;;;;Chivilcoy;;Buenos Aires;Argentina;Punto de retiro;Mercado Pago;;;;05/11/2025;06/11/2025;Vestido Many (S);66500;1;;Móvil;;;;Sí;;;;;
6289;cliente_0647@ejemplo.com;05/11/2025 10:23:10;Abierta;Recibido;Enviado;ARS;220000.0;44000.0;6846.0;182846.0;;;;;;;;;;Capital;;Córdoba;Argentina;Punto de retiro;Mercado Pago;;;;05/11/2025;06/11/2025;Vestido Cristal (L);55000;1;;Móvil;;;;Sí;;;;;
6289;cliente_0647@ejemplo.com;;;;;;;;;;;;;;;;;;;;;;;;;;;;;;Vestido Zaira (Celeste, L);75000;1;1780;;;;;Sí;;;;;
6289;cliente_0647@ejemplo.com;;;;;;;;;;;;;;;;;;;;;;;;;;;;;;Overall Heidi (M);90000;1;;;;;;Sí;;;;;
6288;cliente_0252@ejemplo.com;05/11/2025 08:26:08;Abierta;Recibido;Enviado;ARS;84000.0;0.0;4429.0;88429.0;;;;;;;;;;Almirante Brown;;Gran Buenos Aires;Argentina;Punto de retiro;Mercado Pago;;;;05/11/2025;05/11/2025;Catsuit Fame (L);84000;1;;Móvil;;;;Sí;;;;;
6286;cliente_0648@ejemplo.com;05/11/2025 00:19:45;Abierta;Recibido;Enviado;ARS;90000.0;9000.0;5377.99;86377.99;;;;;;;;;;Vera;;Santa Fe;Argentina;Punto de retiro;Mercado Pago;CYBER10;;;05/11/2025;05/11/2025;Overall Heidi (M);90000;1;;Móvil;;;;Sí;;;;;
6284;cliente_0649@ejemplo.com;04/11/2025 23:42:28;Abierta;Recibido;Enviado;ARS;75000.0;0.0;5867.0;80867.0;;;;;;;;;;San Fernando;;Chaco;Argentina;Punto de retiro;Mercado Pago;;;;04/11/2025;05/11/2025;Vestido Zaira (Azul, M);75000;1;1780;Móvil;;;;Sí;;;;;
6283;cliente_0650@ejemplo.com;04/11/2025 23:27:06;Abierta;Recibido;Enviado;ARS;87500.0;0.0;7000.0;94500.0;;;;;;;;;;Capital Federal;;Capital Federal;Argentina;Envio en moto CABA;Mercado Pago;;;;04/11/2025;06/11/2025;Vestido Jackie (M);87500;1;;Móvil;;;;Sí;;;;;
6282;cliente_0651@ejemplo.com;04/11/2025 23:14:21;Abierta;Recibido;Enviado;ARS;215400.0;43080.0;20004.0;192324.0;;;;;;;;;;Capital;;Catamarca;Argentina;Punto de retiro;Transferencia o depósito bancario;;;;05/11/2025;06/11/2025;Overall Libi (L);129600;1;1800;Móvil;;;;Sí;;;;;
6282;cliente_0651@ejemplo.com;;;;;;;;;;;;;;;;;;;;;;;;;;;;;;Overall Carola (L);85800;1;;;;;;Sí;;;;;
6280;cliente_0652@ejemplo.com;04/11/2025 22:34:57;Abierta;Recibido;Enviado;ARS;108500.0;0.0;7256.0;115756.0;;;;;;;;;;Vicente López;;Gran Buenos Aires;Argentina;Correo Argentino Clasico - Envio a domicilio;Mercado Pago;;;;04/11/2025;05/11/2025;Overall Taylor (L);108500;1;;Móvil;;;;Sí;;;;;
6278;cliente_0653@ejemplo.com;04/11/2025 21:23:30;Abierta;Recibido;Enviado;ARS;217500.0;8750.0;4709.0;213459.0;;;;;;;;;;Capital Federal;;Capital Federal;Argentina;Punto de retiro;Mercado Pago;CYBER10;;;04/11/2025;05/11/2025;Vestido Jackie (L);87500;1;;Web;;;;Sí;;;;;
6278;cliente_0653@ejemplo.com;;;;;;;;;;;;;;;;;;;;;;;;;;;;;;Vestido Nour (XL);130000;1;;;;;;Sí;;;;;
6277;cliente_0654@ejemplo.com;04/11/2025 21:16:06;Abierta;Recibido;Enviado;ARS;105000.0;0.0;6106.0;111106.0;;;;;;;;;;Lago Argentino;;Santa Cruz;Argentina;Punto de retiro;Mercado Pago;;;;04/11/2025;05/11/2025;Vestido Serena (XL);105000;1;;Móvil;;;;Sí;;;;;
6275;cliente_0265@ejemplo.com;04/11/2025 19:48:37;Abierta;Recibido;Enviado;ARS;119930.0;33580.4;9612.99;95962.59;;;;;;;;;;San juan;;San Juan;Argentina;Correo Argentino Clasico - Envio a domicilio;Mercado Pago;CYBER10;;;04/11/2025;05/11/2025;Jeans Arlet (40);55930;1;1762;Móvil;;;;Sí;;;;;
6275;cliente_0265@ejemplo.com;;;;;;;;;;;;;;;;;;;;;;;;;;;;;;Falda Irina (L);64000;1;;;;;;Sí;;;;;
6274;cliente_0655@ejemplo.com;04/11/2025 19:41:08;Abierta;Recibido;Enviado;ARS;87500.0;0.0;7256.0;94756.0;;;;;;;;;;Berazategui;;Gran Buenos Aires;Argentina;Correo Argentino Clasico - Envio a domicilio;Mercado Pago;;;;04/11/2025;05/11/2025;Vestido Jackie (M);87500;1;;Web;;;;Sí;;;;;
6272;cliente_0656@ejemplo.com;04/11/2025 19:12:04;Abierta;Recibido;Enviado;ARS;190930.0;38186.0;9307.0;162051.0;;;;;;;;;;Córdoba ;;Córdoba;Argentina;Correo Argentino Clasico - Envio a domicilio;Mercado Pago;;;;04/11/2025;05/11/2025;Jeans Arlet (40);55930;1;1762;Móvil;;;;Sí;;;;;
6272;cliente_0656@ejemplo.com;;;;;;;;;;;;;;;;;;;;;;;;;;;;;;Short Naomi (40);52000;1;1781;;;;;Sí;;;;;
6272;cliente_0656@ejemplo.com;;;;;;;;;;;;;;;;;;;;;;;;;;;;;;Vestido Isabella (L);83000;1;;;;;;Sí;;;;;
6271;cliente_0641@ejemplo.com;04/11/2025 16:31:32;Abierta;Recibido;Enviado;ARS;201000.0;56280.0;6232.0;150952.0;;;;;;;;;;Vicente López;;Gran Buenos Aires;Argentina;Punto de retiro;Mercado Pago;CYBER10;;;04/11/2025;05/11/2025;Vestido Mandy (L);84000;1;;Web;;;;Sí;;;;;
6271;cliente_0641@ejemplo.com;;;;;;;;;;;;;;;;;;;;;;;;;;;;;;Jean Boho (46/XL);42000;1;;;;;;Sí;;;;;
6271;cliente_0641@ejemplo.com;;;;;;;;;;;;;;;;;;;;;;;;;;;;;;Túnica Natasha (L);75000;1;;;;;;Sí;;;;;
6270;cliente_0657@ejemplo.com;04/11/2025 15:54:10;Abierta;Recibido;Enviado;ARS;52000.0;0.0;8601.0;60601.0;;;;;;;;;;Necochea;;Buenos Aires;Argentina;Correo Argentino Clasico - Envio a domicilio;Mercado Pago;;;;04/11/2025;05/11/2025;Short Naomi (46);52000;1;1781;Móvil;;;;Sí;;;;;
6269;cliente_0658@ejemplo.com;04/11/2025 14:54:52;Abierta;Recibido;Enviado;ARS;164500.0;32900.0;4709.0;136309.0;;;;;;;;;;Almirante Brown;;Gran Buenos Aires;Argentina;Punto de retiro;Mercado Pago;;;;04/11/2025;05/11/2025;Vestido Catalina (S);77000;1;;Móvil;;;;Sí;;;;;
6269;cliente_0658@ejemplo.com;;;;;;;;;;;;;;;;;;;;;;;;;;;;;;Vestido Jackie (S);87500;1;;;;;;Sí;;;;;
6267;cliente_0659@ejemplo.com;03/11/2025 23:25:21;Abierta;Recibido;Enviado;ARS;106330.0;21266.0;6752.0;91816.0;;;;;;;;;;La Capital;;San Luis;Argentina;Punto de retiro;Transferencia o depósito bancario;;;;04/11/2025;04/11/2025;Jeans Arlet (42);55930;1;1762;Móvil;;;;Sí;;;;;
6267;cliente_0659@ejemplo.com;;;;;;;;;;;;;;;;;;;;;;;;;;;;;;Jean Beca (L);50400;1;;;;;;Sí;;;;;
6266;cliente_0660@ejemplo.com;03/11/2025 22:10:46;Abierta;Recibido;Enviado;ARS;77000.0;0.0;8601.0;85601.0;;;;;;;;;;Sanford ;;Santa Fe;Argentina;Correo Argentino Clasico - Envio a domicilio;Mercado Pago;;;;03/11/2025;04/11/2025;Vestido Angel (M);77000;1;;Móvil;;;;Sí;;;;;
6264;cliente_0661@ejemplo.com;03/11/2025 18:47:51;Abierta;Recibido;Enviado;ARS;64000.0;0.0;8601.0;72601.0;;;;;;;;;;La Cruz ;;Córdoba;Argentina;Correo Argentino Clasico - Envio a domicilio;Mercado Pago;;;;03/11/2025;04/11/2025;Falda Irina (XL);64000;1;;Móvil;;;;Sí;;;;;
6263;cliente_0662@ejemplo.com;03/11/2025 18:43:53;Abierta;Recibido;Enviado;ARS;75000.0;0.0;7256.0;82256.0;;;;;;;;;;Capital Federal;;Capital Federal;Argentina;Correo Argentino Clasico - Envio a domicilio;Mercado Pago;;;;03/11/2025;04/11/2025;Vestido Zaira (Azul, L);75000;1;1780;Móvil;;;;Sí;;;;;
6262;cliente_0641@ejemplo.com;03/11/2025 16:51:57;Abierta;Recibido;Enviado;ARS;103600.0;0.0;4429.0;108029.0;;;;;;;;;;Vicente López;;Gran Buenos Aires;Argentina;Punto de retiro;Mercado Pago;;;;03/11/2025;04/11/2025;Vestido Pilcro (M);103600;1;;Web;;;;Sí;;;;;
6261;cliente_0478@ejemplo.com;03/11/2025 15:41:33;Abierta;Recibido;Enviado;ARS;166000.0;0.0;4429.0;170429.0;;;;;;;;;;San Isidro;;Gran Buenos Aires;Argentina;Punto de retiro;Mercado Pago;;;;03/11/2025;04/11/2025;Catsuits Jana (S);166000;1;;Móvil;;;;Sí;;;;;
6260;cliente_0663@ejemplo.com;03/11/2025 15:26:28;Abierta;Recibido;Enviado;ARS;60000.0;0.0;5377.99;65377.99;;;;;;;;;;Paraná;;Entre Ríos;Argentina;Punto de retiro;Mercado Pago;;;;03/11/2025;06/11/2025;Jean Jordan (38);60000;1;;Móvil;;;;Sí;;;;;
6258;cliente_0641@ejemplo.com;03/11/2025 14:21:06;Abierta;Recibido;Enviado;ARS;116200.0;23240.0;4709.0;97669.0;;;;;;;;;;Vicente López;;Gran Buenos Aires;Argentina;Punto de retiro;Mercado Pago;;;;03/11/2025;04/11/2025;Camisa Seven (UNICO);52200;1;1661;Web;;;;Sí;;;;;
6258;cliente_0641@ejemplo.com;;;;;;;;;;;;;;;;;;;;;;;;;;;;;;Falda Irina (XL);64000;1;;;;;;Sí;;;;;
6257;cliente_0664@ejemplo.com;03/11/2025 13:17:22;Abierta;Recibido;Enviado;ARS;213600.0;42720.0;7000.0;177880.0;;;;;;;;;;Capital Federal;;Capital Federal;Argentina;Envio en moto CABA;Mercado Pago;;;;03/11/2025;05/11/2025;Vestido Mandy (M);84000;1;;Móvil;;;;Sí;;;;;
6257;cliente_0664@ejemplo.com;;;;;;;;;;;;;;;;;;;;;;;;;;;;;;Overall Libi (L);129600;1;1800;;;;;Sí;;;;;
6256;cliente_0142@ejemplo.com;03/11/2025 13:15:02;Abierta;Recibido;Enviado;ARS;72000.0;0.0;4429.0;76429.0;;;;;;;;;;Moron;;Gran Buenos Aires;Argentina;Punto de retiro;Mercado Pago;;;;03/11/2025;04/11/2025;Catsuit Olimpea (M);72000;1;1728;Móvil;;;;Sí;;;;;
6255;cliente_0321@ejemplo.com;03/11/2025 12:01:50;Abierta;Recibido;Enviado;ARS;105000.0;0.0;7913.0;112913.0;;;;;;;;;;Tristán Suárez ;;Gran Buenos Aires;Argentina;Correo Argentino Clasico - Envio a domicilio;Mercado Pago;;;;03/11/2025;04/11/2025;Catsuit Lucrecia (M);105000;1;;Móvil;;;;Sí;;;;;
6253;cliente_0665@ejemplo.com;03/11/2025 11:11:16;Abierta;Recibido;Enviado;ARS;94300.0;18860.0;6238.0;81678.0;;;;;;;;;;San Lorenzo;;Santa Fe;Argentina;Punto de retiro;Mercado Pago;;;;03/11/2025;04/11/2025;Capa Olsen (UNICO);69300;1;1797;Móvil;;;;Sí;;;;;
6253;cliente_0665@ejemplo.com;;;;;;;;;;;;;;;;;;;;;;;;;;;;;;Bolso Lady West;25000;1;;;;;;Sí;;;;;
6252;cliente_0666@ejemplo.com;03/11/2025 10:53:47;Abierta;Recibido;Enviado;ARS;60000.0;0.0;9324.0;69324.0;;;;;;;;;;SFV Catamarca;;Catamarca;Argentina;Correo Argentino Clasico - Envio a domicilio;Transferencia o depósito bancario;;;;03/11/2025;04/11/2025;Jean Jordan (38);60000;1;;Móvil;;;;Sí;;;;;
6251;cliente_0667@ejemplo.com;03/11/2025 10:12:19;Abierta;Recibido;Enviado;ARS;105000.0;0.0;4709.0;109709.0;;;;;;;;;;Merlo;;Gran Buenos Aires;Argentina;Punto de retiro;Mercado Pago;;;;03/11/2025;04/11/2025;Catsuit Lucrecia (XL);105000;1;;Móvil;;;;Sí;;;;;
6249;cliente_0668@ejemplo.com;02/11/2025 19:58:03;Abierta;Recibido;Enviado;ARS;95000.0;0.0;15512.0;110512.0;;;;;;;;;;Posadas ;;Misiones;Argentina;Correo Argentino Clasico - Envio a domicilio;Mercado Pago;;;;02/11/2025;04/11/2025;Overall Carola (M);95000;1;;Móvil;;;;Sí;;;;;
6248;cliente_0669@ejemplo.com;02/11/2025 10:01:51;Abierta;Recibido;Enviado;ARS;45000.0;0.0;4429.0;49429.0;;;;;;;;;;Quilmes;;Gran Buenos Aires;Argentina;Punto de retiro;Mercado Pago;;;;02/11/2025;04/11/2025;Jeans Cami (L);45000;1;;Móvil;;;;Sí;;;;;
6247;cliente_0670@ejemplo.com;01/11/2025 15:16:44;Abierta;Recibido;Enviado;ARS;125000.0;0.0;8601.0;133601.0;;;;;;;;;;Chivilcoy;;Buenos Aires;Argentina;Correo Argentino Clasico - Envio a domicilio;Mercado Pago;;;;01/11/2025;04/11/2025;Vestido Jackie (S);125000;1;;Móvil;;;;Sí;;;;;
6246;cliente_0671@ejemplo.com;31/10/2025 21:37:35;Abierta;Recibido;Enviado;ARS;95000.0;0.0;7000.0;102000.0;;;;;;;;;;Capital Federal;;Capital Federal;Argentina;Envio en moto CABA;Mercado Pago;;;;31/10/2025;05/11/2025;Overall Carola (XL);95000;1;;Móvil;;;;Sí;;;;;
6245;cliente_0672@ejemplo.com;31/10/2025 16:48:14;Abierta;Recibido;Enviado;ARS;75000.0;0.0;6934.01;81934.01;;;;;;;;;;Capital Federal;;Capital Federal;Argentina;Correo Argentino Clasico - Envio a domicilio;Mercado Pago;;;;31/10/2025;04/11/2025;Jean Bahur (40);75000;1;;Móvil;;;;Sí;;;;;
6244;cliente_0429@ejemplo.com;30/10/2025 23:28:03;Abierta;Recibido;Enviado;ARS;45000.0;0.0;14359.0;59359.0;;;;;;;;;;Guer Aike;;Santa Cruz;Argentina;Punto de retiro;Transferencia o depósito bancario;;;;31/10/2025;31/10/2025;Jeans Enzo (44);45000;1;1748;Móvil;;;;Sí;;;;;
6243;cliente_0673@ejemplo.com;30/10/2025 20:38:57;Abierta;Recibido;Enviado;ARS;90000.0;0.0;4242.0;94242.0;;;;;;;;;;Exaltacion de la Cruz;;Buenos Aires;Argentina;Punto de retiro;Transferencia o depósito bancario;;;;31/10/2025;31/10/2025;Overall Heidi (M);90000;1;;Móvil;;;;Sí;;;;;
6242;cliente_0674@ejemplo.com;30/10/2025 13:04:24;Abierta;Recibido;Enviado;ARS;165000.0;0.0;13259.99;178259.99;;;;;;;;;;La Plata ;;Buenos Aires;Argentina;Correo Argentino Clasico - Envio a domicilio;Mercado Pago;;;;30/10/2025;31/10/2025;Overall Carola (XL);95000;1;;Móvil;;;;Sí;;;;;
6242;cliente_0674@ejemplo.com;;;;;;;;;;;;;;;;;;;;;;;;;;;;;;Vestido Angelina (L);70000;1;;;;;;Sí;;;;;
6241;cliente_0465@ejemplo.com;29/10/2025 10:57:15;Abierta;Recibido;Enviado;ARS;244900.0;0.0;7000.0;251900.0;;;;;;;;;;Capital Federal;;Capital Federal;Argentina;Envio en moto CABA;Mercado Pago;;;;29/10/2025;30/10/2025;Jeans Arlet (46);79900;1;1762;Móvil;;;;Sí;;;;;
6241;cliente_0465@ejemplo.com;;;;;;;;;;;;;;;;;;;;;;;;;;;;;;Chaleco Alindra (XL);92000;1;;;;;;Sí;;;;;
6241;cliente_0465@ejemplo.com;;;;;;;;;;;;;;;;;;;;;;;;;;;;;;Jean Karim (46);73000;1;;;;;;Sí;;;;;
6240;cliente_0394@ejemplo.com;29/10/2025 08:03:02;Abierta;Recibido;Enviado;ARS;297000.0;0.0;0.0;297000.0;;;;;;;;;;Cordoba ;;Córdoba;Argentina;Correo Argentino Clasico - Envio a domicilio;Mercado Pago;;;;29/10/2025;31/10/2025;Vestido Samira (L);155000;1;;Móvil;;;;Sí;;;;;
6240;cliente_0394@ejemplo.com;;;;;;;;;;;;;;;;;;;;;;;;;;;;;;Jean Karim (44);73000;1;;;;;;Sí;;;;;
6240;cliente_0394@ejemplo.com;;;;;;;;;;;;;;;;;;;;;;;;;;;;;;Chaleco Farid (L);69000;1;;;;;;Sí;;;;;
6238;cliente_0675@ejemplo.com;27/10/2025 20:01:43;Abierta;Recibido;Enviado;ARS;45000.0;0.0;10111.01;55111.01;;;;;;;;;;Lanus;;Gran Buenos Aires;Argentina;Correo Argentino Clasico - Envio a domicilio;Mercado Pago;;;;27/10/2025;28/10/2025;Jeans Enzo (44);45000;1;1748;Móvil;;;;Sí;;;;;
6237;cliente_0676@ejemplo.com;27/10/2025 19:55:43;Abierta;Recibido;Enviado;ARS;237000.0;0.0;17566.0;254566.0;;;;;;;;;;Santa fe;;Santa Fe;Argentina;Correo Argentino Clasico - Envio a domicilio;Mercado Pago;;;;27/10/2025;28/10/2025;Mini Falda Stella (L);70000;1;;Móvil;;;;Sí;;;;;
6237;cliente_0676@ejemplo.com;;;;;;;;;;;;;;;;;;;;;;;;;;;;;;Jeans Calix (42);68000;1;1747;;;;;Sí;;;;;
6237;cliente_0676@ejemplo.com;;;;;;;;;;;;;;;;;;;;;;;;;;;;;;Blazer Carel (L);99000;1;;;;;;Sí;;;;;
6236;cliente_0677@ejemplo.com;27/10/2025 19:46:40;Abierta;Recibido;Enviado;ARS;149000.0;0.0;6934.01;155934.01;;;;;;;;;;Berazategui;;Gran Buenos Aires;Argentina;Correo Argentino Clasico - Envio a domicilio;Mercado Pago;;;;27/10/2025;28/10/2025;Catsuits Jana (L);149000;1;;Móvil;;;;Sí;;;;;
6235;cliente_0678@ejemplo.com;26/10/2025 22:10:23;Abierta;Recibido;Enviado;ARS;97500.0;0.0;10593.0;108093.0;;;;;;;;;;Esquel;;Chubut;Argentina;Correo Argentino Clasico - Envio a domicilio;Mercado Pago;;;;26/10/2025;28/10/2025;Vestido Mandy (L);97500;1;;Móvil;;;;Sí;;;;;
6234;cliente_0158@ejemplo.com;26/10/2025 18:49:11;Abierta;Recibido;Enviado;ARS;192750.0;0.0;6000.0;198750.0;;;;;;;;;;Capital Federal;;Capital Federal;Argentina;Envio en moto CABA;Mercado Pago;;;;26/10/2025;28/10/2025;Chaleco Farid (XL);51750;1;;Móvil;;;;Sí;;;;;
6234;cliente_0158@ejemplo.com;;;;;;;;;;;;;;;;;;;;;;;;;;;;;;Jean Karim (44);54750;1;;;;;;Sí;;;;;
6234;cliente_0158@ejemplo.com;;;;;;;;;;;;;;;;;;;;;;;;;;;;;;Vestido Melody (M);86250;1;;;;;;Sí;;;;;
6233;cliente_0679@ejemplo.com;26/10/2025 18:48:47;Abierta;Recibido;Enviado;ARS;111000.0;0.0;8215.0;119215.0;;;;;;;;;;La Plata;;Buenos Aires;Argentina;Correo Argentino Clasico - Envio a domicilio;Mercado Pago;;;;26/10/2025;28/10/2025;Vestido Pilcro (M);111000;1;;Móvil;;;;Sí;;;;;
6232;cliente_0680@ejemplo.com;26/10/2025 18:08:05;Abierta;Recibido;Enviado;ARS;52500.0;0.0;4242.0;56742.0;;;;;;;;;;Capital Federal;;Capital Federal;Argentina;Punto de retiro;Mercado Pago;;;;26/10/2025;28/10/2025;Jean Boho (46/XL);52500;1;;Móvil;;;;Sí;;;;;
6231;cliente_0681@ejemplo.com;26/10/2025 13:53:11;Abierta;Recibido;Enviado;ARS;129750.0;0.0;8444.0;138194.0;;;;;;;;;;La Cumbre;;Córdoba;Argentina;Correo Argentino Clasico - Envio a domicilio;Mercado Pago;;;;26/10/2025;28/10/2025;Vestido Pilcro (XL);111000;1;;Móvil;;;;Sí;;;;;
6231;cliente_0681@ejemplo.com;;;;;;;;;;;;;;;;;;;;;;;;;;;;;;Bolso Lady West;18750;1;;;;;;Sí;;;;;
6230;cliente_0050@ejemplo.com;26/10/2025 12:08:28;Abierta;Recibido;Enviado;ARS;54750.0;0.0;6000.0;60750.0;;;;;;;;;;Capital Federal;;Capital Federal;Argentina;Envio en moto CABA;Transferencia o depósito bancario;;;;27/10/2025;28/10/2025;Jean Karim (38);54750;1;;Móvil;;;;Sí;;;;;
6229;cliente_0682@ejemplo.com;26/10/2025 12:07:16;Abierta;Recibido;Enviado;ARS;111000.0;0.0;5611.0;116611.0;;;;;;;;;;Confluencia;;Neuquén;Argentina;Punto de retiro;Mercado Pago;;;;26/10/2025;28/10/2025;Vestido Pilcro (M);111000;1;;Móvil;;;;Sí;;;;;
6228;cliente_0683@ejemplo.com;26/10/2025 12:05:56;Abierta;Recibido;Enviado;ARS;54750.0;0.0;6934.01;61684.01;;;;;;;;;;Florencio Varela;;Gran Buenos Aires;Argentina;Correo Argentino Clasico - Envio a domicilio;Mercado Pago;;;;26/10/2025;28/10/2025;Jean Karim (46);54750;1;;Móvil;;;;Sí;;;;;
6227;cliente_0684@ejemplo.com;26/10/2025 08:50:45;Abierta;Recibido;Enviado;ARS;111000.0;0.0;4242.0;115242.0;;;;;;;;;;San Isidro;;Gran Buenos Aires;Argentina;Punto de retiro;Mercado Pago;;;;26/10/2025;28/10/2025;Vestido Pilcro (S);111000;1;;Móvil;;;;Sí;;;;;
6226;cliente_0685@ejemplo.com;25/10/2025 20:16:52;Abierta;Recibido;Enviado;ARS;65000.0;0.0;6000.0;71000.0;;;;;;;;;;Buenos Aires ;;Capital Federal;Argentina;Envio en moto CABA;Mercado Pago;;;;25/10/2025;05/11/2025;Vestido Cristal (M);65000;1;;Móvil;;;;Sí;;;;;
6225;cliente_0686@ejemplo.com;25/10/2025 20:02:04;Abierta;Recibido;Enviado;ARS;315000.0;0.0;14797.0;329797.0;;;;;;;;;;Russel -Maipú;;Mendoza;Argentina;Correo Argentino Clasico - Envio a domicilio;Mercado Pago;;;;25/10/2025;28/10/2025;Vestido Pilcro (L);111000;1;;Móvil;;;;Sí;;;;;
6225;cliente_0686@ejemplo.com;;;;;;;;;;;;;;;;;;;;;;;;;;;;;;Jean Karim (42);54750;1;;;;;;Sí;;;;;
6225;cliente_0686@ejemplo.com;;;;;;;;;;;;;;;;;;;;;;;;;;;;;;Short Naomi (44);48750;1;1781;;;;;Sí;;;;;
6225;cliente_0686@ejemplo.com;;;;;;;;;;;;;;;;;;;;;;;;;;;;;;Short Naomi (38);48750;1;1781;;;;;Sí;;;;;
6225;cliente_0686@ejemplo.com;;;;;;;;;;;;;;;;;;;;;;;;;;;;;;Chaleco Farid (XL);51750;1;;;;;;Sí;;;;;
6224;cliente_0687@ejemplo.com;25/10/2025 15:06:37;Abierta;Recibido;Enviado;ARS;165000.0;0.0;5839.0;170839.0;;;;;;;;;;Escalante;;Chubut;Argentina;Punto de retiro;Mercado Pago;;;;25/10/2025;28/10/2025;Campera Azura (XL);165000;1;;Móvil;;;;Sí;;;;;
6223;cliente_0688@ejemplo.com;25/10/2025 06:10:55;Abierta;Recibido;Enviado;ARS;71250.0;0.0;6000.0;77250.0;;;;;;;;;;Capital Federal;;Capital Federal;Argentina;Envio en moto CABA;Mercado Pago;;;;25/10/2025;28/10/2025;Vestido Many (S);71250;1;;Móvil;;;;Sí;;;;;
6222;cliente_0689@ejemplo.com;24/10/2025 21:30:33;Abierta;Recibido;Enviado;ARS;93750.0;0.0;8215.0;101965.0;;;;;;;;;;Pinamar;;Buenos Aires;Argentina;Correo Argentino Clasico - Envio a domicilio;Mercado Pago;;;;24/10/2025;28/10/2025;Vestido Jackie (M);93750;1;;Móvil;;;;Sí;;;;;
6220;cliente_0690@ejemplo.com;24/10/2025 17:01:54;Abierta;Recibido;Enviado;ARS;49000.0;0.0;6000.0;55000.0;;;;;;;;;;Capital Federal;;Capital Federal;Argentina;Envio en moto CABA;Mercado Pago;;;;24/10/2025;28/10/2025;Top Idole (XL);49000;1;;Móvil;;;;Sí;;;;;
6219;cliente_0050@ejemplo.com;24/10/2025 09:31:28;Abierta;Recibido;Enviado;ARS;69000.0;0.0;6000.0;75000.0;;;;;;;;;;Capital Federal;;Capital Federal;Argentina;Envio en moto CABA;Mercado Pago;;;;24/10/2025;28/10/2025;Chaleco Alindra (S);69000;1;;Móvil;;;;Sí;;;;;
6217;cliente_0691@ejemplo.com;23/10/2025 11:19:59;Abierta;Recibido;Enviado;ARS;110000.0;0.0;5965.0;115965.0;;;;;;;;;;La Costa;;Buenos Aires;Argentina;Punto de retiro;Mercado Pago;;;;23/10/2025;23/10/2025;Jeans Arlet (44);60000;1;1762;Móvil;;;;Sí;;;;;
6217;cliente_0691@ejemplo.com;;;;;;;;;;;;;;;;;;;;;;;;;;;;;;Camisa Lotus (L);50000;1;1677;;;;;Sí;;;;;
6216;cliente_0692@ejemplo.com;23/10/2025 10:08:00;Abierta;Recibido;Enviado;ARS;111750.0;0.0;8903.99;120653.99;;;;;;;;;;La Capital;;San Luis;Argentina;Correo Argentino Clasico - Envio a domicilio;Mercado Pago;;;;23/10/2025;23/10/2025;Catsuits Jana (L);111750;1;;Móvil;;;;Sí;;;;;
6215;cliente_0693@ejemplo.com;23/10/2025 09:23:24;Abierta;Recibido;Enviado;ARS;108750.0;0.0;8215.0;116965.0;;;;;;;;;;Villalonga ;;Buenos Aires;Argentina;Correo Argentino Clasico - Envio a domicilio;Mercado Pago;;;;23/10/2025;23/10/2025;Overall Adam (M);108750;1;;Móvil;;;;Sí;;;;;
6214;cliente_0694@ejemplo.com;23/10/2025 08:24:13;Abierta;Recibido;Enviado;ARS;165000.0;0.0;5839.0;170839.0;;;;;;;;;;Deseado;;Santa Cruz;Argentina;Punto de retiro;Mercado Pago;;;;23/10/2025;23/10/2025;Campera Azura (M);165000;1;;Móvil;;;;Sí;;;;;
6213;cliente_0695@ejemplo.com;22/10/2025 17:23:51;Abierta;Recibido;Enviado;ARS;93750.0;0.0;8215.0;101965.0;;;;;;;;;;Las Flores ;;Buenos Aires;Argentina;Correo Argentino Clasico - Envio a domicilio;Mercado Pago;;;;22/10/2025;23/10/2025;Vestido Jackie (M);93750;1;;Móvil;;;;Sí;;;;;
6212;cliente_0631@ejemplo.com;22/10/2025 14:18:03;Abierta;Recibido;Enviado;ARS;56250.0;0.0;5146.0;61396.0;;;;;;;;;;La plata;;Buenos Aires;Argentina;Punto de retiro;Transferencia o depósito bancario;;;;22/10/2025;23/10/2025;Jean Jordan (40);56250;1;;Móvil;;;;Sí;;;;;
6211;cliente_0696@ejemplo.com;21/10/2025 17:12:38;Abierta;Recibido;Enviado;ARS;110250.0;0.0;8215.0;118465.0;;;;;;;;;;9 de Julio;;Buenos Aires;Argentina;Correo Argentino Clasico - Envio a domicilio;Mercado Pago;;;;21/10/2025;22/10/2025;Catsuit Ciro (S);110250;1;;Móvil;;;;Sí;;;;;
6210;cliente_0697@ejemplo.com;21/10/2025 15:40:27;Abierta;Recibido;Enviado;ARS;93750.0;0.0;5611.0;99361.0;;;;;;;;;;Lácar;;Neuquén;Argentina;Punto de retiro;Mercado Pago;;;;21/10/2025;22/10/2025;Vestido Jackie (S);93750;1;;Móvil;;;;Sí;;;;;
6209;cliente_0698@ejemplo.com;21/10/2025 12:05:05;Abierta;Recibido;Enviado;ARS;86500.0;0.0;8444.0;94944.0;;;;;;;;;;Cordoba;;Córdoba;Argentina;Correo Argentino Clasico - Envio a domicilio;Mercado Pago;;;;21/10/2025;22/10/2025;Short Salim (S, Azul);52500;1;;Móvil;;;;Sí;;;;;
6209;cliente_0698@ejemplo.com;;;;;;;;;;;;;;;;;;;;;;;;;;;;;;Jean Blake (36, Azul);34000;1;;;;;;Sí;;;;;
6208;cliente_0699@ejemplo.com;21/10/2025 09:44:50;Abierta;Recibido;Enviado;ARS;60000.0;0.0;6934.01;66934.01;;;;;;;;;;San miguel ;;Gran Buenos Aires;Argentina;Correo Argentino Clasico - Envio a domicilio;Mercado Pago;;;;21/10/2025;22/10/2025;Vestido Valentino (M);60000;1;;Móvil;;;;Sí;;;;;
6207;cliente_0700@ejemplo.com;20/10/2025 18:58:45;Abierta;Recibido;Enviado;ARS;101250.0;0.0;8215.0;109465.0;;;;;;;;;;Mar del Plata ;;Buenos Aires;Argentina;Correo Argentino Clasico - Envio a domicilio;Transferencia o depósito bancario;;;;21/10/2025;22/10/2025;Overall Mara (L);101250;1;;Móvil;;;;Sí;;;;;
6206;cliente_0701@ejemplo.com;20/10/2025 07:42:31;Abierta;Recibido;Enviado;ARS;130500.0;13050.0;5965.0;123415.0;;;;;;;;;;Rosario;;Santa Fe;Argentina;Punto de retiro;Transferencia o depósito bancario;;;;20/10/2025;21/10/2025;Capa Olsen (UNICO);74250;1;1797;Móvil;;;;Sí;;;;;
6206;cliente_0701@ejemplo.com;;;;;;;;;;;;;;;;;;;;;;;;;;;;;;Jean Jordan (40);56250;1;;;;;;Sí;;;;;
6205;cliente_0702@ejemplo.com;19/10/2025 18:41:23;Abierta;Recibido;Enviado;ARS;95000.0;0.0;10111.01;105111.01;;;;;;;;;;Buenos Aires;;Gran Buenos Aires;Argentina;Correo Argentino Clasico - Envio a domicilio;Mercado Pago;;;;19/10/2025;21/10/2025;Overall Carola (L);95000;1;;Móvil;;;;Sí;;;;;
6204;cliente_0703@ejemplo.com;19/10/2025 14:05:26;Abierta;Recibido;Enviado;ARS;108750.0;0.0;6934.01;115684.01;;;;;;;;;;Buenos aires;;Gran Buenos Aires;Argentina;Correo Argentino Clasico - Envio a domicilio;Mercado Pago;;;;19/10/2025;21/10/2025;Overall Adam (XL);108750;1;;Móvil;;;;Sí;;;;;
6203;cliente_0339@ejemplo.com;19/10/2025 12:57:55;Abierta;Recibido;Enviado;ARS;166250.0;16625.0;6544.0;156169.0;;;;;;;;;;Colón;;Córdoba;Argentina;Punto de retiro;Mercado Pago;;;;19/10/2025;21/10/2025;Overall Simone (M);86250;1;;Web;;;;Sí;;;;;
6203;cliente_0339@ejemplo.com;;;;;;;;;;;;;;;;;;;;;;;;;;;;;;Vestido Koko (L);80000;1;1662;;;;;Sí;;;;;
6201;cliente_0704@ejemplo.com;18/10/2025 23:51:29;Abierta;Recibido;Enviado;ARS;95000.0;0.0;13259.99;108259.99;;;;;;;;;;Balcarce;;Buenos Aires;Argentina;Correo Argentino Clasico - Envio a domicilio;Mercado Pago;;;;18/10/2025;21/10/2025;Overall Carola (S);95000;1;;Móvil;;;;Sí;;;;;
6200;cliente_0705@ejemplo.com;18/10/2025 17:25:36;Abierta;Recibido;Enviado;ARS;178750.0;17875.0;6000.0;166875.0;;;;;;;;;;Capital Federal;;Capital Federal;Argentina;Envio en moto CABA;Mercado Pago;;;;18/10/2025;20/10/2025;Short Naomi (44);48750;1;1781;Móvil;;;;Sí;;;;;
6200;cliente_0705@ejemplo.com;;;;;;;;;;;;;;;;;;;;;;;;;;;;;;Jeans Arlet (44);60000;1;1762;;;;;Sí;;;;;
6200;cliente_0705@ejemplo.com;;;;;;;;;;;;;;;;;;;;;;;;;;;;;;Mini Falda Stella (L);70000;1;;;;;;Sí;;;;;
6199;cliente_0706@ejemplo.com;18/10/2025 09:20:45;Abierta;Recibido;Enviado;ARS;34000.0;0.0;4242.0;38242.0;;;;;;;;;;Capital Federal;;Capital Federal;Argentina;Punto de retiro;Mercado Pago;;;;18/10/2025;21/10/2025;Jean Blake (44, AZUL OSCURO);34000;1;;Móvil;;;;Sí;;;;;
6198;cliente_0707@ejemplo.com;17/10/2025 18:23:46;Abierta;Recibido;Enviado;ARS;107250.0;0.0;8903.99;116153.99;;;;;;;;;;El manantial;;Tucumán;Argentina;Correo Argentino Clasico - Envio a domicilio;Mercado Pago;;;;17/10/2025;21/10/2025;Vestido Madison (L);107250;1;;Móvil;;;;Sí;;;;;
6197;cliente_0708@ejemplo.com;17/10/2025 10:09:29;Abierta;Recibido;Enviado;ARS;120000.0;12000.0;19075.0;127075.0;;;;;;;;;;Ullúm;;San Juan;Argentina;Punto de retiro;Mercado Pago;;;;17/10/2025;17/10/2025;Vestido Nadine (M);75000;1;;Móvil;;;;Sí;;;;;
6197;cliente_0708@ejemplo.com;;;;;;;;;;;;;;;;;;;;;;;;;;;;;;Jeans Enzo (44);45000;1;1748;;;;;Sí;;;;;
6196;cliente_0709@ejemplo.com;17/10/2025 07:21:34;Abierta;Recibido;Enviado;ARS;74250.0;0.0;4242.0;78492.0;;;;;;;;;;Capital Federal;;Capital Federal;Argentina;Punto de retiro;Transferencia o depósito bancario;;;;17/10/2025;17/10/2025;Capa Olsen (UNICO);74250;1;1797;Móvil;;;;Sí;;;;;
6195;cliente_0710@ejemplo.com;16/10/2025 14:02:21;Abierta;Recibido;Enviado;ARS;93750.0;0.0;5611.0;99361.0;;;;;;;;;;Tupungato;;Mendoza;Argentina;Punto de retiro;Mercado Pago;;;;16/10/2025;17/10/2025;Vestido Amira (M);93750;1;;Móvil;;;;Sí;;;;;
6194;cliente_0711@ejemplo.com;16/10/2025 11:21:33;Abierta;Recibido;Enviado;ARS;205500.0;20550.0;7560.0;192510.0;;;;;;;;;;Tigre;;Gran Buenos Aires;Argentina;Correo Argentino Clasico - Envio a domicilio;Mercado Pago;;;;16/10/2025;17/10/2025;Vestido Amira (S);93750;1;;Móvil;;;;Sí;;;;;
6194;cliente_0711@ejemplo.com;;;;;;;;;;;;;;;;;;;;;;;;;;;;;;Catsuits Jana (S);111750;1;;;;;;Sí;;;;;
6193;cliente_0712@ejemplo.com;16/10/2025 11:14:50;Abierta;Recibido;Enviado;ARS;126000.0;12600.0;6000.0;119400.0;;;;;;;;;;Capital Federal;;Capital Federal;Argentina;Envio en moto CABA;Mercado Pago;;;;16/10/2025;20/10/2025;Falda Kora (XL);51000;1;;Móvil;;;;Sí;;;;;
6193;cliente_0712@ejemplo.com;;;;;;;;;;;;;;;;;;;;;;;;;;;;;;Vestido Nadine (M);75000;1;;;;;;Sí;;;;;
6192;cliente_0713@ejemplo.com;16/10/2025 09:58:43;Abierta;Recibido;Enviado;ARS;60000.0;0.0;6000.0;66000.0;;;;;;;;;;Caba;;Capital Federal;Argentina;Envio en moto CABA;Efectivo (solo válido con la opción de retirar en el local);;;;21/10/2025;21/10/2025;Vestido Valentino (L);60000;1;;Móvil;;;;Sí;;;;;
6191;cliente_0714@ejemplo.com;15/10/2025 22:25:05;Abierta;Recibido;Enviado;ARS;93750.0;0.0;8215.0;101965.0;;;;;;;;;;San Vicente;;Buenos Aires;Argentina;Correo Argentino Clasico - Envio a domicilio;Transferencia o depósito bancario;;;;16/10/2025;17/10/2025;Vestido Jackie (M);93750;1;;Móvil;;;;Sí;;;;;
6190;cliente_0715@ejemplo.com;15/10/2025 21:56:56;Abierta;Recibido;Enviado;ARS;51000.0;0.0;5146.0;56146.0;;;;;;;;;;Patagonés;;Buenos Aires;Argentina;Punto de retiro;Mercado Pago;;;;15/10/2025;17/10/2025;Falda Kora (XL);51000;1;;Móvil;;;;Sí;;;;;
6189;cliente_0716@ejemplo.com;15/10/2025 21:34:16;Abierta;Recibido;Enviado;ARS;93750.0;0.0;8215.0;101965.0;;;;;;;;;;Bragado;;Buenos Aires;Argentina;Correo Argentino Clasico - Envio a domicilio;Mercado Pago;;;;15/10/2025;17/10/2025;Vestido Amira (S);93750;1;;Móvil;;;;Sí;;;;;
6188;cliente_0717@ejemplo.com;15/10/2025 20:22:21;Abierta;Recibido;Enviado;ARS;86250.0;0.0;6934.01;93184.01;;;;;;;;;;Vicente Lopez ;;Gran Buenos Aires;Argentina;Correo Argentino Clasico - Envio a domicilio;Mercado Pago;;;;15/10/2025;17/10/2025;Overall Simone (L);86250;1;;Móvil;;;;Sí;;;;;
6187;cliente_0718@ejemplo.com;15/10/2025 19:33:29;Abierta;Recibido;Enviado;ARS;49000.0;0.0;5611.0;54611.0;;;;;;;;;;San Miguel de Tucumán;;Tucumán;Argentina;Punto de retiro;Mercado Pago;;;;15/10/2025;17/10/2025;Vestido Giuli (M);49000;1;;Móvil;;;;Sí;;;;;
6186;cliente_0719@ejemplo.com;15/10/2025 06:43:11;Abierta;Recibido;Enviado;ARS;116250.0;0.0;6934.01;123184.01;;;;;;;;;;San Vicente;;Buenos Aires;Argentina;Correo Argentino Clasico - Envio a domicilio;Mercado Pago;;;;15/10/2025;17/10/2025;Vestido Samira (XL);116250;1;;Móvil;;;;Sí;;;;;
6185;cliente_0720@ejemplo.com;14/10/2025 21:14:50;Abierta;Recibido;Enviado;ARS;217500.0;0.0;4509.0;222009.0;;;;;;;;;;La Matanza;;Gran Buenos Aires;Argentina;Punto de retiro;Mercado Pago;;;;14/10/2025;17/10/2025;Campera Azura (M);165000;1;;Móvil;;;;Sí;;;;;
6185;cliente_0720@ejemplo.com;;;;;;;;;;;;;;;;;;;;;;;;;;;;;;Short Salim (M, Azul);52500;1;;;;;;Sí;;;;;
6184;cliente_0721@ejemplo.com;14/10/2025 21:00:55;Abierta;Recibido;Enviado;ARS;86250.0;0.0;8215.0;94465.0;;;;;;;;;;Juarez Celman;;Córdoba;Argentina;Correo Argentino Clasico - Envio a domicilio;Mercado Pago;;;;15/10/2025;17/10/2025;Overall Simone (XL);86250;1;;Móvil;;;;Sí;;;;;
6183;cliente_0722@ejemplo.com;14/10/2025 16:37:12;Abierta;Recibido;Enviado;ARS;80000.0;0.0;4509.0;84509.0;;;;;;;;;;Capital Federal;;Capital Federal;Argentina;Punto de retiro;Mercado Pago;;;;14/10/2025;17/10/2025;Vestido Koko (L);80000;1;1662;Móvil;;;;Sí;;;;;
6182;cliente_0103@ejemplo.com;14/10/2025 16:07:45;Abierta;Recibido;Enviado;ARS;108750.0;0.0;6934.01;115684.01;;;;;;;;;;Lanus;;Gran Buenos Aires;Argentina;Correo Argentino Clasico - Envio a domicilio;Mercado Pago;;;;14/10/2025;17/10/2025;Overall Adam (M);108750;1;;Móvil;;;;Sí;;;;;
6181;cliente_0478@ejemplo.com;14/10/2025 16:02:50;Abierta;Recibido;Enviado;ARS;184000.0;0.0;4630.0;188630.0;;;;;;;;;;San Isidro;;Gran Buenos Aires;Argentina;Punto de retiro;Mercado Pago;;;;14/10/2025;17/10/2025;Jean Blake (36, AZUL OSCURO);34000;1;;Móvil;;;;Sí;;;;;
6181;cliente_0478@ejemplo.com;;;;;;;;;;;;;;;;;;;;;;;;;;;;;;Short Salim (S, Azul);52500;1;;;;;;Sí;;;;;
6181;cliente_0478@ejemplo.com;;;;;;;;;;;;;;;;;;;;;;;;;;;;;;Vestido Nour (M);97500;1;;;;;;Sí;;;;;
6180;cliente_0723@ejemplo.com;14/10/2025 13:26:47;Abierta;Recibido;Enviado;ARS;93750.0;0.0;8215.0;101965.0;;;;;;;;;;Capital Federal;;Buenos Aires;Argentina;Correo Argentino Clasico - Envio a domicilio;Mercado Pago;;;;14/10/2025;17/10/2025;Vestido Jackie (M);93750;1;;Móvil;;;;Sí;;;;;
6179;cliente_0724@ejemplo.com;14/10/2025 11:56:13;Abierta;Recibido;Enviado;ARS;56250.0;0.0;6934.01;63184.01;;;;;;;;;;Quilmes;;Gran Buenos Aires;Argentina;Correo Argentino Clasico - Envio a domicilio;Mercado Pago;;;;14/10/2025;17/10/2025;Jeans Richi (44, Azul);56250;1;;Móvil;;;;Sí;;;;;
6178;cliente_0724@ejemplo.com;14/10/2025 06:14:13;Abierta;Recibido;Enviado;ARS;56250.0;0.0;6934.01;63184.01;;;;;;;;;;Quilmes;;Gran Buenos Aires;Argentina;Correo Argentino Clasico - Envio a domicilio;Transferencia o depósito bancario;;;;15/10/2025;17/10/2025;Jeans Richi (44, Azul);56250;1;;Móvil;;;;Sí;;;;;
6177;cliente_0725@ejemplo.com;14/10/2025 00:09:00;Abierta;Recibido;Enviado;ARS;93750.0;0.0;6934.01;100684.01;;;;;;;;;;Baradero;;Buenos Aires;Argentina;Correo Argentino Clasico - Envio a domicilio;Transferencia o depósito bancario;;;;15/10/2025;17/10/2025;Vestido Jackie (M);93750;1;;Móvil;;;;Sí;;;;;
6176;cliente_0726@ejemplo.com;13/10/2025 22:22:07;Abierta;Recibido;Enviado;ARS;74250.0;0.0;6934.01;81184.01;;;;;;;;;;Lomas de Zamora;;Gran Buenos Aires;Argentina;Correo Argentino Clasico - Envio a domicilio;Mercado Pago;;;;13/10/2025;17/10/2025;Capa Olsen (UNICO);74250;1;1797;Móvil;;;;Sí;;;;;
6175;cliente_0727@ejemplo.com;13/10/2025 20:57:32;Abierta;Recibido;Enviado;ARS;80000.0;0.0;8444.0;88444.0;;;;;;;;;;Necochea;;Buenos Aires;Argentina;Correo Argentino Clasico - Envio a domicilio;Mercado Pago;;;;13/10/2025;17/10/2025;Vestido Koko (L);80000;1;1662;Móvil;;;;Sí;;;;;
6174;cliente_0158@ejemplo.com;13/10/2025 18:58:50;Abierta;Recibido;Enviado;ARS;93750.0;0.0;6000.0;99750.0;;;;;;;;;;Capital Federal;;Capital Federal;Argentina;Envio en moto CABA;Mercado Pago;;;;13/10/2025;20/10/2025;Vestido Jackie (L);93750;1;;Móvil;;;;Sí;;;;;
6173;cliente_0728@ejemplo.com;13/10/2025 18:25:52;Abierta;Recibido;Enviado;ARS;112500.0;0.0;5611.0;118111.0;;;;;;;;;;Confluencia;;Neuquén;Argentina;Punto de retiro;Mercado Pago;;;;13/10/2025;17/10/2025;Vestido Serena (XL);112500;1;;Móvil;;;;Sí;;;;;
6172;cliente_0729@ejemplo.com;13/10/2025 15:22:45;Abierta;Recibido;Enviado;ARS;93750.0;0.0;8215.0;101965.0;;;;;;;;;;Basavilbaso ;;Entre Ríos;Argentina;Correo Argentino Clasico - Envio a domicilio;Mercado Pago;;;;13/10/2025;17/10/2025;Vestido Jackie (L);93750;1;;Móvil;;;;Sí;;;;;
6171;cliente_0730@ejemplo.com;13/10/2025 10:00:59;Abierta;Recibido;Enviado;ARS;93750.0;0.0;5611.0;99361.0;;;;;;;;;;General Roca;;Rio Negro;Argentina;Punto de retiro;Mercado Pago;;;;13/10/2025;13/10/2025;Vestido Jackie (M);93750;1;;Móvil;;;;Sí;;;;;
6170;cliente_0731@ejemplo.com;13/10/2025 09:15:23;Abierta;Recibido;Enviado;ARS;60000.0;0.0;6934.01;66934.01;;;;;;;;;;Lomas De Zamora;;Gran Buenos Aires;Argentina;Correo Argentino Clasico - Envio a domicilio;Mercado Pago;;;;13/10/2025;13/10/2025;Falda Irina (M);60000;1;;Móvil;;;;Sí;;;;;
6169;cliente_0732@ejemplo.com;12/10/2025 22:06:49;Abierta;Recibido;Enviado;ARS;223500.0;0.0;8444.0;231944.0;;;;;;;;;;Cordoba;;Córdoba;Argentina;Correo Argentino Clasico - Envio a domicilio;Mercado Pago;;;;12/10/2025;13/10/2025;Vestido Madison (M);107250;1;;Móvil;;;;Sí;;;;;
6169;cliente_0732@ejemplo.com;;;;;;;;;;;;;;;;;;;;;;;;;;;;;;Vestido Samira (M);116250;1;;;;;;Sí;;;;;
6168;cliente_0494@ejemplo.com;12/10/2025 22:02:39;Abierta;Recibido;Enviado;ARS;183750.0;0.0;4509.0;188259.0;;;;;;;;;;La Matanza;;Gran Buenos Aires;Argentina;Punto de retiro;Mercado Pago;;;;12/10/2025;13/10/2025;Vestido Mora (M);97500;1;;Móvil;;;;Sí;;;;;
6168;cliente_0494@ejemplo.com;;;;;;;;;;;;;;;;;;;;;;;;;;;;;;Overall Simone (S);86250;1;;;;;;Sí;;;;;
6167;cliente_0013@ejemplo.com;12/10/2025 15:23:19;Abierta;Recibido;Enviado;ARS;168750.0;0.0;8444.0;177194.0;;;;;;;;;;25 de Mayo;;La Pampa;Argentina;Correo Argentino Clasico - Envio a domicilio;Mercado Pago;;;;12/10/2025;13/10/2025;Overall Makena (Azul, M);112500;1;;Móvil;;;;Sí;;;;;
6167;cliente_0013@ejemplo.com;;;;;;;;;;;;;;;;;;;;;;;;;;;;;;Jean Jordan (38);56250;1;;;;;;Sí;;;;;
6166;cliente_0162@ejemplo.com;12/10/2025 12:28:51;Abierta;Recibido;Enviado;ARS;86250.0;0.0;6934.01;93184.01;;;;;;;;;;Isidro Casanova ;;Gran Buenos Aires;Argentina;Correo Argentino Clasico - Envio a domicilio;Mercado Pago;;;;12/10/2025;13/10/2025;Overall Simone (M);86250;1;;Móvil;;;;Sí;;;;;
6165;cliente_0733@ejemplo.com;12/10/2025 12:16:34;Abierta;Recibido;Enviado;ARS;143750.0;0.0;6544.0;150294.0;;;;;;;;;;Tandil;;Buenos Aires;Argentina;Punto de retiro;Mercado Pago;;;;12/10/2025;13/10/2025;Vestido Koko (S);80000;1;1662;Móvil;;;;Sí;;;;;
6165;cliente_0733@ejemplo.com;;;;;;;;;;;;;;;;;;;;;;;;;;;;;;Butterfly Edicion Limitada (6);63750;1;;;;;;Sí;;;;;
6164;cliente_0734@ejemplo.com;12/10/2025 01:19:12;Abierta;Recibido;Enviado;ARS;101250.0;0.0;4242.0;105492.0;;;;;;;;;;Capital Federal;;Capital Federal;Argentina;Punto de retiro;Mercado Pago;;;;12/10/2025;13/10/2025;Vestido Nubia (L);101250;1;;Móvil;;;;Sí;;;;;
6163;cliente_0735@ejemplo.com;10/10/2025 22:27:05;Abierta;Recibido;Enviado;ARS;65000.0;0.0;6934.01;71934.01;;;;;;;;;;Caseros;;Gran Buenos Aires;Argentina;Correo Argentino Clasico - Envio a domicilio;Mercado Pago;;;;10/10/2025;13/10/2025;Vestido Cristal (XL);65000;1;;Móvil;;;;Sí;;;;;
6162;cliente_0736@ejemplo.com;10/10/2025 21:51:22;Abierta;Recibido;Enviado;ARS;70000.0;0.0;6000.0;76000.0;;;;;;;;;;Capital Federal;;Capital Federal;Argentina;Envio en moto CABA;Mercado Pago;;;;10/10/2025;13/10/2025;Catsuit Charly blanco (XL);70000;1;;Móvil;;;;Sí;;;;;
6161;cliente_0002@ejemplo.com;10/10/2025 19:12:01;Abierta;Recibido;Enviado;ARS;170000.0;0.0;15550.0;185550.0;;;;;;;;;;Capital;;Córdoba;Argentina;Punto de retiro;Mercado Pago;;;;10/10/2025;13/10/2025;Vestido Nadine (L);75000;1;;Móvil;;;;Sí;;;;;
6161;cliente_0002@ejemplo.com;;;;;;;;;;;;;;;;;;;;;;;;;;;;;;Overall Carola (XL);95000;1;;;;;;Sí;;;;;
6160;cliente_0737@ejemplo.com;10/10/2025 09:47:42;Abierta;Recibido;Enviado;ARS;273750.0;0.0;8422.0;282172.0;;;;;;;;;;Capital Federal;;Capital Federal;Argentina;Punto de retiro;Mercado Pago;;;;10/10/2025;13/10/2025;Campera Azura (L);165000;1;;Móvil;;;;Sí;;;;;
6160;cliente_0737@ejemplo.com;;;;;;;;;;;;;;;;;;;;;;;;;;;;;;Vestido Salma (L);108750;1;1789;;;;;Sí;;;;;
6159;cliente_0738@ejemplo.com;10/10/2025 09:24:16;Abierta;Recibido;Enviado;ARS;129000.0;0.0;5965.0;134965.0;;;;;;;;;;General Pueyrredón;;Buenos Aires;Argentina;Punto de retiro;Mercado Pago;;;;10/10/2025;13/10/2025;Catsuit Ciro (S);110250;1;;Web;;;;Sí;;;;;
6159;cliente_0738@ejemplo.com;;;;;;;;;;;;;;;;;;;;;;;;;;;;;;Bolso Lady West;18750;1;;;;;;Sí;;;;;
6156;cliente_0739@ejemplo.com;09/10/2025 19:42:00;Abierta;Recibido;Enviado;ARS;108750.0;0.0;6934.01;115684.01;;;;;;;;;;Esteban Echeverria;;Gran Buenos Aires;Argentina;Correo Argentino Clasico - Envio a domicilio;Mercado Pago;;;;09/10/2025;13/10/2025;Overall Adam (S);108750;1;;Móvil;;;;Sí;;;;;
6155;cliente_0050@ejemplo.com;09/10/2025 12:38:44;Abierta;Recibido;Enviado;ARS;107250.0;0.0;6000.0;113250.0;;;;;;;;;;Capital Federal;;Capital Federal;Argentina;Envio en moto CABA;Mercado Pago;;;;09/10/2025;13/10/2025;Vestido Madison (S);107250;1;;Móvil;;;;Sí;;;;;
6154;cliente_0740@ejemplo.com;09/10/2025 12:25:58;Abierta;Recibido;Enviado;ARS;190000.0;0.0;6000.0;196000.0;;;;;;;;;;Capital Federal;;Capital Federal;Argentina;Envio en moto CABA;Mercado Pago;;;;09/10/2025;13/10/2025;Jeans Cami (L);45000;1;;Móvil;;;;Sí;;;;;
6154;cliente_0740@ejemplo.com;;;;;;;;;;;;;;;;;;;;;;;;;;;;;;Vestido Nadine (L);75000;1;;;;;;Sí;;;;;
6154;cliente_0740@ejemplo.com;;;;;;;;;;;;;;;;;;;;;;;;;;;;;;Vestido Angelina (L);70000;1;;;;;;Sí;;;;;
6153;cliente_0741@ejemplo.com;09/10/2025 09:44:42;Abierta;Recibido;Enviado;ARS;80000.0;0.0;6454.0;86454.0;;;;;;;;;;Bariloche;;Rio Negro;Argentina;Punto de retiro;Mercado Pago;;;;09/10/2025;09/10/2025;Vestido Koko (L);80000;1;1662;Móvil;;;;Sí;;;;;
6151;cliente_0742@ejemplo.com;08/10/2025 15:08:39;Abierta;Recibido;Enviado;ARS;108750.0;0.0;6934.01;115684.01;;;;;;;;;;Campana;;Buenos Aires;Argentina;Correo Argentino Clasico - Envio a domicilio;Mercado Pago;;;;08/10/2025;09/10/2025;Overall Adam (M);108750;1;;Móvil;;;;Sí;;;;;
6150;cliente_0743@ejemplo.com;07/10/2025 22:44:54;Abierta;Recibido;Enviado;ARS;120000.0;0.0;17566.0;137566.0;;;;;;;;;;Tandil;;Buenos Aires;Argentina;Correo Argentino Clasico - Envio a domicilio;Mercado Pago;;;;07/10/2025;09/10/2025;Jeans Enzo (44);45000;1;1748;Móvil;;;;Sí;;;;;
6150;cliente_0743@ejemplo.com;;;;;;;;;;;;;;;;;;;;;;;;;;;;;;Túnica Natasha (L);75000;1;;;;;;Sí;;;;;
6149;cliente_0744@ejemplo.com;07/10/2025 08:37:43;Abierta;Recibido;Enviado;ARS;75000.0;0.0;8215.0;83215.0;;;;;;;;;;Trenque Lauquen;;Buenos Aires;Argentina;Correo Argentino Clasico - Envio a domicilio;Mercado Pago;;;;07/10/2025;09/10/2025;Falda Irina (L);75000;1;;Móvil;;;;Sí;;;;;
6148;cliente_0745@ejemplo.com;06/10/2025 20:59:44;Abierta;Recibido;Enviado;ARS;90000.0;0.0;6934.01;96934.01;;;;;;;;;;Capital Federal;;Capital Federal;Argentina;Correo Argentino Clasico - Envio a domicilio;Transferencia o depósito bancario;;;;09/10/2025;09/10/2025;Overall Heidi (S);90000;1;;Móvil;;;;Sí;;;;;
6147;cliente_0746@ejemplo.com;06/10/2025 20:38:11;Abierta;Recibido;Enviado;ARS;45000.0;0.0;10186.0;55186.0;;;;;;;;;;Paraná;;Entre Ríos;Argentina;Punto de retiro;Mercado Pago;;;;06/10/2025;09/10/2025;Jeans Enzo (44);45000;1;1748;Móvil;;;;Sí;;;;;
6146;cliente_0246@ejemplo.com;06/10/2025 10:00:24;Abierta;Recibido;Enviado;ARS;215000.0;0.0;0.0;215000.0;;;;;;;;;;La Plata;;Buenos Aires;Argentina;Punto de retiro;Mercado Pago;;;;06/10/2025;09/10/2025;Vestido Nubia (L);135000;1;;Móvil;;;;Sí;;;;;
6146;cliente_0246@ejemplo.com;;;;;;;;;;;;;;;;;;;;;;;;;;;;;;Vestido Koko (S);80000;1;1662;;;;;Sí;;;;;
6145;cliente_0747@ejemplo.com;06/10/2025 00:48:33;Abierta;Recibido;Enviado;ARS;155000.0;0.0;0.0;155000.0;;;;;;;;;;San Nicolás;;Buenos Aires;Argentina;Punto de retiro;Transferencia o depósito bancario;;;;06/10/2025;09/10/2025;Vestido Samira (S);155000;1;;Web;;;;Sí;;;;;
6144;cliente_0502@ejemplo.com;05/10/2025 18:34:33;Abierta;Recibido;Enviado;ARS;125000.0;0.0;12169.0;137169.0;;;;;;;;;;Tafí Viejo;;Tucumán;Argentina;Punto de retiro;Mercado Pago;;;;05/10/2025;09/10/2025;Vestido Rachel (L);125000;1;;Móvil;;;;Sí;;;;;
6143;cliente_0748@ejemplo.com;05/10/2025 14:29:24;Abierta;Recibido;Enviado;ARS;60000.0;0.0;6934.01;66934.01;;;;;;;;;;Tigre;;Gran Buenos Aires;Argentina;Correo Argentino Clasico - Envio a domicilio;Mercado Pago;;;;05/10/2025;09/10/2025;Vestido Libre (S);60000;1;;Móvil;;;;Sí;;;;;
6142;cliente_0749@ejemplo.com;03/10/2025 13:17:50;Abierta;Recibido;Enviado;ARS;90000.0;0.0;4242.0;94242.0;;;;;;;;;;Capital Federal;;Capital Federal;Argentina;Punto de retiro;Mercado Pago;;;;03/10/2025;03/10/2025;Overall Donatella (M);90000;1;;Móvil;;;;Sí;;;;;
6141;cliente_0473@ejemplo.com;03/10/2025 11:33:11;Abierta;Recibido;Enviado;ARS;159900.0;0.0;0.0;159900.0;;;;;;;;;;Escalante;;Chubut;Argentina;Punto de retiro;Efectivo (solo válido con la opción de retirar en el local);;;;03/10/2025;06/10/2025;Vestido Francesca (L);69900;1;;Móvil;;;;Sí;;;;;
6141;cliente_0473@ejemplo.com;;;;;;;;;;;;;;;;;;;;;;;;;;;;;;Overall Donatella (XL);90000;1;;;;;;Sí;;;;;
6140;cliente_0750@ejemplo.com;03/10/2025 10:01:39;Abierta;Recibido;Enviado;ARS;149000.0;0.0;0.0;149000.0;;;;;;;;;;Esteban Echeverría canning ;;Buenos Aires;Argentina;Correo Argentino Clasico - Envio a domicilio;Mercado Pago;;;;20/10/2025;21/10/2025;Catsuits Jana (M);149000;1;;Móvil;;;;Sí;;;;;
6139;cliente_0751@ejemplo.com;03/10/2025 10:01:13;Abierta;Recibido;Enviado;ARS;145000.0;0.0;0.0;145000.0;;;;;;;;;;Tres de Febrero;;Gran Buenos Aires;Argentina;Punto de retiro;Mercado Pago;;;;03/10/2025;03/10/2025;Vestido Salma (XL);145000;1;1789;Móvil;;;;Sí;;;;;
6137;cliente_0691@ejemplo.com;02/10/2025 23:19:48;Abierta;Recibido;Enviado;ARS;150000.0;0.0;0.0;150000.0;;;;;;;;;;San Clemente Del Tuyu;;Buenos Aires;Argentina;Correo Argentino Clasico - Envio a domicilio;Mercado Pago;;;;02/10/2025;03/10/2025;Overall Makena (Celeste, XL);150000;1;;Móvil;;;;Sí;;;;;
6136;cliente_0752@ejemplo.com;02/10/2025 14:03:21;Abierta;Recibido;Enviado;ARS;229900.0;0.0;0.0;229900.0;;;;;;;;;;Capital Federal;;Capital Federal;Argentina;Envio en moto CABA;Mercado Pago;;;;02/10/2025;09/10/2025;Vestido Melody (M);115000;1;;Web;;;;Sí;;;;;
6136;cliente_0752@ejemplo.com;;;;;;;;;;;;;;;;;;;;;;;;;;;;;;Vestido Keaton (M);69900;1;;;;;;Sí;;;;;
6136;cliente_0752@ejemplo.com;;;;;;;;;;;;;;;;;;;;;;;;;;;;;;Jean Blake (40, AZUL OSCURO);45000;1;;;;;;Sí;;;;;
6135;cliente_0252@ejemplo.com;01/10/2025 19:58:48;Abierta;Recibido;Enviado;ARS;65000.0;0.0;6934.01;71934.01;;;;;;;;;;Rafael calzada ;;Gran Buenos Aires;Argentina;Correo Argentino Clasico - Envio a domicilio;Mercado Pago;;;;02/10/2025;03/10/2025;Catsuit Sena (L);65000;1;;Móvil;;;;Sí;;;;;
6133;cliente_0753@ejemplo.com;30/09/2025 14:39:17;Abierta;Recibido;Enviado;ARS;128000.0;0.0;0.0;128000.0;;;;;;;;;;Capital Federal;;Capital Federal;Argentina;Envio en moto CABA;Mercado Pago;;;;30/09/2025;01/10/2025;Overall Venus (S);128000;1;;Móvil;;;;Sí;;;;;
6132;cliente_0754@ejemplo.com;29/09/2025 20:29:23;Abierta;Recibido;Enviado;ARS;45000.0;0.0;0.0;45000.0;;;;;;;;;;Capital Federal;;Capital Federal;Argentina;Envio en moto CABA;Mercado Pago;;;;29/09/2025;01/10/2025;Jeans Enzo (42);45000;1;1748;Móvil;;;;Sí;;;;;
6131;cliente_0755@ejemplo.com;29/09/2025 19:23:22;Abierta;Recibido;Enviado;ARS;140000.0;0.0;0.0;140000.0;;;;;;;;;;Ciudad san Luis ;;San Luis;Argentina;Correo Argentino Clasico - Envio a domicilio;Mercado Pago;;;;29/09/2025;30/09/2025;Falda Irina (XL);75000;1;;Móvil;;;;Sí;;;;;
6131;cliente_0755@ejemplo.com;;;;;;;;;;;;;;;;;;;;;;;;;;;;;;Camisa Lotus (L);65000;1;1677;;;;;Sí;;;;;
6130;cliente_0756@ejemplo.com;28/09/2025 20:31:42;Abierta;Recibido;Enviado;ARS;70000.0;0.0;6934.01;76934.01;;;;;;;;;;Merlo;;Gran Buenos Aires;Argentina;Correo Argentino Clasico - Envio a domicilio;Mercado Pago;;;;28/09/2025;29/09/2025;Mini Falda Stella (M);70000;1;;Móvil;;;;Sí;;;;;
6129;cliente_0757@ejemplo.com;28/09/2025 19:32:14;Abierta;Recibido;Enviado;ARS;100000.0;0.0;17566.0;117566.0;;;;;;;;;;Santa Rosa ;;La Pampa;Argentina;Correo Argentino Clasico - Envio a domicilio;Mercado Pago;;;;28/09/2025;29/09/2025;Jeans Enzo (40);55000;1;1748;Móvil;;;;Sí;;;;;
6129;cliente_0757@ejemplo.com;;;;;;;;;;;;;;;;;;;;;;;;;;;;;;Jean Blake (40, Azul);45000;1;;;;;;Sí;;;;;
6128;cliente_0758@ejemplo.com;28/09/2025 18:00:32;Abierta;Recibido;Enviado;ARS;270000.0;0.0;0.0;270000.0;;;;;;;;;;La Matanza;;Gran Buenos Aires;Argentina;Punto de retiro;Mercado Pago;;;;28/09/2025;29/09/2025;Vestido Salma (S);145000;1;1789;Móvil;;;;Sí;;;;;
6128;cliente_0758@ejemplo.com;;;;;;;;;;;;;;;;;;;;;;;;;;;;;;Vestido Jackie (M);125000;1;;;;;;Sí;;;;;
6127;cliente_0759@ejemplo.com;28/09/2025 16:39:23;Abierta;Recibido;Enviado;ARS;85000.0;0.0;5146.0;90146.0;;;;;;;;;;General Pueyrredón;;Buenos Aires;Argentina;Punto de retiro;Mercado Pago;;;;28/09/2025;29/09/2025;Catsuit Sena (L);85000;1;;Móvil;;;;Sí;;;;;
6126;cliente_0760@ejemplo.com;28/09/2025 11:21:23;Abierta;Recibido;Enviado;ARS;95000.0;0.0;10111.01;105111.01;;;;;;;;;;Pilar;;Gran Buenos Aires;Argentina;Correo Argentino Clasico - Envio a domicilio;Mercado Pago;;;;28/09/2025;29/09/2025;Overall Carola (S);95000;1;;Móvil;;;;Sí;;;;;
6124;cliente_0761@ejemplo.com;26/09/2025 20:14:25;Abierta;Recibido;Enviado;ARS;85000.0;0.0;6934.01;91934.01;;;;;;;;;;Banfield oeste;;Gran Buenos Aires;Argentina;Correo Argentino Clasico - Envio a domicilio;Mercado Pago;;;;26/09/2025;29/09/2025;Túnica Natasha (S);85000;1;;Móvil;;;;Sí;;;;;
6123;cliente_0762@ejemplo.com;24/09/2025 18:43:01;Abierta;Recibido;Enviado;ARS;143000.0;0.0;0.0;143000.0;;;;;;;;;;Merlo;;Gran Buenos Aires;Argentina;Punto de retiro;Mercado Pago;;;;24/09/2025;25/09/2025;Jean Jordan (46);75000;1;;Móvil;;;;Sí;;;;;
6123;cliente_0762@ejemplo.com;;;;;;;;;;;;;;;;;;;;;;;;;;;;;;Jeans Calix Snow (46);68000;1;1767;;;;;Sí;;;;;
6122;cliente_0763@ejemplo.com;24/09/2025 11:44:06;Abierta;Recibido;Enviado;ARS;125000.0;0.0;5611.0;130611.0;;;;;;;;;;General Roca;;Rio Negro;Argentina;Punto de retiro;Transferencia o depósito bancario;;;;25/09/2025;25/09/2025;Vestido Jackie (L);125000;1;;Móvil;;;;Sí;;;;;
6121;cliente_0764@ejemplo.com;23/09/2025 22:28:50;Abierta;Recibido;Enviado;ARS;95000.0;0.0;10111.01;105111.01;;;;;;;;;;General Rodríguez;;Gran Buenos Aires;Argentina;Correo Argentino Clasico - Envio a domicilio;Mercado Pago;;;;23/09/2025;25/09/2025;Overall Carola (XL);95000;1;;Móvil;;;;Sí;;;;;
6120;cliente_0765@ejemplo.com;23/09/2025 22:23:16;Abierta;Recibido;Enviado;ARS;70000.0;0.0;5611.0;75611.0;;;;;;;;;;La Rioja ;;La Rioja;Argentina;Punto de retiro;Mercado Pago;;;;23/09/2025;25/09/2025;Mini Falda Stella (XL);70000;1;;Móvil;;;;Sí;;;;;
6119;cliente_0766@ejemplo.com;23/09/2025 14:27:24;Abierta;Recibido;Enviado;ARS;125000.0;0.0;8903.99;133903.99;;;;;;;;;;La rioja;;La Rioja;Argentina;Correo Argentino Clasico - Envio a domicilio;Mercado Pago;;;;23/09/2025;25/09/2025;Vestido Zaira (Azul, S);125000;1;1780;Móvil;;;;Sí;;;;;
6118;cliente_0767@ejemplo.com;23/09/2025 12:16:50;Abierta;Recibido;Enviado;ARS;285000.0;0.0;0.0;285000.0;;;;;;;;;;Villa Ocampo;;Santa Fe;Argentina;Correo Argentino Clasico - Envio a domicilio;Mercado Pago;;;;23/09/2025;25/09/2025;Vestido Nour (L);130000;1;;Móvil;;;;Sí;;;;;
6118;cliente_0767@ejemplo.com;;;;;;;;;;;;;;;;;;;;;;;;;;;;;;Vestido Samira (PRE ORDER) (M);155000;1;;;;;;Sí;;;;;
6117;cliente_0768@ejemplo.com;23/09/2025 08:15:42;Abierta;Recibido;Enviado;ARS;125000.0;0.0;6934.01;131934.01;;;;;;;;;;General Las Heras;;Buenos Aires;Argentina;Correo Argentino Clasico - Envio a domicilio;Mercado Pago;;;;23/09/2025;25/09/2025;Vestido Jackie (M);125000;1;;Móvil;;;;Sí;;;;;
6116;cliente_0769@ejemplo.com;23/09/2025 00:42:47;Abierta;Recibido;Enviado;ARS;95000.0;0.0;5959.0;100959.0;;;;;;;;;;Florencio Varela;;Gran Buenos Aires;Argentina;Punto de retiro;Mercado Pago;;;;23/09/2025;25/09/2025;Overall Carola (S);95000;1;;Móvil;;;;Sí;;;;;
6114;cliente_0770@ejemplo.com;22/09/2025 12:08:19;Abierta;Recibido;Enviado;ARS;110000.0;0.0;0.0;110000.0;;;;;;;;;;Capital Federal;;Capital Federal;Argentina;Envio en moto CABA;Mercado Pago;;;;22/09/2025;22/09/2025;Overall Heidi (S);110000;1;;Móvil;;;;Sí;;;;;
6113;cliente_0771@ejemplo.com;22/09/2025 11:24:42;Abierta;Recibido;Enviado;ARS;95000.0;0.0;10111.01;105111.01;;;;;;;;;;Baradero;;Buenos Aires;Argentina;Correo Argentino Clasico - Envio a domicilio;Mercado Pago;;;;22/09/2025;22/09/2025;Overall Carola (L);95000;1;;Móvil;;;;Sí;;;;;
6112;cliente_0772@ejemplo.com;21/09/2025 03:25:42;Abierta;Recibido;Enviado;ARS;95000.0;0.0;0.0;95000.0;;;;;;;;;;Capital Federal;;Capital Federal;Argentina;Envio en moto CABA;Mercado Pago;;;;21/09/2025;22/09/2025;Overall Carola (M);95000;1;;Móvil;;;;Sí;;;;;
6111;cliente_0773@ejemplo.com;20/09/2025 16:55:18;Abierta;Recibido;Enviado;ARS;125000.0;0.0;6934.01;131934.01;;;;;;;;;;Nordelta;;Gran Buenos Aires;Argentina;Correo Argentino Clasico - Envio a domicilio;Mercado Pago;;;;20/09/2025;22/09/2025;Vestido Jackie (S);125000;1;;Móvil;;;;Sí;;;;;
6110;cliente_0774@ejemplo.com;20/09/2025 14:59:29;Abierta;Recibido;Enviado;ARS;150000.0;0.0;0.0;150000.0;;;;;;;;;;Capital;;Corrientes;Argentina;Punto de retiro;Mercado Pago;;;;20/09/2025;22/09/2025;Overall Makena (Azul, XL);150000;1;;Móvil;;;;Sí;;;;;
6109;cliente_0212@ejemplo.com;20/09/2025 14:13:26;Abierta;Recibido;Enviado;ARS;150000.0;0.0;0.0;150000.0;;;;;;;;;;Salta capital;;Salta;Argentina;Correo Argentino Clasico - Envio a domicilio;Mercado Pago;;;;20/09/2025;22/09/2025;Overall Makena (Celeste, L);150000;1;;Móvil;;;;Sí;;;;;
6108;cliente_0775@ejemplo.com;20/09/2025 13:23:17;Abierta;Recibido;Enviado;ARS;85000.0;0.0;8215.0;93215.0;;;;;;;;;;La plata ;;Buenos Aires;Argentina;Correo Argentino Clasico - Envio a domicilio;Mercado Pago;;;;20/09/2025;22/09/2025;Catsuit Sena (L);85000;1;;Móvil;;;;Sí;;;;;
6107;cliente_0162@ejemplo.com;19/09/2025 13:23:33;Abierta;Recibido;Enviado;ARS;75000.0;0.0;5647.21;80647.21;;;;;;;;;;Isidro Casanova ;;Gran Buenos Aires;Argentina;Correo Argentino Clasico - Envio a domicilio;Mercado Pago;;;;19/09/2025;22/09/2025;Vestido Ashlyn (L);75000;1;;Móvil;;;;Sí;;;;;
6106;cliente_0762@ejemplo.com;19/09/2025 13:08:38;Abierta;Recibido;Enviado;ARS;139000.0;0.0;0.0;139000.0;;;;;;;;;;Pontevedra;;Gran Buenos Aires;Argentina;Correo Argentino Clasico - Envio a domicilio;Mercado Pago;;;;19/09/2025;22/09/2025;Vestido Madison (L);139000;1;;Móvil;;;;Sí;;;;;
6105;cliente_0762@ejemplo.com;19/09/2025 13:02:11;Abierta;Recibido;Enviado;ARS;150000.0;0.0;0.0;150000.0;;;;;;;;;;Pontevedra;;Gran Buenos Aires;Argentina;Correo Argentino Clasico - Envio a domicilio;Mercado Pago;;;;19/09/2025;22/09/2025;Overall Makena (Azul, L);150000;1;;Móvil;;;;Sí;;;;;
6104;cliente_0776@ejemplo.com;19/09/2025 09:14:30;Abierta;Recibido;Enviado;ARS;213900.0;0.0;0.0;213900.0;;;;;;;;;;Avellaneda;;Gran Buenos Aires;Argentina;Punto de retiro;Mercado Pago;;;;19/09/2025;19/09/2025;Vestido Angelina (S);79900;1;;Móvil;;;;Sí;;;;;
6104;cliente_0776@ejemplo.com;;;;;;;;;;;;;;;;;;;;;;;;;;;;;;Overall Carola (S);89000;1;;;;;;Sí;;;;;
6104;cliente_0776@ejemplo.com;;;;;;;;;;;;;;;;;;;;;;;;;;;;;;Jeans Cami (M);45000;1;;;;;;Sí;;;;;
6103;cliente_0777@ejemplo.com;18/09/2025 21:22:21;Abierta;Recibido;Enviado;ARS;152000.0;0.0;0.0;152000.0;;;;;;;;;;Escalante;;Chubut;Argentina;Punto de retiro;Mercado Pago;;;;18/09/2025;19/09/2025;Overall Libi (M);152000;1;1800;Móvil;;;;Sí;;;;;
6102;cliente_0778@ejemplo.com;18/09/2025 16:12:54;Abierta;Recibido;Enviado;ARS;180000.0;0.0;0.0;180000.0;;;;;;;;;;Capital Federal;;Capital Federal;Argentina;Envio en moto CABA;Mercado Pago;;;;18/09/2025;22/09/2025;Vestido Catalina (L);95000;1;;Web;;;;Sí;;;;;
6102;cliente_0778@ejemplo.com;;;;;;;;;;;;;;;;;;;;;;;;;;;;;;Catsuit Charly negro (M);85000;1;;;;;;Sí;;;;;
6101;cliente_0779@ejemplo.com;17/09/2025 20:50:44;Abierta;Recibido;Enviado;ARS;89000.0;0.0;6671.99;95671.99;;;;;;;;;;Tres Arroyos;;Buenos Aires;Argentina;Correo Argentino Clasico - Envio a domicilio;Mercado Pago;;;;17/09/2025;18/09/2025;Overall Heidi (M);89000;1;;Móvil;;;;Sí;;;;;
6099;cliente_0780@ejemplo.com;17/09/2025 10:29:44;Abierta;Recibido;Enviado;ARS;89000.0;0.0;4588.81;93588.81;;;;;;;;;;Bariloche;;Rio Negro;Argentina;Punto de retiro;Mercado Pago;;;;17/09/2025;18/09/2025;Overall Heidi (M);89000;1;;Móvil;;;;Sí;;;;;
6098;cliente_0781@ejemplo.com;16/09/2025 11:38:09;Abierta;Recibido;Enviado;ARS;125000.0;0.0;5611.0;130611.0;;;;;;;;;;Formosa;;Formosa;Argentina;Punto de retiro;Mercado Pago;;;;16/09/2025;16/09/2025;Vestido Jackie (S);125000;1;;Móvil;;;;Sí;;;;;
6096;cliente_0782@ejemplo.com;15/09/2025 09:08:16;Abierta;Recibido;Enviado;ARS;148000.0;0.0;0.0;148000.0;;;;;;;;;;Córdoba ;;Córdoba;Argentina;Correo Argentino Clasico - Envio a domicilio;Mercado Pago;;;;15/09/2025;15/09/2025;Camisa Ivette (S);65000;1;1412;Móvil;;;;Sí;;;;;
6096;cliente_0782@ejemplo.com;;;;;;;;;;;;;;;;;;;;;;;;;;;;;;Vestido Many (S);83000;1;;;;;;Sí;;;;;
6095;cliente_0783@ejemplo.com;15/09/2025 08:16:54;Abierta;Recibido;Enviado;ARS;147000.0;0.0;0.0;147000.0;;;;;;;;;;José C Paz ;;Gran Buenos Aires;Argentina;Correo Argentino Clasico - Envio a domicilio;Mercado Pago;;;;15/09/2025;15/09/2025;Catsuit Ciro (XL);147000;1;;Móvil;;;;Sí;;;;;
6094;cliente_0784@ejemplo.com;15/09/2025 01:36:15;Abierta;Recibido;Enviado;ARS;150000.0;0.0;0.0;150000.0;;;;;;;;;;Maximo Paz - Cañuelas;;Gran Buenos Aires;Argentina;Correo Argentino Clasico - Envio a domicilio;Mercado Pago;;;;15/09/2025;15/09/2025;Vestido Serena (L);150000;1;;Móvil;;;;Sí;;;;;
6093;cliente_0785@ejemplo.com;15/09/2025 00:57:06;Abierta;Recibido;Enviado;ARS;125000.0;0.0;4242.0;129242.0;;;;;;;;;;Morón ;;Gran Buenos Aires;Argentina;Punto de retiro;Mercado Pago;;;;15/09/2025;15/09/2025;Vestido Jackie (L);125000;1;;Móvil;;;;Sí;;;;;
6092;cliente_0786@ejemplo.com;15/09/2025 00:16:04;Abierta;Recibido;Enviado;ARS;159800.0;0.0;0.0;159800.0;;;;;;;;;;Moreno;;Gran Buenos Aires;Argentina;Punto de retiro;Mercado Pago;;;;15/09/2025;15/09/2025;Vestido Nadine (S);79900;1;;Web;;;;Sí;;;;;
6092;cliente_0786@ejemplo.com;;;;;;;;;;;;;;;;;;;;;;;;;;;;;;Vestido Penelope (S);79900;1;;;;;;Sí;;;;;
6091;cliente_0787@ejemplo.com;14/09/2025 21:22:04;Abierta;Recibido;Enviado;ARS;89000.0;0.0;5839.0;94839.0;;;;;;;;;;Ushuaia;;Tierra del Fuego;Argentina;Punto de retiro;Mercado Pago;;;;14/09/2025;15/09/2025;Overall Heidi (S);89000;1;;Móvil;;;;Sí;;;;;
6090;cliente_0788@ejemplo.com;14/09/2025 17:58:42;Abierta;Recibido;Enviado;ARS;80000.0;0.0;8903.99;88903.99;;;;;;;;;;San miguel de tucumán ;;Tucumán;Argentina;Correo Argentino Clasico - Envio a domicilio;Mercado Pago;;;;16/09/2025;16/09/2025;Jeans Arlet (46);80000;1;1762;Móvil;;;;Sí;;;;;
6089;cliente_0789@ejemplo.com;14/09/2025 16:40:05;Abierta;Recibido;Enviado;ARS;99000.0;0.0;8903.99;107903.99;;;;;;;;;;Robles;;Santiago del Estero;Argentina;Correo Argentino Clasico - Envio a domicilio;Mercado Pago;;;;14/09/2025;15/09/2025;Jeans Richi (46, Azul);99000;1;;Móvil;;;;Sí;;;;;
6088;cliente_0790@ejemplo.com;14/09/2025 15:05:31;Abierta;Recibido;Enviado;ARS;89000.0;0.0;8965.99;97965.99;;;;;;;;;;Salta;;Salta;Argentina;Correo Argentino Clasico - Envio a domicilio;Mercado Pago;;;;14/09/2025;15/09/2025;Overall Heidi (M);89000;1;;Móvil;;;;Sí;;;;;
6087;cliente_0791@ejemplo.com;14/09/2025 11:45:23;Abierta;Recibido;Enviado;ARS;140000.0;0.0;0.0;140000.0;;;;;;;;;;Capital Federal;;Capital Federal;Argentina;Envio en moto CABA;Mercado Pago;;;;14/09/2025;17/09/2025;Vestido Pilcro (L);140000;1;;Móvil;;;;Sí;;;;;
6085;cliente_0792@ejemplo.com;13/09/2025 16:54:59;Abierta;Recibido;Enviado;ARS;85000.0;0.0;6934.01;91934.01;;;;;;;;;;Buenos Aires ;;Gran Buenos Aires;Argentina;Correo Argentino Clasico - Envio a domicilio;Mercado Pago;;;;13/09/2025;15/09/2025;Catsuit Fame (XL);85000;1;;Móvil;;;;Sí;;;;;
6084;cliente_0793@ejemplo.com;13/09/2025 11:24:18;Abierta;Recibido;Enviado;ARS;45000.0;0.0;8215.0;53215.0;;;;;;;;;;Cordoba;;Córdoba;Argentina;Correo Argentino Clasico - Envio a domicilio;Mercado Pago;;;;13/09/2025;15/09/2025;Jeans Cami (XL);45000;1;;Móvil;;;;Sí;;;;;
6083;cliente_0726@ejemplo.com;13/09/2025 10:40:09;Abierta;Recibido;Enviado;ARS;158900.0;0.0;0.0;158900.0;;;;;;;;;;Lomas de Zamora;;Gran Buenos Aires;Argentina;Correo Argentino Clasico - Envio a domicilio;Mercado Pago;;;;13/09/2025;15/09/2025;Vestido Nadine (L);79900;1;;Móvil;;;;Sí;;;;;
6083;cliente_0726@ejemplo.com;;;;;;;;;;;;;;;;;;;;;;;;;;;;;;Vestido Koko (L);79000;1;1662;;;;;Sí;;;;;
6082;cliente_0794@ejemplo.com;13/09/2025 10:32:31;Abierta;Recibido;Enviado;ARS;204900.0;0.0;0.0;204900.0;;;;;;;;;;Cordoba;;Córdoba;Argentina;Correo Argentino Clasico - Envio a domicilio;Mercado Pago;;;;13/09/2025;15/09/2025;Túnica Natasha (S);79900;1;;Móvil;;;;Sí;;;;;
6082;cliente_0794@ejemplo.com;;;;;;;;;;;;;;;;;;;;;;;;;;;;;;Vestido Bianca (M);125000;1;;;;;;Sí;;;;;
6081;cliente_0795@ejemplo.com;12/09/2025 21:37:07;Abierta;Recibido;Enviado;ARS;69900.0;0.0;8903.99;78803.99;;;;;;;;;;Los molles;;San Luis;Argentina;Correo Argentino Clasico - Envio a domicilio;Mercado Pago;;;;12/09/2025;15/09/2025;Vestido Valentino (M);69900;1;;Móvil;;;;Sí;;;;;
6080;cliente_0796@ejemplo.com;12/09/2025 18:53:00;Abierta;Recibido;Enviado;ARS;89000.0;0.0;10111.01;99111.01;;;;;;;;;;Ituzaingo, Udaondo, Parque Leloir;;Gran Buenos Aires;Argentina;Correo Argentino Clasico - Envio a domicilio;Mercado Pago;;;;12/09/2025;15/09/2025;Overall Carola (M);89000;1;;Móvil;;;;Sí;;;;;
6079;cliente_0797@ejemplo.com;12/09/2025 16:59:28;Abierta;Recibido;Enviado;ARS;190000.0;0.0;0.0;190000.0;;;;;;;;;;Villa de María del Río Seco ;;Córdoba;Argentina;Correo Argentino Clasico - Envio a domicilio;Mercado Pago;;;;12/09/2025;15/09/2025;Short Jackes (M, Azul);65000;1;;Móvil;;;;Sí;;;;;
6079;cliente_0797@ejemplo.com;;;;;;;;;;;;;;;;;;;;;;;;;;;;;;Vestido Zaira (Celeste, XL);125000;1;1780;;;;;Sí;;;;;
6078;cliente_0798@ejemplo.com;12/09/2025 13:05:29;Abierta;Recibido;Enviado;ARS;69900.0;0.0;8903.99;78803.99;;;;;;;;;;Chilecito. San Carlos;;Mendoza;Argentina;Correo Argentino Clasico - Envio a domicilio;Mercado Pago;;;;12/09/2025;15/09/2025;Vestido Olivia (L);69900;1;;Móvil;;;;Sí;;;;;
6077;cliente_0799@ejemplo.com;12/09/2025 10:20:45;Abierta;Recibido;Enviado;ARS;571000.0;0.0;0.0;571000.0;;;;;;;;;;José Clemente Paz ;;Gran Buenos Aires;Argentina;Correo Argentino Clasico - Envio a domicilio;Mercado Pago;;;;12/09/2025;12/09/2025;Overall Adam (L);140000;1;;Móvil;;;;Sí;;;;;
6077;cliente_0799@ejemplo.com;;;;;;;;;;;;;;;;;;;;;;;;;;;;;;Vestido Catalina (XL);95000;1;;;;;;Sí;;;;;
6077;cliente_0799@ejemplo.com;;;;;;;;;;;;;;;;;;;;;;;;;;;;;;Overall Sabrina (XL);169000;1;;;;;;Sí;;;;;
6077;cliente_0799@ejemplo.com;;;;;;;;;;;;;;;;;;;;;;;;;;;;;;Jeans Arlet (46);80000;1;1762;;;;;Sí;;;;;
6077;cliente_0799@ejemplo.com;;;;;;;;;;;;;;;;;;;;;;;;;;;;;;Vestido Valentino (L);87000;1;;;;;;Sí;;;;;
6076;cliente_0034@ejemplo.com;11/09/2025 13:03:45;Abierta;Recibido;Enviado;ARS;125000.0;0.0;8903.99;133903.99;;;;;;;;;;Cinco Saltos;;Rio Negro;Argentina;Correo Argentino Clasico - Envio a domicilio;Transferencia o depósito bancario;;;;11/09/2025;12/09/2025;Overall Milo (S);125000;1;;Móvil;;;;Sí;;;;;
6075;cliente_0800@ejemplo.com;11/09/2025 11:00:54;Abierta;Recibido;Enviado;ARS;130000.0;0.0;0.0;130000.0;;;;;;;;;;Miramar;;Buenos Aires;Argentina;Correo Argentino Clasico - Envio a domicilio;Mercado Pago;;;;11/09/2025;12/09/2025;Vestido Koko (L);130000;1;1662;Móvil;;;;Sí;;;;;
6074;cliente_0801@ejemplo.com;11/09/2025 05:32:23;Abierta;Recibido;Enviado;ARS;70000.0;0.0;7560.0;77560.0;;;;;;;;;;Lomas de Zamora;;Gran Buenos Aires;Argentina;Correo Argentino Clasico - Envio a domicilio;Transferencia o depósito bancario;;;;11/09/2025;11/09/2025;VESTIDO MARION 1006 20/02 (M);40000;1;;Móvil;;;;Sí;;;;;
6074;cliente_0801@ejemplo.com;;;;;;;;;;;;;;;;;;;;;;;;;;;;;;MINI FALDA STELLA 1059 50/03 (M);30000;1;;;;;;Sí;;;;;
6073;cliente_0802@ejemplo.com;10/09/2025 18:27:29;Abierta;Recibido;Enviado;ARS;40000.0;0.0;4242.0;44242.0;;;;;;;;;;Capital Federal;;Capital Federal;Argentina;Punto de retiro;Mercado Pago;;;;10/09/2025;11/09/2025;Blazer Carel 1122 40/02 (M);40000;1;;Móvil;;;;Sí;;;;;
6072;cliente_0803@ejemplo.com;10/09/2025 15:02:39;Abierta;Recibido;Enviado;ARS;120000.0;0.0;5959.0;125959.0;;;;;;;;;;Tigre;;Gran Buenos Aires;Argentina;Punto de retiro;Mercado Pago;;;;10/09/2025;11/09/2025;Vestido Rachel (M);120000;1;;Móvil;;;;Sí;;;;;
6071;cliente_0804@ejemplo.com;10/09/2025 11:19:47;Abierta;Recibido;Enviado;ARS;80000.0;0.0;7560.0;87560.0;;;;;;;;;;Almirante Brown;;Gran Buenos Aires;Argentina;Correo Argentino Clasico - Envio a domicilio;Mercado Pago;;;;10/09/2025;10/09/2025;CATSUIT FELIX 1106 10/02 (S);40000;1;;Móvil;;;;Sí;;;;;
6071;cliente_0804@ejemplo.com;;;;;;;;;;;;;;;;;;;;;;;;;;;;;;CATSUIT ROSIER 1066 10/03 (S);40000;1;;;;;;Sí;;;;;
6070;cliente_0188@ejemplo.com;10/09/2025 08:22:40;Abierta;Recibido;Enviado;ARS;30000.0;0.0;5146.0;35146.0;;;;;;;;;;Paraná;;Entre Ríos;Argentina;Punto de retiro;Mercado Pago;;;;10/09/2025;10/09/2025;CAMISA IVETTE 1120 40/04 (M);30000;1;;Móvil;;;;Sí;;;;;
6069;cliente_0805@ejemplo.com;10/09/2025 00:44:35;Abierta;Recibido;Enviado;ARS;40000.0;0.0;6934.01;46934.01;;;;;;;;;;Capital Federal;;Capital Federal;Argentina;Correo Argentino Clasico - Envio a domicilio;Mercado Pago;;;;10/09/2025;10/09/2025;Blazer Carel 1123 40/02 (M);40000;1;;Móvil;;;;Sí;;;;;
6068;cliente_0806@ejemplo.com;10/09/2025 00:03:33;Abierta;Recibido;Enviado;ARS;40000.0;0.0;8215.0;48215.0;;;;;;;;;;La Plata ;;Buenos Aires;Argentina;Correo Argentino Clasico - Envio a domicilio;Mercado Pago;;;;10/09/2025;10/09/2025;VESTIDO FRANCESCA 1155 20/02 (L);40000;1;;Móvil;;;;Sí;;;;;
6067;cliente_0807@ejemplo.com;09/09/2025 20:51:58;Abierta;Recibido;Enviado;ARS;40000.0;0.0;8215.0;48215.0;;;;;;;;;;Santa Rosa de Río 1 ( Cba );;Córdoba;Argentina;Correo Argentino Clasico - Envio a domicilio;Mercado Pago;;;;09/09/2025;10/09/2025;VESTIDO OFELIA 1152 20/03 (M);40000;1;;Móvil;;;;Sí;;;;;
6066;cliente_0166@ejemplo.com;09/09/2025 20:50:16;Abierta;Recibido;Enviado;ARS;40000.0;0.0;6934.01;46934.01;;;;;;;;;;Capital Federal;;Capital Federal;Argentina;Correo Argentino Clasico - Envio a domicilio;Mercado Pago;;;;09/09/2025;10/09/2025;VESTIDO MORA 1055 20/02 (S);40000;1;;Móvil;;;;Sí;;;;;
6065;cliente_0808@ejemplo.com;09/09/2025 16:42:05;Abierta;Recibido;Enviado;ARS;125000.0;0.0;6934.01;131934.01;;;;;;;;;;Rincón de milberg tigre ;;Gran Buenos Aires;Argentina;Correo Argentino Clasico - Envio a domicilio;Mercado Pago;;;;09/09/2025;10/09/2025;Vestido Jackie (M);125000;1;;Móvil;;;;Sí;;;;;
6064;cliente_0809@ejemplo.com;09/09/2025 16:07:09;Abierta;Recibido;Enviado;ARS;80000.0;0.0;7560.0;87560.0;;;;;;;;;;Buenos Aires ;;Gran Buenos Aires;Argentina;Correo Argentino Clasico - Envio a domicilio;Mercado Pago;;;;09/09/2025;10/09/2025;CATSUIT FELIX 1099 10/03 (S);40000;1;;Web;;;;Sí;;;;;
6064;cliente_0809@ejemplo.com;;;;;;;;;;;;;;;;;;;;;;;;;;;;;;OVERALL MILO 1084 10/02 (M);40000;1;;;;;;Sí;;;;;
6063;cliente_0810@ejemplo.com;09/09/2025 15:40:36;Abierta;Recibido;Enviado;ARS;65000.0;0.0;10111.01;75111.01;;;;;;;;;;Capital Federal;;Capital Federal;Argentina;Correo Argentino Clasico - Envio a domicilio;Mercado Pago;;;;09/09/2025;10/09/2025;Jeans Enzo (40);65000;1;1748;Móvil;;;;Sí;;;;;
6062;cliente_0811@ejemplo.com;08/09/2025 10:31:01;Abierta;Recibido;Enviado;ARS;139000.0;0.0;0.0;139000.0;;;;;;;;;;Resistencia ;;Chaco;Argentina;Correo Argentino Clasico - Envio a domicilio;Mercado Pago;;;;08/09/2025;09/09/2025;Vestido Madison (S);139000;1;;Móvil;;;;Sí;;;;;
6061;cliente_0812@ejemplo.com;07/09/2025 20:08:22;Abierta;Recibido;Enviado;ARS;139000.0;0.0;0.0;139000.0;;;;;;;;;;Cordoba;;Córdoba;Argentina;Correo Argentino Clasico - Envio a domicilio;Mercado Pago;;;;07/09/2025;09/09/2025;Vestido Madison (M);139000;1;;Móvil;;;;Sí;;;;;
6060;cliente_0813@ejemplo.com;07/09/2025 17:58:14;Abierta;Recibido;Enviado;ARS;85000.0;0.0;6934.01;91934.01;;;;;;;;;;Capital Federal;;Capital Federal;Argentina;Correo Argentino Clasico - Envio a domicilio;Mercado Pago;;;;07/09/2025;09/09/2025;Catsuit Charly negro (S);85000;1;;Móvil;;;;Sí;;;;;
6059;cliente_0814@ejemplo.com;07/09/2025 13:38:49;Abierta;Recibido;Enviado;ARS;140000.0;0.0;0.0;140000.0;;;;;;;;;;La Matanza;;Gran Buenos Aires;Argentina;Punto de retiro;Mercado Pago;;;;07/09/2025;09/09/2025;CAMPERA XUXA 1115 40/04 (L);100000;1;;Móvil;;;;Sí;;;;;
6059;cliente_0814@ejemplo.com;;;;;;;;;;;;;;;;;;;;;;;;;;;;;;MINI FALDA STELLA 1062 50/02 (XL);40000;1;;;;;;Sí;;;;;
6057;cliente_0815@ejemplo.com;07/09/2025 09:46:13;Abierta;Recibido;Enviado;ARS;60000.0;0.0;6934.01;66934.01;;;;;;;;;;Ssn Isidro;;Gran Buenos Aires;Argentina;Correo Argentino Clasico - Envio a domicilio;Mercado Pago;;;;07/09/2025;09/09/2025;Blazer Carel 1128 40/03 (XL);60000;1;;Móvil;;;;Sí;;;;;
6056;cliente_0816@ejemplo.com;06/09/2025 20:05:20;Abierta;Recibido;Enviado;ARS;50000.0;0.0;6934.01;56934.01;;;;;;;;;;Quilmes;;Gran Buenos Aires;Argentina;Correo Argentino Clasico - Envio a domicilio;Mercado Pago;;;;06/09/2025;09/09/2025;VESTIDO MORA 1050 20/02 (XL);50000;1;;Móvil;;;;Sí;;;;;
6055;cliente_0817@ejemplo.com;06/09/2025 18:10:13;Abierta;Recibido;Enviado;ARS;50000.0;0.0;4242.0;54242.0;;;;;;;;;;Capital Federal;;Capital Federal;Argentina;Punto de retiro;Mercado Pago;;;;06/09/2025;09/09/2025;CATSUIT FELIX 1107 10/04 (S);50000;1;;Móvil;;;;Sí;;;;;
6054;cliente_0120@ejemplo.com;06/09/2025 15:33:55;Abierta;Recibido;Enviado;ARS;152000.0;0.0;0.0;152000.0;;;;;;;;;;Nordeste tigre ;;Gran Buenos Aires;Argentina;Correo Argentino Clasico - Envio a domicilio;Mercado Pago;;;;06/09/2025;09/09/2025;Overall Libi (M);152000;1;1800;Móvil;;;;Sí;;;;;
6052;cliente_0459@ejemplo.com;06/09/2025 14:19:40;Abierta;Recibido;Enviado;ARS;110000.0;0.0;5965.0;115965.0;;;;;;;;;;Paraná;;Entre Ríos;Argentina;Punto de retiro;Transferencia o depósito bancario;;;;08/09/2025;09/09/2025;Vestido New Magnolia (S);45000;1;;Móvil;;;;Sí;;;;;
6052;cliente_0459@ejemplo.com;;;;;;;;;;;;;;;;;;;;;;;;;;;;;;OVERALL VENUS 1112 10/03 (M);65000;1;;;;;;Sí;;;;;
6051;cliente_0818@ejemplo.com;06/09/2025 13:40:56;Abierta;Recibido;Enviado;ARS;105000.0;0.0;8444.0;113444.0;;;;;;;;;;Córdoba Capital ;;Córdoba;Argentina;Correo Argentino Clasico - Envio a domicilio;Mercado Pago;;;;06/09/2025;09/09/2025;CATSUIT FELIX 1094 10/02 (S);60000;1;;Móvil;;;;Sí;;;;;
6051;cliente_0818@ejemplo.com;;;;;;;;;;;;;;;;;;;;;;;;;;;;;;VESTIDO FRANCESCA 1034 20/03 (S);45000;1;;;;;;Sí;;;;;
6049;cliente_0819@ejemplo.com;06/09/2025 13:14:38;Abierta;Recibido;Enviado;ARS;89000.0;0.0;6934.01;95934.01;;;;;;;;;;Capital Federal;;Capital Federal;Argentina;Correo Argentino Clasico - Envio a domicilio;Mercado Pago;;;;06/09/2025;09/09/2025;Vestido Marion (L);89000;1;;Móvil;;;;Sí;;;;;
6048;cliente_0820@ejemplo.com;05/09/2025 19:43:49;Abierta;Recibido;Enviado;ARS;50000.0;0.0;4242.0;54242.0;;;;;;;;;;Capital Federal;;Capital Federal;Argentina;Punto de retiro;Mercado Pago;;;;05/09/2025;09/09/2025;VESTIDO MORA 1053 20/02 (M);50000;1;;Móvil;;;;Sí;;;;;
6047;cliente_0252@ejemplo.com;05/09/2025 16:41:43;Abierta;Recibido;Enviado;ARS;50000.0;0.0;4242.0;54242.0;;;;;;;;;;Almirante Brown;;Gran Buenos Aires;Argentina;Punto de retiro;Mercado Pago;;;;05/09/2025;09/09/2025;VESTIDO FINI 1042 20/02 (L);50000;1;;Móvil;;;;Sí;;;;;
6046;cliente_0821@ejemplo.com;05/09/2025 15:51:16;Abierta;Recibido;Enviado;ARS;40000.0;0.0;5146.0;45146.0;;;;;;;;;;Paraná;;Entre Ríos;Argentina;Punto de retiro;Mercado Pago;;;;05/09/2025;09/09/2025;VESTIDO MORA 1052 20/02 (XL);40000;1;;Móvil;;;;Sí;;;;;
6045;cliente_0649@ejemplo.com;04/09/2025 23:33:35;Abierta;Recibido;Enviado;ARS;35000.0;0.0;5611.0;40611.0;;;;;;;;;;San Fernando;;Chaco;Argentina;Punto de retiro;Mercado Pago;;;;04/09/2025;05/09/2025;MINI FALDA STELLA 1057 50/02 (M);35000;1;;Móvil;;;;Sí;;;;;
6044;cliente_0822@ejemplo.com;04/09/2025 21:22:00;Abierta;Recibido;Enviado;ARS;90000.0;0.0;4242.0;94242.0;;;;;;;;;;Capital Federal;;Capital Federal;Argentina;Punto de retiro;Mercado Pago;;;;05/09/2025;05/09/2025;Overall Eiffel (L);90000;1;;Móvil;;;;Sí;;;;;
6043;cliente_0252@ejemplo.com;04/09/2025 20:52:03;Abierta;Recibido;Enviado;ARS;50000.0;0.0;4242.0;54242.0;;;;;;;;;;Almirante Brown;;Gran Buenos Aires;Argentina;Punto de retiro;Mercado Pago;;;;04/09/2025;05/09/2025;VESTIDO MORA 1051 20/02 (L);50000;1;;Móvil;;;;Sí;;;;;
6042;cliente_0247@ejemplo.com;04/09/2025 18:23:37;Abierta;Recibido;Enviado;ARS;148000.0;0.0;0.0;148000.0;;;;;;;;;;Cordoba Capital;;Córdoba;Argentina;Correo Argentino Clasico - Envio a domicilio;Mercado Pago;;;;04/09/2025;05/09/2025;VESTIDO OFELIA 1153 20/02 (L);60000;1;;Móvil;;;;Sí;;;;;
6042;cliente_0247@ejemplo.com;;;;;;;;;;;;;;;;;;;;;;;;;;;;;;CATSUIT FELIX 1089 10/03 (XL);48000;1;;;;;;Sí;;;;;
6042;cliente_0247@ejemplo.com;;;;;;;;;;;;;;;;;;;;;;;;;;;;;;VESTIDO MORA 1047 20/02 (L);40000;1;;;;;;Sí;;;;;
6041;cliente_0823@ejemplo.com;04/09/2025 16:40:46;Abierta;Recibido;Enviado;ARS;195000.0;0.0;0.0;195000.0;;;;;;;;;;San Isidro;;Gran Buenos Aires;Argentina;Punto de retiro;Mercado Pago;;;;04/09/2025;05/09/2025;Vestido Catalina (XL);95000;1;;Móvil;;;;Sí;;;;;
6041;cliente_0823@ejemplo.com;;;;;;;;;;;;;;;;;;;;;;;;;;;;;;VESTIDO FRANCESCA 1035 20/02 (L);50000;1;;;;;;Sí;;;;;
6041;cliente_0823@ejemplo.com;;;;;;;;;;;;;;;;;;;;;;;;;;;;;;VESTIDO FINI 1038 20/03 (L);50000;1;;;;;;Sí;;;;;
6040;cliente_0824@ejemplo.com;04/09/2025 14:44:59;Abierta;Recibido;Enviado;ARS;95000.0;0.0;10111.01;105111.01;;;;;;;;;;Capital Federal;;Capital Federal;Argentina;Correo Argentino Clasico - Envio a domicilio;Efectivo (solo válido con la opción de retirar en el local);;;;05/09/2025;05/09/2025;Overall Carola (L);95000;1;;Móvil;;;;Sí;;;;;
6039;cliente_0825@ejemplo.com;04/09/2025 10:52:11;Abierta;Recibido;Enviado;ARS;100000.0;0.0;8215.0;108215.0;;;;;;;;;;Santa Rosa de Rio Primero;;Córdoba;Argentina;Correo Argentino Clasico - Envio a domicilio;Mercado Pago;;;;04/09/2025;04/09/2025;CAMPERA XUXA 1118 40/03 (L);100000;1;;Móvil;;;;Sí;;;;;
6038;cliente_0826@ejemplo.com;04/09/2025 08:51:23;Abierta;Recibido;Enviado;ARS;70000.0;0.0;6934.01;76934.01;;;;;;;;;;Florida oeste ;;Gran Buenos Aires;Argentina;Correo Argentino Clasico - Envio a domicilio;Mercado Pago;;;;04/09/2025;04/09/2025;OVERALL VENUS 1113 10/02 (L);70000;1;;Móvil;;;;Sí;;;;;
6037;cliente_0822@ejemplo.com;04/09/2025 01:00:36;Abierta;Recibido;Enviado;ARS;40000.0;0.0;6934.01;46934.01;;;;;;;;;;Capital Federal;;Capital Federal;Argentina;Correo Argentino Clasico - Envio a domicilio;Mercado Pago;;;;04/09/2025;05/09/2025;VESTIDO SELENE 1046 20/03 (M);40000;1;;Móvil;;;;Sí;;;;;
6035;cliente_0170@ejemplo.com;03/09/2025 22:56:08;Abierta;Recibido;Enviado;ARS;60000.0;0.0;4242.0;64242.0;;;;;;;;;;Escobar;;Gran Buenos Aires;Argentina;Punto de retiro;Mercado Pago;;;;03/09/2025;04/09/2025;VESTIDO KOKO 1019 20/02 (S);60000;1;;Móvil;;;;Sí;;;;;
6034;cliente_0827@ejemplo.com;03/09/2025 19:39:46;Abierta;Recibido;Enviado;ARS;60000.0;0.0;6934.01;66934.01;;;;;;;;;;Tigre;;Gran Buenos Aires;Argentina;Correo Argentino Clasico - Envio a domicilio;Mercado Pago;;;;03/09/2025;04/09/2025;OVERALL MILO 1087 10/01 (L);60000;1;;Móvil;;;;Sí;;;;;
6033;cliente_0828@ejemplo.com;03/09/2025 19:31:12;Abierta;Recibido;Enviado;ARS;160000.0;0.0;0.0;160000.0;;;;;;;;;;Puerto Madryn;;Chubut;Argentina;Correo Argentino Clasico - Envio a domicilio;Mercado Pago;;;;03/09/2025;04/09/2025;CATSUIT FELIX 1091 10/01 (L);60000;1;;Móvil;;;;Sí;;;;;
6033;cliente_0828@ejemplo.com;;;;;;;;;;;;;;;;;;;;;;;;;;;;;;VESTIDO KOKO 1014 20/03 (XL);55000;1;;;;;;Sí;;;;;
6033;cliente_0828@ejemplo.com;;;;;;;;;;;;;;;;;;;;;;;;;;;;;;VESTIDO FINI 1040 20/03 (L);45000;1;;;;;;Sí;;;;;
6032;cliente_0316@ejemplo.com;03/09/2025 17:40:53;Abierta;Recibido;Enviado;ARS;125000.0;0.0;8903.99;133903.99;;;;;;;;;;Luzuriaga, Maipú;;Mendoza;Argentina;Correo Argentino Clasico - Envio a domicilio;Mercado Pago;;;;03/09/2025;04/09/2025;Vestido Zaira (Azul, M);125000;1;1780;Móvil;;;;Sí;;;;;
6031;cliente_0166@ejemplo.com;03/09/2025 17:18:29;Abierta;Recibido;Enviado;ARS;65000.0;0.0;6934.01;71934.01;;;;;;;;;;Capital Federal;;Capital Federal;Argentina;Correo Argentino Clasico - Envio a domicilio;Mercado Pago;;;;03/09/2025;04/09/2025;VESTIDO ORNELLA 1003 20/02 (S);65000;1;;Móvil;;;;Sí;;;;;
6030;cliente_0829@ejemplo.com;03/09/2025 16:46:13;Abierta;Recibido;Enviado;ARS;95000.0;0.0;5965.0;100965.0;;;;;;;;;;La Plata;;Buenos Aires;Argentina;Punto de retiro;Transferencia o depósito bancario;;;;03/09/2025;04/09/2025;CATSUIT FELIX 1090 10/03 (XL);45000;1;;Móvil;;;;Sí;;;;;
6030;cliente_0829@ejemplo.com;;;;;;;;;;;;;;;;;;;;;;;;;;;;;;OVERALL MILO 1085 10/02 (L);50000;1;;;;;;Sí;;;;;
6029;cliente_0830@ejemplo.com;03/09/2025 16:33:08;Abierta;Recibido;Enviado;ARS;110000.0;0.0;4509.0;114509.0;;;;;;;;;;Hurlingham;;Gran Buenos Aires;Argentina;Punto de retiro;Mercado Pago;;;;03/09/2025;04/09/2025;OVERALL LIBI 1111 10/02 (M);65000;1;;Móvil;;;;Sí;;;;;
6029;cliente_0830@ejemplo.com;;;;;;;;;;;;;;;;;;;;;;;;;;;;;;VESTIDO MARILYN 1029 20/03 (S);45000;1;;;;;;Sí;;;;;
6028;cliente_0831@ejemplo.com;03/09/2025 14:15:58;Abierta;Recibido;Enviado;ARS;45000.0;0.0;6934.01;51934.01;;;;;;;;;;San Miguel ;;Gran Buenos Aires;Argentina;Correo Argentino Clasico - Envio a domicilio;Mercado Pago;;;;03/09/2025;04/09/2025;VESTIDO FINI 1039 20/03 (L);45000;1;;Móvil;;;;Sí;;;;;
6027;cliente_0162@ejemplo.com;03/09/2025 13:47:53;Abierta;Recibido;Enviado;ARS;119000.0;0.0;4242.0;123242.0;;;;;;;;;;La Matanza;;Gran Buenos Aires;Argentina;Punto de retiro;Mercado Pago;;;;03/09/2025;04/09/2025;Vestido Francesca (L);119000;1;;Móvil;;;;Sí;;;;;
6026;cliente_0832@ejemplo.com;03/09/2025 11:28:27;Abierta;Recibido;Enviado;ARS;45000.0;0.0;4242.0;49242.0;;;;;;;;;;Tigre;;Gran Buenos Aires;Argentina;Punto de retiro;Mercado Pago;;;;03/09/2025;04/09/2025;CATSUIT FELIX 1092 10/03 (M);45000;1;;Web;;;;Sí;;;;;
6025;cliente_0830@ejemplo.com;03/09/2025 03:04:32;Abierta;Recibido;Enviado;ARS;124000.0;0.0;4509.0;128509.0;;;;;;;;;;Hurlingham;;Gran Buenos Aires;Argentina;Punto de retiro;Mercado Pago;;;;03/09/2025;04/09/2025;Vestido Angelina (L);79000;1;;Móvil;;;;Sí;;;;;
6025;cliente_0830@ejemplo.com;;;;;;;;;;;;;;;;;;;;;;;;;;;;;;VESTIDO ULA 1020 20/02 (M);45000;1;;;;;;Sí;;;;;
6024;cliente_0332@ejemplo.com;03/09/2025 01:26:08;Abierta;Recibido;Enviado;ARS;35000.0;0.0;8215.0;43215.0;;;;;;;;;;Rosario;;Santa Fe;Argentina;Correo Argentino Clasico - Envio a domicilio;Mercado Pago;;;;03/09/2025;04/09/2025;VESTIDO MORA 1049 20/03 (XL);35000;1;;Móvil;;;;Sí;;;;;
6023;cliente_0120@ejemplo.com;03/09/2025 00:09:39;Abierta;Recibido;Enviado;ARS;152000.0;0.0;0.0;152000.0;;;;;;;;;;Nordelta tigre ;;Gran Buenos Aires;Argentina;Correo Argentino Clasico - Envio a domicilio;Mercado Pago;;;;03/09/2025;04/09/2025;Overall Libi (S);152000;1;1800;Móvil;;;;Sí;;;;;
6022;cliente_0833@ejemplo.com;02/09/2025 23:03:46;Abierta;Recibido;Enviado;ARS;130000.0;0.0;0.0;130000.0;;;;;;;;;;Río Grande;;Tierra del Fuego;Argentina;Punto de retiro;Mercado Pago;;;;02/09/2025;04/09/2025;Catsuit Felix (L);130000;1;;Móvil;;;;Sí;;;;;
6021;cliente_0834@ejemplo.com;02/09/2025 21:30:47;Abierta;Recibido;Enviado;ARS;60000.0;0.0;4242.0;64242.0;;;;;;;;;;San Isidro;;Gran Buenos Aires;Argentina;Punto de retiro;Mercado Pago;;;;02/09/2025;04/09/2025;CATSUIT FELIX 1097 10/03 (L);60000;1;;Móvil;;;;Sí;;;;;
6020;cliente_0748@ejemplo.com;02/09/2025 17:35:47;Abierta;Recibido;Enviado;ARS;50000.0;0.0;6934.01;56934.01;;;;;;;;;;Tigre ;;Gran Buenos Aires;Argentina;Correo Argentino Clasico - Envio a domicilio;Mercado Pago;;;;02/09/2025;04/09/2025;VESTIDO MARILYN 1026 20/02 (S);50000;1;;Móvil;;;;Sí;;;;;
6019;cliente_0835@ejemplo.com;02/09/2025 14:46:37;Abierta;Recibido;Enviado;ARS;45000.0;0.0;4242.0;49242.0;;;;;;;;;;Capital Federal;;Capital Federal;Argentina;Punto de retiro;Mercado Pago;;;;02/09/2025;04/09/2025;OVERALL HEIDI 1069 10/03 (M);45000;1;;Móvil;;;;Sí;;;;;
6018;cliente_0234@ejemplo.com;02/09/2025 13:22:12;Abierta;Recibido;Enviado;ARS;60000.0;0.0;5146.0;65146.0;;;;;;;;;;La Plata;;Buenos Aires;Argentina;Punto de retiro;Mercado Pago;;;;02/09/2025;04/09/2025;CATSUIT SENA 1075 10/03 (XL);60000;1;;Móvil;;;;Sí;;;;;
6017;cliente_0247@ejemplo.com;02/09/2025 12:42:53;Abierta;Recibido;Enviado;ARS;145000.0;0.0;0.0;145000.0;;;;;;;;;;Cordoba Capital;;Córdoba;Argentina;Correo Argentino Clasico - Envio a domicilio;Mercado Pago;;;;02/09/2025;04/09/2025;VESTIDO MARILYN 1028 20/03 (XL);45000;1;;Móvil;;;;Sí;;;;;
6017;cliente_0247@ejemplo.com;;;;;;;;;;;;;;;;;;;;;;;;;;;;;;VESTIDO FINI 1045 20/02 (XL);45000;1;;;;;;Sí;;;;;
6017;cliente_0247@ejemplo.com;;;;;;;;;;;;;;;;;;;;;;;;;;;;;;VESTIDO MARILYN 1024 20/02 (XL);55000;1;;;;;;Sí;;;;;
6016;cliente_0511@ejemplo.com;02/09/2025 12:06:15;Abierta;Recibido;Enviado;ARS;45000.0;0.0;4242.0;49242.0;;;;;;;;;;Malvinas Argentinas;;Gran Buenos Aires;Argentina;Punto de retiro;Mercado Pago;;;;02/09/2025;02/09/2025;OVERALL EIFFEL 1065 10/03 (L);45000;1;;Móvil;;;;Sí;;;;;
6015;cliente_0608@ejemplo.com;02/09/2025 11:54:50;Abierta;Recibido;Enviado;ARS;71000.0;0.0;7560.0;78560.0;;;;;;;;;;Beccar;;Gran Buenos Aires;Argentina;Correo Argentino Clasico - Envio a domicilio;Mercado Pago;;;;02/09/2025;02/09/2025;MINI FALDA STELLA 1061 50/02 (M);28000;1;;Móvil;;;;Sí;;;;;
6015;cliente_0608@ejemplo.com;;;;;;;;;;;;;;;;;;;;;;;;;;;;;;VESTIDO FRANCESCA 1032 20/03 (M);43000;1;;;;;;Sí;;;;;
6014;cliente_0836@ejemplo.com;02/09/2025 11:43:39;Abierta;Recibido;Enviado;ARS;50000.0;0.0;4242.0;54242.0;;;;;;;;;;Pilar;;Gran Buenos Aires;Argentina;Punto de retiro;Mercado Pago;;;;02/09/2025;02/09/2025;VESTIDO FINI 1044 20/02 (XL);50000;1;;Móvil;;;;Sí;;;;;
6013;cliente_0837@ejemplo.com;02/09/2025 09:05:10;Abierta;Recibido;Enviado;ARS;145000.0;0.0;0.0;145000.0;;;;;;;;;;Capital Federal;;Capital Federal;Argentina;Envio en moto CABA;Mercado Pago;;;;02/09/2025;02/09/2025;CATSUIT FELIX 1098 10/03 (L);55000;1;;Móvil;;;;Sí;;;;;
6013;cliente_0837@ejemplo.com;;;;;;;;;;;;;;;;;;;;;;;;;;;;;;CATSUIT CIRO 1078 10/04 (L);50000;1;;;;;;Sí;;;;;
6013;cliente_0837@ejemplo.com;;;;;;;;;;;;;;;;;;;;;;;;;;;;;;VESTIDO CATALINA 1023 20/03 (M);40000;1;;;;;;Sí;;;;;
6012;cliente_0838@ejemplo.com;02/09/2025 08:45:56;Abierta;Recibido;Enviado;ARS;45000.0;0.0;5839.0;50839.0;;;;;;;;;;Escalante;;Chubut;Argentina;Punto de retiro;Mercado Pago;;;;02/09/2025;02/09/2025;VESTIDO CATALINA 1022 20/02 (M);45000;1;;Móvil;;;;Sí;;;;;
6011;cliente_0839@ejemplo.com;02/09/2025 07:38:15;Abierta;Recibido;Enviado;ARS;100000.0;0.0;4509.0;104509.0;;;;;;;;;;Vicente López;;Gran Buenos Aires;Argentina;Punto de retiro;Mercado Pago;;;;02/09/2025;02/09/2025;CATSUIT CIRO 1080 10/02 (M);50000;1;;Móvil;;;;Sí;;;;;
6011;cliente_0839@ejemplo.com;;;;;;;;;;;;;;;;;;;;;;;;;;;;;;OVERALL MILO 1086 10/04 (S);50000;1;;;;;;Sí;;;;;
6010;cliente_0840@ejemplo.com;02/09/2025 07:33:01;Abierta;Recibido;Enviado;ARS;45000.0;0.0;4242.0;49242.0;;;;;;;;;;Capital Federal;;Capital Federal;Argentina;Punto de retiro;Mercado Pago;;;;02/09/2025;02/09/2025;OVERALL HEIDI 1068 10/02 (L);45000;1;;Móvil;;;;Sí;;;;;
6009;cliente_0841@ejemplo.com;02/09/2025 07:22:04;Abierta;Recibido;Enviado;ARS;198000.0;0.0;0.0;198000.0;;;;;;;;;;Alpachiri La Pampa ;;La Pampa;Argentina;Correo Argentino Clasico - Envio a domicilio;Mercado Pago;;;;02/09/2025;02/09/2025;Vestido Marilyn (S);128000;1;;Móvil;;;;Sí;;;;;
6009;cliente_0841@ejemplo.com;;;;;;;;;;;;;;;;;;;;;;;;;;;;;;Mini Falda Stella (M);70000;1;;;;;;Sí;;;;;
6008;cliente_0842@ejemplo.com;02/09/2025 07:20:30;Abierta;Recibido;Enviado;ARS;50000.0;0.0;5839.0;55839.0;;;;;;;;;;Capital;;Salta;Argentina;Punto de retiro;Mercado Pago;;;;02/09/2025;02/09/2025;VESTIDO CATALINA 1021 20/02 (XL);50000;1;;Móvil;;;;Sí;;;;;
6007;cliente_0843@ejemplo.com;02/09/2025 02:12:25;Abierta;Recibido;Enviado;ARS;65000.0;0.0;5146.0;70146.0;;;;;;;;;;Juarez Celman;;Córdoba;Argentina;Punto de retiro;Mercado Pago;;;;02/09/2025;02/09/2025;VESTIDO KOKO 1013 20/03 (XL);65000;1;;Móvil;;;;Sí;;;;;
6006;cliente_0844@ejemplo.com;02/09/2025 01:56:54;Abierta;Recibido;Enviado;ARS;83000.0;0.0;10186.0;93186.0;;;;;;;;;;Capital;;Córdoba;Argentina;Punto de retiro;Mercado Pago;;;;02/09/2025;02/09/2025;Vestido Many (S);83000;1;;Móvil;;;;Sí;;;;;
6005;cliente_0845@ejemplo.com;02/09/2025 00:25:47;Abierta;Recibido;Enviado;ARS;50000.0;0.0;6934.01;56934.01;;;;;;;;;;Pilar del este;;Gran Buenos Aires;Argentina;Correo Argentino Clasico - Envio a domicilio;Mercado Pago;;;;02/09/2025;02/09/2025;VESTIDO FRANCESCA 1154 20/03 (M);50000;1;;Móvil;;;;Sí;;;;;
6004;cliente_0846@ejemplo.com;01/09/2025 22:45:54;Abierta;Recibido;Enviado;ARS;60000.0;0.0;6934.01;66934.01;;;;;;;;;;Capital Federal;;Capital Federal;Argentina;Correo Argentino Clasico - Envio a domicilio;Transferencia o depósito bancario;;;;02/09/2025;02/09/2025;OVERALL HEIDI 1070 10/04 (M);60000;1;;Móvil;;;;Sí;;;;;
6003;cliente_0739@ejemplo.com;01/09/2025 22:16:30;Abierta;Recibido;Enviado;ARS;60000.0;0.0;6934.01;66934.01;;;;;;;;;;Esteban Echeverria;;Gran Buenos Aires;Argentina;Correo Argentino Clasico - Envio a domicilio;Mercado Pago;;;;01/09/2025;02/09/2025;CATSUIT FELIX 1095 10/02 (S);60000;1;;Móvil;;;;Sí;;;;;
6002;cliente_0847@ejemplo.com;01/09/2025 19:56:39;Abierta;Recibido;Enviado;ARS;90000.0;0.0;5965.0;95965.0;;;;;;;;;;Sierra De La Ventana;;Buenos Aires;Argentina;Punto de retiro;Mercado Pago;;;;01/09/2025;02/09/2025;VESTIDO VALENTINO 1010 20/02 (L);40000;1;;Móvil;;;;Sí;;;;;
6002;cliente_0847@ejemplo.com;;;;;;;;;;;;;;;;;;;;;;;;;;;;;;CATSUIT CIRO 1077 10/02 (XL);50000;1;;;;;;Sí;;;;;
6001;cliente_0848@ejemplo.com;01/09/2025 19:24:48;Abierta;Recibido;Enviado;ARS;65000.0;0.0;4242.0;69242.0;;;;;;;;;;Lanus;;Gran Buenos Aires;Argentina;Punto de retiro;Mercado Pago;;;;01/09/2025;02/09/2025;VESTIDO ORNELLA 1002 20/02 (L);65000;1;;Móvil;;;;Sí;;;;;
6000;cliente_0848@ejemplo.com;01/09/2025 18:30:17;Abierta;Recibido;Enviado;ARS;85000.0;0.0;4509.0;89509.0;;;;;;;;;;Lanus;;Gran Buenos Aires;Argentina;Punto de retiro;Mercado Pago;;;;01/09/2025;02/09/2025;OVERALL MILO 1083 10/03 (L);45000;1;;Móvil;;;;Sí;;;;;
6000;cliente_0848@ejemplo.com;;;;;;;;;;;;;;;;;;;;;;;;;;;;;;OVERALL CAROLA 1081 10/02 (XL);40000;1;;;;;;Sí;;;;;
5999;cliente_0849@ejemplo.com;01/09/2025 18:07:00;Abierta;Recibido;Enviado;ARS;115000.0;0.0;7560.0;122560.0;;;;;;;;;;Capital Federal;;Capital Federal;Argentina;Correo Argentino Clasico - Envio a domicilio;Mercado Pago;;;;01/09/2025;02/09/2025;VESTIDO ORNELLA 1001 20/02 (XL);65000;1;;Móvil;;;;Sí;;;;;
5999;cliente_0849@ejemplo.com;;;;;;;;;;;;;;;;;;;;;;;;;;;;;;CATSUIT FELIX 1109 10/02 (XL);50000;1;;;;;;Sí;;;;;
5998;cliente_0850@ejemplo.com;01/09/2025 17:23:36;Abierta;Recibido;Enviado;ARS;125000.0;0.0;23188.0;148188.0;;;;;;;;;;Capital;;Salta;Argentina;Punto de retiro;Mercado Pago;;;;01/09/2025;02/09/2025;CATSUIT SENA 1074 10/02 (M);60000;1;;Móvil;;;;Sí;;;;;
5998;cliente_0850@ejemplo.com;;;;;;;;;;;;;;;;;;;;;;;;;;;;;;Jeans Enzo (38);65000;1;1748;;;;;Sí;;;;;
5997;cliente_0851@ejemplo.com;01/09/2025 17:19:48;Abierta;Recibido;Enviado;ARS;140000.0;0.0;0.0;140000.0;;;;;;;;;;La Plata;;Buenos Aires;Argentina;Punto de retiro;Mercado Pago;;;;01/09/2025;02/09/2025;CAMISA IVETTE 1121 40/02 (L);30000;1;;Móvil;;;;Sí;;;;;
5997;cliente_0851@ejemplo.com;;;;;;;;;;;;;;;;;;;;;;;;;;;;;;OVERALL EIFFEL 1064 10/02 (L);50000;1;;;;;;Sí;;;;;
5997;cliente_0851@ejemplo.com;;;;;;;;;;;;;;;;;;;;;;;;;;;;;;VESTIDO MINERVA 1056 20/02 (L);60000;1;;;;;;Sí;;;;;
5996;cliente_0234@ejemplo.com;01/09/2025 16:54:04;Abierta;Recibido;Enviado;ARS;46000.0;0.0;5146.0;51146.0;;;;;;;;;;La Plata;;Buenos Aires;Argentina;Punto de retiro;Mercado Pago;;;;01/09/2025;02/09/2025;VESTIDO KOKO 1015 20/03 (XL);46000;1;;Móvil;;;;Sí;;;;;
5995;cliente_0852@ejemplo.com;01/09/2025 12:44:19;Abierta;Recibido;Enviado;ARS;55000.0;0.0;4242.0;59242.0;;;;;;;;;;Ituzaingo;;Gran Buenos Aires;Argentina;Punto de retiro;Mercado Pago;;;;01/09/2025;02/09/2025;CATSUIT MAXIMA 1072 10/02 (XL);55000;1;;Móvil;;;;Sí;;;;;
5994;cliente_0247@ejemplo.com;01/09/2025 12:20:47;Abierta;Recibido;Enviado;ARS;210000.0;0.0;0.0;210000.0;;;;;;;;;;Cordoba Capital;;Córdoba;Argentina;Correo Argentino Clasico - Envio a domicilio;Mercado Pago;;;;01/09/2025;02/09/2025;VESTIDO ORNELLA 1004 20/03 (XL);60000;1;;Móvil;;;;Sí;;;;;
5994;cliente_0247@ejemplo.com;;;;;;;;;;;;;;;;;;;;;;;;;;;;;;VESTIDO KOKO 1017 20/02 (XL);45000;1;;;;;;Sí;;;;;
5994;cliente_0247@ejemplo.com;;;;;;;;;;;;;;;;;;;;;;;;;;;;;;VESTIDO KOKO 1018 20/02 (XL);55000;1;;;;;;Sí;;;;;
5994;cliente_0247@ejemplo.com;;;;;;;;;;;;;;;;;;;;;;;;;;;;;;VESTIDO FRANCESCA 1033 20/03 (XL);50000;1;;;;;;Sí;;;;;
5993;cliente_0853@ejemplo.com;31/08/2025 20:11:33;Abierta;Recibido;Enviado;ARS;77000.0;0.0;6934.01;83934.01;;;;;;;;;;Ramos mejia;;Gran Buenos Aires;Argentina;Correo Argentino Clasico - Envio a domicilio;Mercado Pago;;;;31/08/2025;02/09/2025;Vestido Catalina (L);77000;1;;Móvil;;;;Sí;;;;;
5992;cliente_0854@ejemplo.com;31/08/2025 17:55:52;Abierta;Recibido;Enviado;ARS;87500.0;0.0;14797.0;102297.0;;;;;;;;;;Guaymallén;;Mendoza;Argentina;Correo Argentino Clasico - Envio a domicilio;Mercado Pago;;;;31/08/2025;02/09/2025;Overall Carola (M);87500;1;;Móvil;;;;Sí;;;;;
5991;cliente_0855@ejemplo.com;31/08/2025 11:46:16;Abierta;Recibido;Enviado;ARS;190000.0;0.0;0.0;190000.0;;;;;;;;;;Oran;;Salta;Argentina;Punto de retiro;Transferencia o depósito bancario;;;;02/09/2025;02/09/2025;Vestido Isabella (L);75000;1;;Móvil;;;;Sí;;;;;
5991;cliente_0855@ejemplo.com;;;;;;;;;;;;;;;;;;;;;;;;;;;;;;Vestido Zelda (XL);115000;1;;;;;;Sí;;;;;
5990;cliente_0856@ejemplo.com;31/08/2025 10:53:04;Abierta;Recibido;Enviado;ARS;166000.0;0.0;0.0;166000.0;;;;;;;;;;Rincón De Los Sauces;;Neuquén;Argentina;Correo Argentino Clasico - Envio a domicilio;Mercado Pago;;;;31/08/2025;02/09/2025;Vestido Alesia (XL);96000;1;1789;Móvil;;;;Sí;;;;;
5990;cliente_0856@ejemplo.com;;;;;;;;;;;;;;;;;;;;;;;;;;;;;;Jeans Jordan (42);70000;1;;;;;;Sí;;;;;
5989;cliente_0640@ejemplo.com;31/08/2025 04:13:39;Abierta;Recibido;Enviado;ARS;75000.0;0.0;5839.0;80839.0;;;;;;;;;;Guer Aike;;Santa Cruz;Argentina;Punto de retiro;Transferencia o depósito bancario;;;;01/09/2025;02/09/2025;Vestido Francesca (XL);75000;1;;Móvil;;;;Sí;;;;;
5988;cliente_0857@ejemplo.com;30/08/2025 20:53:05;Abierta;Recibido;Enviado;ARS;91000.0;0.0;0.0;91000.0;;;;;;;;;;Capital Federal;;Capital Federal;Argentina;Envio en moto CABA;Mercado Pago;;;;30/08/2025;02/09/2025;Vestido Mora (L);91000;1;;Móvil;;;;Sí;;;;;
5987;cliente_0858@ejemplo.com;30/08/2025 18:42:23;Abierta;Recibido;Enviado;ARS;113000.0;0.0;5965.0;118965.0;;;;;;;;;;Concordia;;Entre Ríos;Argentina;Punto de retiro;Mercado Pago;;;;30/08/2025;02/09/2025;Jean Beca (XL);63000;1;;Móvil;;;;Sí;;;;;
5987;cliente_0858@ejemplo.com;;;;;;;;;;;;;;;;;;;;;;;;;;;;;;Jean Boho (46/XL);50000;1;;;;;;Sí;;;;;
5986;cliente_0859@ejemplo.com;30/08/2025 18:23:18;Abierta;Recibido;Enviado;ARS;100000.0;0.0;5965.0;105965.0;;;;;;;;;;Coronel Rosales;;Buenos Aires;Argentina;Punto de retiro;Transferencia o depósito bancario;;;;01/09/2025;02/09/2025;Vestido Koko (S);100000;1;1662;Móvil;;;;Sí;;;;;
5985;cliente_0247@ejemplo.com;30/08/2025 16:17:34;Abierta;Recibido;Enviado;ARS;177000.0;0.0;0.0;177000.0;;;;;;;;;;Cordoba Capital;;Córdoba;Argentina;Correo Argentino Clasico - Envio a domicilio;Mercado Pago;;;;30/08/2025;02/09/2025;Vestido Koko (L);100000;1;1662;Móvil;;;;Sí;;;;;
5985;cliente_0247@ejemplo.com;;;;;;;;;;;;;;;;;;;;;;;;;;;;;;Vestido Catalina (XL);77000;1;;;;;;Sí;;;;;
5984;cliente_0860@ejemplo.com;29/08/2025 11:36:04;Abierta;Recibido;Enviado;ARS;125000.0;0.0;0.0;125000.0;;;;;;;;;;Capital Federal;;Capital Federal;Argentina;Envio en moto CABA;Mercado Pago;;;;29/08/2025;29/08/2025;Vestido Jackie (XL);125000;1;;Móvil;;;;Sí;;;;;
5983;cliente_0861@ejemplo.com;28/08/2025 22:23:11;Abierta;Recibido;Enviado;ARS;138000.0;0.0;0.0;138000.0;;;;;;;;;;Santa Catalina, Holmberg;;Córdoba;Argentina;Punto de retiro;Mercado Pago;;;;28/08/2025;29/08/2025;Vestido Ashlyn (XL);75000;1;;Móvil;;;;Sí;;;;;
5983;cliente_0861@ejemplo.com;;;;;;;;;;;;;;;;;;;;;;;;;;;;;;Jeans Calix (44);63000;1;1747;;;;;Sí;;;;;
5981;cliente_0862@ejemplo.com;28/08/2025 16:00:50;Abierta;Recibido;Enviado;ARS;136000.0;0.0;0.0;136000.0;;;;;;;;;;Moreno;;Gran Buenos Aires;Argentina;Correo Argentino Clasico - Envio a domicilio;Mercado Pago;;;;28/08/2025;29/08/2025;Overall Sabrina (M);136000;1;;Móvil;;;;Sí;;;;;
5980;cliente_0863@ejemplo.com;28/08/2025 15:20:00;Abierta;Recibido;Enviado;ARS;147500.0;0.0;0.0;147500.0;;;;;;;;;;Capital Federal;;Capital Federal;Argentina;Envio en moto CABA;Mercado Pago;;;;28/08/2025;29/08/2025;Falda Vivianne (S);47500;1;;Web;;;;Sí;;;;;
5980;cliente_0863@ejemplo.com;;;;;;;;;;;;;;;;;;;;;;;;;;;;;;Vestido Koko (S);100000;1;1662;;;;;Sí;;;;;
5979;cliente_0864@ejemplo.com;28/08/2025 11:21:58;Abierta;Recibido;Enviado;ARS;47500.0;0.0;0.0;47500.0;;;;;;;;;;Capital Federal;;Capital Federal;Argentina;Envio en moto CABA;Mercado Pago;;;;28/08/2025;29/08/2025;Falda Vivianne (M);47500;1;;Móvil;;;;Sí;;;;;
5978;cliente_0865@ejemplo.com;27/08/2025 22:19:01;Abierta;Recibido;Enviado;ARS;85000.0;0.0;4242.0;89242.0;;;;;;;;;;Lomas de Zamora;;Gran Buenos Aires;Argentina;Punto de retiro;Mercado Pago;;;;27/08/2025;29/08/2025;Vestido Nadine (S);85000;1;;Móvil;;;;Sí;;;;;
5977;cliente_0866@ejemplo.com;27/08/2025 15:49:25;Abierta;Recibido;Enviado;ARS;60200.0;0.0;6934.01;67134.01;;;;;;;;;;Avellaneda ;;Gran Buenos Aires;Argentina;Correo Argentino Clasico - Envio a domicilio;Mercado Pago;;;;27/08/2025;29/08/2025;Camisa Seven (UNICO);60200;1;1661;Móvil;;;;Sí;;;;;
5976;cliente_0724@ejemplo.com;27/08/2025 11:30:44;Abierta;Recibido;Enviado;ARS;136000.0;0.0;0.0;136000.0;;;;;;;;;;Quilmes ;;Gran Buenos Aires;Argentina;Correo Argentino Clasico - Envio a domicilio;Mercado Pago;;;;27/08/2025;27/08/2025;Overall Sabrina (XL);136000;1;;Móvil;;;;Sí;;;;;
5975;cliente_0867@ejemplo.com;26/08/2025 16:16:24;Abierta;Recibido;Enviado;ARS;128000.0;0.0;0.0;128000.0;;;;;;;;;;Capital Federal;;Capital Federal;Argentina;Envio en moto CABA;Mercado Pago;;;;26/08/2025;27/08/2025;Vestido Marilyn (L);128000;1;;Móvil;;;;Sí;;;;;
5974;cliente_0868@ejemplo.com;26/08/2025 16:03:17;Abierta;Recibido;Enviado;ARS;90000.0;0.0;8903.99;98903.99;;;;;;;;;;La Rioja . Capital ;;La Rioja;Argentina;Correo Argentino Clasico - Envio a domicilio;Mercado Pago;;;;26/08/2025;27/08/2025;Overall Heidi (S);90000;1;;Móvil;;;;Sí;;;;;
5973;cliente_0869@ejemplo.com;26/08/2025 11:32:29;Abierta;Recibido;Enviado;ARS;115000.0;0.0;6934.01;121934.01;;;;;;;;;;DERQUI, Pilar ;;Gran Buenos Aires;Argentina;Correo Argentino Clasico - Envio a domicilio;Mercado Pago;;;;26/08/2025;27/08/2025;Catsuit Ciro (M);115000;1;;Móvil;;;;Sí;;;;;
5972;cliente_0870@ejemplo.com;26/08/2025 00:26:58;Abierta;Recibido;Enviado;ARS;85000.0;0.0;6934.01;91934.01;;;;;;;;;;Ciudadela ;;Buenos Aires;Argentina;Correo Argentino Clasico - Envio a domicilio;Mercado Pago;;;;26/08/2025;27/08/2025;Catsuit Felix (L);85000;1;;Móvil;;;;Sí;;;;;
5971;cliente_0871@ejemplo.com;25/08/2025 18:56:52;Abierta;Recibido;Enviado;ARS;63000.0;0.0;6934.01;69934.01;;;;;;;;;;Moreno;;Gran Buenos Aires;Argentina;Correo Argentino Clasico - Envio a domicilio;Mercado Pago;;;;25/08/2025;27/08/2025;Jean Beca (L);63000;1;;Móvil;;;;Sí;;;;;
5968;cliente_0872@ejemplo.com;25/08/2025 14:57:05;Abierta;Recibido;Enviado;ARS;47500.0;0.0;4242.0;51742.0;;;;;;;;;;Lomas de Zamora;;Gran Buenos Aires;Argentina;Punto de retiro;Mercado Pago;;;;25/08/2025;25/08/2025;Falda Vivianne (L);47500;1;;Móvil;;;;Sí;;;;;
5967;cliente_0873@ejemplo.com;25/08/2025 14:43:04;Abierta;Recibido;Enviado;ARS;63000.0;0.0;6934.01;69934.01;;;;;;;;;;José Clemente Paz;;Gran Buenos Aires;Argentina;Correo Argentino Clasico - Envio a domicilio;Mercado Pago;;;;25/08/2025;25/08/2025;Jean Beca (M);63000;1;;Móvil;;;;Sí;;;;;
5966;cliente_0874@ejemplo.com;25/08/2025 13:06:03;Abierta;Recibido;Enviado;ARS;77000.0;0.0;6934.01;83934.01;;;;;;;;;;Merlo;;Gran Buenos Aires;Argentina;Correo Argentino Clasico - Envio a domicilio;Mercado Pago;;;;25/08/2025;25/08/2025;Vestido Catalina (L);77000;1;;Móvil;;;;Sí;;;;;
5965;cliente_0875@ejemplo.com;25/08/2025 12:26:10;Abierta;Recibido;Enviado;ARS;87500.0;0.0;10186.0;97686.0;;;;;;;;;;Santa fe ;;Santa Fe;Argentina;Punto de retiro;Mercado Pago;;;;25/08/2025;25/08/2025;Overall Carola (L);87500;1;;Móvil;;;;Sí;;;;;
5963;cliente_0748@ejemplo.com;25/08/2025 10:54:58;Abierta;Recibido;Enviado;ARS;87500.0;0.0;6934.01;94434.01;;;;;;;;;;Tigre ;;Gran Buenos Aires;Argentina;Correo Argentino Clasico - Envio a domicilio;Mercado Pago;;;;25/08/2025;25/08/2025;Vestido Fini (M);87500;1;;Web;;;;Sí;;;;;
5962;cliente_0876@ejemplo.com;24/08/2025 18:24:57;Abierta;Recibido;Enviado;ARS;164500.0;0.0;0.0;164500.0;;;;;;;;;;Capital Federal;;Capital Federal;Argentina;Punto de retiro;Mercado Pago;;;;24/08/2025;25/08/2025;Vestido Fini (M);87500;1;;Móvil;;;;Sí;;;;;
5962;cliente_0876@ejemplo.com;;;;;;;;;;;;;;;;;;;;;;;;;;;;;;Vestido Catalina (XL);77000;1;;;;;;Sí;;;;;
5961;cliente_0877@ejemplo.com;24/08/2025 12:57:14;Abierta;Recibido;Enviado;ARS;85000.0;0.0;5146.0;90146.0;;;;;;;;;;Paraná;;Entre Ríos;Argentina;Punto de retiro;Mercado Pago;;;;24/08/2025;25/08/2025;Catsuit Felix (L);85000;1;;Móvil;;;;Sí;;;;;
5959;cliente_0878@ejemplo.com;24/08/2025 12:17:02;Abierta;Recibido;Enviado;ARS;90000.0;0.0;8965.99;98965.99;;;;;;;;;;Comodoro Rivadavia ;;Chubut;Argentina;Correo Argentino Clasico - Envio a domicilio;Mercado Pago;;;;24/08/2025;25/08/2025;Vestido Cleo (XL);90000;1;1771;Móvil;;;;Sí;;;;;
5958;cliente_0879@ejemplo.com;24/08/2025 11:42:08;Abierta;Recibido;Enviado;ARS;136000.0;13600.0;5146.0;127546.0;;;;;;;;;;Rosario;;Santa Fe;Argentina;Punto de retiro;Mercado Pago;REGALODENIM;;;24/08/2025;25/08/2025;Trench Farrel (L);136000;1;;Móvil;;;;Sí;;;;;
5957;cliente_0756@ejemplo.com;24/08/2025 10:25:31;Abierta;Recibido;Enviado;ARS;200000.0;0.0;0.0;200000.0;;;;;;;;;;Merlo;;Gran Buenos Aires;Argentina;Punto de retiro;Mercado Pago;;;;24/08/2025;25/08/2025;Campera Xuxa (M);200000;1;;Móvil;;;;Sí;;;;;
5956;cliente_0880@ejemplo.com;23/08/2025 20:03:32;Abierta;Recibido;Enviado;ARS;180000.0;0.0;0.0;180000.0;;;;;;;;;;Rosario;;Santa Fe;Argentina;Correo Argentino Clasico - Envio a domicilio;Mercado Pago;;;;23/08/2025;25/08/2025;Overall Heidi (L);90000;1;;Móvil;;;;Sí;;;;;
5956;cliente_0880@ejemplo.com;;;;;;;;;;;;;;;;;;;;;;;;;;;;;;Catsuit Rosier (XL);90000;1;;;;;;Sí;;;;;
5955;cliente_0881@ejemplo.com;23/08/2025 18:51:01;Abierta;Recibido;Enviado;ARS;137500.0;0.0;0.0;137500.0;;;;;;;;;;Caleta Olivia;;Santa Cruz;Argentina;Correo Argentino Clasico - Envio a domicilio;Mercado Pago;;;;23/08/2025;25/08/2025;Overall Carola (M);87500;1;;Móvil;;;;Sí;;;;;
5955;cliente_0881@ejemplo.com;;;;;;;;;;;;;;;;;;;;;;;;;;;;;;Jean Boho (42);50000;1;;;;;;Sí;;;;;
5954;cliente_0882@ejemplo.com;22/08/2025 20:47:02;Abierta;Recibido;Enviado;ARS;87500.0;0.0;13259.99;100759.99;;;;;;;;;;Recreo;;Santa Fe;Argentina;Correo Argentino Clasico - Envio a domicilio;Mercado Pago;;;;22/08/2025;25/08/2025;Overall Carola (M);87500;1;;Móvil;;;;Sí;;;;;
5953;cliente_0883@ejemplo.com;22/08/2025 13:48:47;Abierta;Recibido;Enviado;ARS;150000.0;0.0;0.0;150000.0;;;;;;;;;;La Plata ;;Buenos Aires;Argentina;Correo Argentino Clasico - Envio a domicilio;Mercado Pago;;;;22/08/2025;22/08/2025;Overall Makena (Azul, S);150000;1;;Móvil;;;;Sí;;;;;
5952;cliente_0884@ejemplo.com;22/08/2025 12:57:15;Abierta;Recibido;Enviado;ARS;149000.0;0.0;0.0;149000.0;;;;;;;;;;Santa Rosa de Rio Primero ;;Córdoba;Argentina;Correo Argentino Clasico - Envio a domicilio;Mercado Pago;;;;22/08/2025;22/08/2025;Catsuits Jana (L);149000;1;;Móvil;;;;Sí;;;;;
5950;cliente_0885@ejemplo.com;21/08/2025 22:43:49;Abierta;Recibido;Enviado;ARS;561500.0;0.0;0.0;561500.0;;;;;;;;;;Viedma;;Rio Negro;Argentina;Correo Argentino Clasico - Envio a domicilio;Mercado Pago;;;;21/08/2025;22/08/2025;Overall Matilda (S);136000;1;1799;Móvil;;;;Sí;;;;;
5950;cliente_0885@ejemplo.com;;;;;;;;;;;;;;;;;;;;;;;;;;;;;;Overall Simone (S);127000;1;;;;;;Sí;;;;;
5950;cliente_0885@ejemplo.com;;;;;;;;;;;;;;;;;;;;;;;;;;;;;;Catsuit Felix (L);85000;1;;;;;;Sí;;;;;
5950;cliente_0885@ejemplo.com;;;;;;;;;;;;;;;;;;;;;;;;;;;;;;Overall Carola (S);87500;1;;;;;;Sí;;;;;
5950;cliente_0885@ejemplo.com;;;;;;;;;;;;;;;;;;;;;;;;;;;;;;Overall Jesi (L);126000;1;;;;;;Sí;;;;;
5949;cliente_0128@ejemplo.com;21/08/2025 18:38:20;Abierta;Recibido;Enviado;ARS;85000.0;0.0;5146.0;90146.0;;;;;;;;;;Rosario;;Santa Fe;Argentina;Punto de retiro;Mercado Pago;;;;21/08/2025;22/08/2025;Vestido Nadine (L);85000;1;;Móvil;;;;Sí;;;;;
5948;cliente_0886@ejemplo.com;21/08/2025 18:13:48;Abierta;Recibido;Enviado;ARS;91000.0;9100.0;4242.0;86142.0;;;;;;;;;;Escobar;;Gran Buenos Aires;Argentina;Punto de retiro;Mercado Pago;REGALODENIM;;;21/08/2025;22/08/2025;Vestido Mora (M);91000;1;;Móvil;;;;Sí;;;;;
5947;cliente_0887@ejemplo.com;21/08/2025 16:13:11;Abierta;Recibido;Enviado;ARS;87500.0;0.0;8903.99;96403.99;;;;;;;;;;Rawson;;San Juan;Argentina;Correo Argentino Clasico - Envio a domicilio;Mercado Pago;;;;21/08/2025;22/08/2025;Vestido Fini (XL);87500;1;;Móvil;;;;Sí;;;;;
5946;cliente_0229@ejemplo.com;21/08/2025 14:37:58;Abierta;Recibido;Enviado;ARS;63000.0;6300.0;5611.0;62311.0;;;;;;;;;;Chilecito;;La Rioja;Argentina;Punto de retiro;Mercado Pago;REGALODENIM;;;21/08/2025;22/08/2025;Jean Beca (XL);63000;1;;Móvil;;;;Sí;;;;;
5945;cliente_0888@ejemplo.com;21/08/2025 12:02:38;Abierta;Recibido;Enviado;ARS;100000.0;0.0;4509.0;104509.0;;;;;;;;;;Capital Federal;;Capital Federal;Argentina;Punto de retiro;Mercado Pago;;;;21/08/2025;22/08/2025;Vestido Koko (S);100000;1;1662;Móvil;;;;Sí;;;;;
5944;cliente_0889@ejemplo.com;21/08/2025 09:12:29;Abierta;Recibido;Enviado;ARS;127400.0;0.0;8444.0;135844.0;;;;;;;;;;General Pueyrredón;;Buenos Aires;Argentina;Correo Argentino Clasico - Envio a domicilio;Mercado Pago;;;;21/08/2025;22/08/2025;Camisa Lotus (L);57400;1;1677;Móvil;;;;Sí;;;;;
5944;cliente_0889@ejemplo.com;;;;;;;;;;;;;;;;;;;;;;;;;;;;;;Short Naomi (46);70000;1;1781;;;;;Sí;;;;;
5943;cliente_0890@ejemplo.com;21/08/2025 00:50:30;Abierta;Recibido;Enviado;ARS;63000.0;0.0;6934.01;69934.01;;;;;;;;;;Buenos Aires;;Gran Buenos Aires;Argentina;Correo Argentino Clasico - Envio a domicilio;Mercado Pago;;;;21/08/2025;22/08/2025;Jean Beca (S);63000;1;;Web;;;;Sí;;;;;
5942;cliente_0891@ejemplo.com;21/08/2025 00:15:18;Abierta;Recibido;Enviado;ARS;87500.0;0.0;6934.01;94434.01;;;;;;;;;;Gregorio de Laferrere;;Gran Buenos Aires;Argentina;Correo Argentino Clasico - Envio a domicilio;Mercado Pago;;;;21/08/2025;22/08/2025;Vestido Fini (XL);87500;1;;Móvil;;;;Sí;;;;;
5941;cliente_0707@ejemplo.com;20/08/2025 14:53:32;Abierta;Recibido;Enviado;ARS;100000.0;0.0;6454.0;106454.0;;;;;;;;;;Lules;;Tucumán;Argentina;Punto de retiro;Mercado Pago;;;;20/08/2025;20/08/2025;Vestido Koko (L);100000;1;1662;Móvil;;;;Sí;;;;;
5940;cliente_0892@ejemplo.com;19/08/2025 19:34:52;Abierta;Recibido;Enviado;ARS;136000.0;13600.0;4242.0;126642.0;;;;;;;;;;Tablada;;Gran Buenos Aires;Argentina;Punto de retiro;Mercado Pago;REGALODENIM;;;19/08/2025;20/08/2025;Overall Sabrina (M);136000;1;;Móvil;;;;Sí;;;;;
5939;cliente_0893@ejemplo.com;19/08/2025 16:45:38;Abierta;Recibido;Enviado;ARS;48000.0;0.0;0.0;48000.0;;;;;;;;;;Capital Federal;;Capital Federal;Argentina;Envio en moto CABA;Mercado Pago;;;;19/08/2025;20/08/2025;Jean Blake (40, AZUL OSCURO);48000;1;;Móvil;;;;Sí;;;;;
5938;cliente_0894@ejemplo.com;19/08/2025 16:05:36;Abierta;Recibido;Enviado;ARS;274500.0;0.0;0.0;274500.0;;;;;;;;;;Pilar.dpto rio segundo. Cordoba;;Córdoba;Argentina;Correo Argentino Clasico - Envio a domicilio;Mercado Pago;;;;19/08/2025;20/08/2025;Vestido Alesia (L);96000;1;1789;Móvil;;;;Sí;;;;;
5938;cliente_0894@ejemplo.com;;;;;;;;;;;;;;;;;;;;;;;;;;;;;;Vestido Mora (L);91000;1;;;;;;Sí;;;;;
5938;cliente_0894@ejemplo.com;;;;;;;;;;;;;;;;;;;;;;;;;;;;;;Vestido Fini (L);87500;1;;;;;;Sí;;;;;
5937;cliente_0895@ejemplo.com;19/08/2025 13:05:03;Abierta;Recibido;Enviado;ARS;136000.0;0.0;0.0;136000.0;;;;;;;;;;Mendoza;;Mendoza;Argentina;Correo Argentino Clasico - Envio a domicilio;Transferencia o depósito bancario;;;;20/08/2025;20/08/2025;Trench Farrel (M);136000;1;;Móvil;;;;Sí;;;;;
5936;cliente_0746@ejemplo.com;19/08/2025 11:24:23;Abierta;Recibido;Enviado;ARS;135200.0;0.0;0.0;135200.0;;;;;;;;;;Crespo;;Entre Ríos;Argentina;Correo Argentino Clasico - Envio a domicilio;Mercado Pago;;;;19/08/2025;20/08/2025;Overall Libi (XL);135200;1;1800;Móvil;;;;Sí;;;;;
5935;cliente_0896@ejemplo.com;19/08/2025 10:18:20;Abierta;Recibido;Enviado;ARS;265000.0;0.0;0.0;265000.0;;;;;;;;;;San Vicente;;Buenos Aires;Argentina;Correo Argentino Clasico - Envio a domicilio;Mercado Pago;;;;19/08/2025;20/08/2025;Catsuit Rosier (XL);90000;1;;Móvil;;;;Sí;;;;;
5935;cliente_0896@ejemplo.com;;;;;;;;;;;;;;;;;;;;;;;;;;;;;;Catsuit Felix (XL);85000;1;;;;;;Sí;;;;;
5935;cliente_0896@ejemplo.com;;;;;;;;;;;;;;;;;;;;;;;;;;;;;;Catsuit Sena (L);90000;1;;;;;;Sí;;;;;
5934;cliente_0897@ejemplo.com;18/08/2025 22:19:23;Abierta;Recibido;Enviado;ARS;85000.0;0.0;5611.0;90611.0;;;;;;;;;;Posasas;;Misiones;Argentina;Punto de retiro;Mercado Pago;;;;18/08/2025;20/08/2025;Catsuit Virna (L);85000;1;;Móvil;;;;Sí;;;;;
5933;cliente_0898@ejemplo.com;18/08/2025 17:03:07;Abierta;Recibido;Enviado;ARS;137500.0;0.0;0.0;137500.0;;;;;;;;;;Playa unión;;Chubut;Argentina;Correo Argentino Clasico - Envio a domicilio;Mercado Pago;;;;18/08/2025;20/08/2025;Jean Boho (42);50000;1;;Móvil;;;;Sí;;;;;
5933;cliente_0898@ejemplo.com;;;;;;;;;;;;;;;;;;;;;;;;;;;;;;Overall Carola (M);87500;1;;;;;;Sí;;;;;
5932;cliente_0188@ejemplo.com;18/08/2025 15:20:23;Abierta;Recibido;Enviado;ARS;198200.0;0.0;0.0;198200.0;;;;;;;;;;Paraná;;Entre Ríos;Argentina;Punto de retiro;Mercado Pago;;;;18/08/2025;20/08/2025;Overall Libi (M);135200;1;1800;Móvil;;;;Sí;;;;;
5932;cliente_0188@ejemplo.com;;;;;;;;;;;;;;;;;;;;;;;;;;;;;;Jean Beca (M);63000;1;;;;;;Sí;;;;;
5931;cliente_0899@ejemplo.com;18/08/2025 14:37:58;Abierta;Recibido;Enviado;ARS;150000.0;0.0;0.0;150000.0;;;;;;;;;;Bs As;;Gran Buenos Aires;Argentina;Correo Argentino Clasico - Envio a domicilio;Mercado Pago;;;;18/08/2025;20/08/2025;Overall Adam (XL);150000;1;;Móvil;;;;Sí;;;;;
5930;cliente_0900@ejemplo.com;18/08/2025 14:33:35;Abierta;Recibido;Enviado;ARS;148000.0;0.0;0.0;148000.0;;;;;;;;;;La Capital;;San Luis;Argentina;Correo Argentino Clasico - Envio a domicilio;Mercado Pago;;;;18/08/2025;20/08/2025;Vestido Madison (M);148000;1;;Móvil;;;;Sí;;;;;
5929;cliente_0901@ejemplo.com;18/08/2025 12:46:26;Abierta;Recibido;Enviado;ARS;136000.0;0.0;0.0;136000.0;;;;;;;;;;Capital;;Córdoba;Argentina;Punto de retiro;Transferencia o depósito bancario;;;;18/08/2025;18/08/2025;Overall Sabrina (XL);136000;1;;Móvil;;;;Sí;;;;;
5928;cliente_0902@ejemplo.com;17/08/2025 18:13:11;Abierta;Recibido;Enviado;ARS;85000.0;0.0;5146.0;90146.0;;;;;;;;;;Capital;;Córdoba;Argentina;Punto de retiro;Mercado Pago;;;;17/08/2025;18/08/2025;Catsuit Felix (XL);85000;1;;Móvil;;;;Sí;;;;;
5927;cliente_0739@ejemplo.com;16/08/2025 16:37:41;Abierta;Recibido;Enviado;ARS;300000.0;0.0;0.0;300000.0;;;;;;;;;;Esteban Echeverria;;Gran Buenos Aires;Argentina;Correo Argentino Clasico - Envio a domicilio;Mercado Pago;;;;16/08/2025;18/08/2025;Vestido Koko (S);100000;1;1662;Móvil;;;;Sí;;;;;
5927;cliente_0739@ejemplo.com;;;;;;;;;;;;;;;;;;;;;;;;;;;;;;Campera Xuxa (S);200000;1;;;;;;Sí;;;;;
5926;cliente_0903@ejemplo.com;16/08/2025 15:51:52;Abierta;Recibido;Enviado;ARS;90000.0;0.0;4242.0;94242.0;;;;;;;;;;San Fernando;;Gran Buenos Aires;Argentina;Punto de retiro;Mercado Pago;;;;16/08/2025;18/08/2025;Overall Heidi (S);90000;1;;Móvil;;;;Sí;;;;;
5925;cliente_0857@ejemplo.com;16/08/2025 15:47:37;Abierta;Recibido;Enviado;ARS;91000.0;0.0;0.0;91000.0;;;;;;;;;;Capital Federal;;Capital Federal;Argentina;Envio en moto CABA;Mercado Pago;;;;16/08/2025;18/08/2025;Vestido Mora (XL);91000;1;;Móvil;;;;Sí;;;;;
5924;cliente_0904@ejemplo.com;16/08/2025 13:20:23;Abierta;Recibido;Enviado;ARS;77000.0;0.0;8215.0;85215.0;;;;;;;;;;San José De La Esquin;;Santa Fe;Argentina;Correo Argentino Clasico - Envio a domicilio;Mercado Pago;;;;16/08/2025;18/08/2025;Vestido Catalina (S);77000;1;;Móvil;;;;Sí;;;;;
5923;cliente_0905@ejemplo.com;15/08/2025 17:51:38;Abierta;Recibido;Enviado;ARS;136000.0;0.0;0.0;136000.0;;;;;;;;;;La consulta;;Mendoza;Argentina;Correo Argentino Clasico - Envio a domicilio;Mercado Pago;;;;15/08/2025;18/08/2025;Overall Sabrina (XL);136000;1;;Móvil;;;;Sí;;;;;
5922;cliente_0247@ejemplo.com;15/08/2025 13:00:35;Abierta;Recibido;Enviado;ARS;175000.0;0.0;0.0;175000.0;;;;;;;;;;Cordoba Capital;;Córdoba;Argentina;Correo Argentino Clasico - Envio a domicilio;Transferencia o depósito bancario;;;;18/08/2025;18/08/2025;Túnica Natasha (L);90000;1;;Móvil;;;;Sí;;;;;
5922;cliente_0247@ejemplo.com;;;;;;;;;;;;;;;;;;;;;;;;;;;;;;Vestido Nadine (L);85000;1;;;;;;Sí;;;;;
5921;cliente_0906@ejemplo.com;15/08/2025 11:59:12;Abierta;Recibido;Enviado;ARS;229000.0;0.0;0.0;229000.0;;;;;;;;;;La Capital;;Santa Fe;Argentina;Punto de retiro;Mercado Pago;;;;15/08/2025;18/08/2025;Vestido Zaira (Azul, XL);130000;1;1780;Móvil;;;;Sí;;;;;
5921;cliente_0906@ejemplo.com;;;;;;;;;;;;;;;;;;;;;;;;;;;;;;Vestido Many (M);99000;1;;;;;;Sí;;;;;
5920;cliente_0839@ejemplo.com;15/08/2025 09:47:38;Abierta;Recibido;Enviado;ARS;167000.0;0.0;0.0;167000.0;;;;;;;;;;Vicente López;;Gran Buenos Aires;Argentina;Punto de retiro;Mercado Pago;;;;15/08/2025;18/08/2025;Vestido Catalina (L);77000;1;;Móvil;;;;Sí;;;;;
5920;cliente_0839@ejemplo.com;;;;;;;;;;;;;;;;;;;;;;;;;;;;;;Overall Eiffel (L);90000;1;;;;;;Sí;;;;;
5919;cliente_0907@ejemplo.com;14/08/2025 21:24:20;Abierta;Recibido;Enviado;ARS;70000.0;0.0;5839.0;75839.0;;;;;;;;;;Capital;;Salta;Argentina;Punto de retiro;Mercado Pago;;;;14/08/2025;18/08/2025;Jeans Jordan (46);70000;1;;Móvil;;;;Sí;;;;;
5918;cliente_0908@ejemplo.com;14/08/2025 17:53:54;Abierta;Recibido;Enviado;ARS;175000.0;0.0;0.0;175000.0;;;;;;;;;;Martín Coronado;;Gran Buenos Aires;Argentina;Punto de retiro;Mercado Pago;;;;14/08/2025;18/08/2025;Overall Heidi (L);90000;1;;Móvil;;;;Sí;;;;;
5918;cliente_0908@ejemplo.com;;;;;;;;;;;;;;;;;;;;;;;;;;;;;;Catsuit Felix (L);85000;1;;;;;;Sí;;;;;
5917;cliente_0909@ejemplo.com;14/08/2025 16:33:50;Abierta;Recibido;Enviado;ARS;88000.0;0.0;8215.0;96215.0;;;;;;;;;;Cordoba;;Córdoba;Argentina;Correo Argentino Clasico - Envio a domicilio;Mercado Pago;;;;14/08/2025;18/08/2025;Catsuit Máxima (M);88000;1;;Móvil;;;;Sí;;;;;
5916;cliente_0910@ejemplo.com;14/08/2025 14:36:25;Abierta;Recibido;Enviado;ARS;100000.0;0.0;5965.0;105965.0;;;;;;;;;;Rosario;;Santa Fe;Argentina;Punto de retiro;Mercado Pago;;;;14/08/2025;14/08/2025;Vestido Koko (L);100000;1;1662;Móvil;;;;Sí;;;;;
5915;cliente_0911@ejemplo.com;14/08/2025 12:37:13;Abierta;Recibido;Enviado;ARS;100000.0;0.0;0.0;100000.0;;;;;;;;;;Capital Federal;;Capital Federal;Argentina;Envio en moto CABA;Mercado Pago;;;;14/08/2025;14/08/2025;Vestido Koko (XL);100000;1;1662;Móvil;;;;Sí;;;;;
5914;cliente_0912@ejemplo.com;14/08/2025 12:07:42;Abierta;Recibido;Enviado;ARS;135200.0;0.0;0.0;135200.0;;;;;;;;;;Rio gallegos ;;Santa Cruz;Argentina;Correo Argentino Clasico - Envio a domicilio;Mercado Pago;;;;14/08/2025;14/08/2025;Overall Libi (L);135200;1;1800;Móvil;;;;Sí;;;;;
5913;cliente_0913@ejemplo.com;13/08/2025 23:15:57;Abierta;Recibido;Enviado;ARS;85000.0;0.0;6934.01;91934.01;;;;;;;;;;Avellaneda;;Gran Buenos Aires;Argentina;Correo Argentino Clasico - Envio a domicilio;Mercado Pago;;;;13/08/2025;14/08/2025;Catsuit Felix (XL);85000;1;;Móvil;;;;Sí;;;;;
5912;cliente_0736@ejemplo.com;13/08/2025 21:50:03;Abierta;Recibido;Enviado;ARS;90000.0;0.0;0.0;90000.0;;;;;;;;;;Capital Federal;;Capital Federal;Argentina;Envio en moto CABA;Mercado Pago;;;;13/08/2025;14/08/2025;Catsuit Rosier (XL);90000;1;;Móvil;;;;Sí;;;;;
5911;cliente_0914@ejemplo.com;13/08/2025 19:23:18;Abierta;Recibido;Enviado;ARS;87500.0;0.0;5959.0;93459.0;;;;;;;;;;Hurlingham;;Gran Buenos Aires;Argentina;Punto de retiro;Mercado Pago;;;;13/08/2025;14/08/2025;Overall Carola (L);87500;1;;Móvil;;;;Sí;;;;;
5910;cliente_0915@ejemplo.com;13/08/2025 11:23:12;Abierta;Recibido;Enviado;ARS;85000.0;0.0;8903.99;93903.99;;;;;;;;;;Resistencia ;;Chaco;Argentina;Correo Argentino Clasico - Envio a domicilio;Mercado Pago;;;;13/08/2025;13/08/2025;Vestido Nadine (L);85000;1;;Móvil;;;;Sí;;;;;
5909;cliente_0822@ejemplo.com;12/08/2025 23:25:43;Abierta;Recibido;Enviado;ARS;85000.0;0.0;0.0;85000.0;;;;;;;;;;Capital Federal;;Capital Federal;Argentina;Envio en moto CABA;Mercado Pago;;;;14/08/2025;14/08/2025;Vestido Nadine (S);85000;1;;Móvil;;;;Sí;;;;;
5908;cliente_0847@ejemplo.com;12/08/2025 04:46:21;Abierta;Recibido;Enviado;ARS;94500.0;0.0;5839.0;100339.0;;;;;;;;;;Capital;;Salta;Argentina;Punto de retiro;Mercado Pago;;;;12/08/2025;12/08/2025;Catsuit Felix (XL);94500;1;;Móvil;;;;Sí;;;;;
5906;cliente_0916@ejemplo.com;10/08/2025 21:49:33;Abierta;Recibido;Enviado;ARS;47500.0;0.0;4242.0;51742.0;;;;;;;;;;Avellaneda;;Gran Buenos Aires;Argentina;Punto de retiro;Mercado Pago;;;;10/08/2025;11/08/2025;Jeans Cami (M);47500;1;;Móvil;;;;Sí;;;;;
5905;cliente_0880@ejemplo.com;10/08/2025 21:40:35;Abierta;Recibido;Enviado;ARS;177500.0;0.0;0.0;177500.0;;;;;;;;;;Rosario ;;Santa Fe;Argentina;Correo Argentino Clasico - Envio a domicilio;Mercado Pago;;;;10/08/2025;11/08/2025;Catsuit Sena (XL);90000;1;;Móvil;;;;Sí;;;;;
5905;cliente_0880@ejemplo.com;;;;;;;;;;;;;;;;;;;;;;;;;;;;;;Vestido Fini (XL);87500;1;;;;;;Sí;;;;;
5904;cliente_0516@ejemplo.com;10/08/2025 21:15:24;Abierta;Recibido;Enviado;ARS;87500.0;0.0;8215.0;95715.0;;;;;;;;;;Pergamino ;;Buenos Aires;Argentina;Correo Argentino Clasico - Envio a domicilio;Mercado Pago;;;;10/08/2025;11/08/2025;Vestido Fini (M);87500;1;;Móvil;;;;Sí;;;;;
5903;cliente_0917@ejemplo.com;10/08/2025 20:46:47;Abierta;Recibido;Enviado;ARS;90000.0;0.0;8903.99;98903.99;;;;;;;;;;Maipú;;Mendoza;Argentina;Correo Argentino Clasico - Envio a domicilio;Mercado Pago;;;;10/08/2025;11/08/2025;Catsuit Sena (M);90000;1;;Móvil;;;;Sí;;;;;
5902;cliente_0918@ejemplo.com;10/08/2025 19:25:09;Abierta;Recibido;Enviado;ARS;135000.0;0.0;0.0;135000.0;;;;;;;;;;Hudson Berazategui ;;Gran Buenos Aires;Argentina;Correo Argentino Clasico - Envio a domicilio;Mercado Pago;;;;10/08/2025;11/08/2025;Catsuit Felix (L);135000;1;;Móvil;;;;Sí;;;;;
5901;cliente_0919@ejemplo.com;10/08/2025 17:53:11;Abierta;Recibido;Enviado;ARS;169000.0;0.0;0.0;169000.0;;;;;;;;;;Capital Federal;;Capital Federal;Argentina;Punto de retiro;Mercado Pago;;;;10/08/2025;11/08/2025;Overall Libi (S);169000;1;1800;Móvil;;;;Sí;;;;;
5900;cliente_0920@ejemplo.com;10/08/2025 16:44:12;Abierta;Recibido;Enviado;ARS;88000.0;0.0;0.0;88000.0;;;;;;;;;;Capital Federal;;Capital Federal;Argentina;Envio en moto CABA;Mercado Pago;;;;10/08/2025;11/08/2025;Catsuit Máxima (L);88000;1;;Móvil;;;;Sí;;;;;
5899;cliente_0447@ejemplo.com;10/08/2025 14:11:42;Abierta;Recibido;Enviado;ARS;159000.0;0.0;0.0;159000.0;;;;;;;;;;Villaguay ;;Entre Ríos;Argentina;Correo Argentino Clasico - Envio a domicilio;Mercado Pago;;;;10/08/2025;11/08/2025;Overall New Taylor (S);159000;1;;Móvil;;;;Sí;;;;;
5898;cliente_0921@ejemplo.com;10/08/2025 13:28:16;Abierta;Recibido;Enviado;ARS;87500.0;0.0;5959.0;93459.0;;;;;;;;;;Lomas de Zamora;;Gran Buenos Aires;Argentina;Punto de retiro;Mercado Pago;;;;10/08/2025;11/08/2025;Overall Carola (L);87500;1;;Móvil;;;;Sí;;;;;
5897;cliente_0922@ejemplo.com;10/08/2025 12:57:02;Abierta;Recibido;Enviado;ARS;90000.0;0.0;0.0;90000.0;;;;;;;;;;Capital Federal;;Capital Federal;Argentina;Envio en moto CABA;Mercado Pago;;;;10/08/2025;13/08/2025;Overall Heidi (S);90000;1;;Móvil;;;;Sí;;;;;
5896;cliente_0923@ejemplo.com;10/08/2025 12:13:13;Abierta;Recibido;Enviado;ARS;47500.0;0.0;5146.0;52646.0;;;;;;;;;;Rosario;;Santa Fe;Argentina;Punto de retiro;Mercado Pago;;;;10/08/2025;11/08/2025;Jeans Cami (XL);47500;1;;Móvil;;;;Sí;;;;;
5895;cliente_0335@ejemplo.com;10/08/2025 11:22:15;Abierta;Recibido;Enviado;ARS;137500.0;0.0;0.0;137500.0;;;;;;;;;;Vicente López;;Gran Buenos Aires;Argentina;Punto de retiro;Mercado Pago;;;;10/08/2025;11/08/2025;Jeans Cami (XL);47500;1;;Móvil;;;;Sí;;;;;
5895;cliente_0335@ejemplo.com;;;;;;;;;;;;;;;;;;;;;;;;;;;;;;Jean Beca (L);90000;1;;;;;;Sí;;;;;
5894;cliente_0649@ejemplo.com;09/08/2025 23:40:29;Abierta;Recibido;Enviado;ARS;62500.0;0.0;5611.0;68111.0;;;;;;;;;;San Fernando;;Chaco;Argentina;Punto de retiro;Mercado Pago;;;;09/08/2025;11/08/2025;Vestido Libre (S);62500;1;;Móvil;;;;Sí;;;;;
5893;cliente_0924@ejemplo.com;09/08/2025 19:48:44;Abierta;Recibido;Enviado;ARS;135000.0;0.0;0.0;135000.0;;;;;;;;;;Mar del plata ;;Buenos Aires;Argentina;Correo Argentino Clasico - Envio a domicilio;Mercado Pago;;;;09/08/2025;11/08/2025;Catsuit Felix (XL);135000;1;;Móvil;;;;Sí;;;;;
5892;cliente_0925@ejemplo.com;09/08/2025 18:50:22;Abierta;Recibido;Enviado;ARS;69000.0;0.0;4242.0;73242.0;;;;;;;;;;Lomas de Zamora;;Gran Buenos Aires;Argentina;Punto de retiro;Transferencia o depósito bancario;;;;11/08/2025;11/08/2025;Vestido Cleo (XL);69000;1;1771;Móvil;;;;Sí;;;;;
5891;cliente_0926@ejemplo.com;09/08/2025 12:57:15;Abierta;Recibido;Enviado;ARS;50000.0;0.0;5146.0;55146.0;;;;;;;;;;Rosario;;Santa Fe;Argentina;Punto de retiro;Mercado Pago;;;;09/08/2025;11/08/2025;Vestido New Magnolia (S);50000;1;;Móvil;;;;Sí;;;;;
5890;cliente_0927@ejemplo.com;09/08/2025 10:07:50;Abierta;Recibido;Enviado;ARS;135000.0;0.0;0.0;135000.0;;;;;;;;;;Bahía Blanca ;;Buenos Aires;Argentina;Correo Argentino Clasico - Envio a domicilio;Mercado Pago;;;;09/08/2025;11/08/2025;Vestido Ula (L);135000;1;;Móvil;;;;Sí;;;;;
5889;cliente_0928@ejemplo.com;09/08/2025 08:11:09;Abierta;Recibido;Enviado;ARS;205000.0;0.0;0.0;205000.0;;;;;;;;;;Justiniano Posse;;Córdoba;Argentina;Correo Argentino Clasico - Envio a domicilio;Mercado Pago;;;;09/08/2025;11/08/2025;Vestido Cristal (M);70000;1;;Móvil;;;;Sí;;;;;
5889;cliente_0928@ejemplo.com;;;;;;;;;;;;;;;;;;;;;;;;;;;;;;Vestido Ashlyn (M);60000;1;;;;;;Sí;;;;;
5889;cliente_0928@ejemplo.com;;;;;;;;;;;;;;;;;;;;;;;;;;;;;;Catsuit Fame (M);75000;1;;;;;;Sí;;;;;
5888;cliente_0478@ejemplo.com;09/08/2025 02:22:35;Abierta;Recibido;Enviado;ARS;160500.0;0.0;0.0;160500.0;;;;;;;;;;Capital Federal;;Capital Federal;Argentina;Envio en moto CABA;Mercado Pago;;;;09/08/2025;11/08/2025;Catsuit Máxima (S);88000;1;;Móvil;;;;Sí;;;;;
5888;cliente_0478@ejemplo.com;;;;;;;;;;;;;;;;;;;;;;;;;;;;;;Vestido Many (S);72500;1;;;;;;Sí;;;;;
5887;cliente_0929@ejemplo.com;08/08/2025 18:02:46;Abierta;Recibido;Enviado;ARS;75000.0;0.0;5146.0;80146.0;;;;;;;;;;General Pueyrredón;;Buenos Aires;Argentina;Punto de retiro;Mercado Pago;;;;08/08/2025;11/08/2025;Vestido Angelina (L);75000;1;;Web;;;;Sí;;;;;
5885;cliente_0930@ejemplo.com;08/08/2025 13:09:10;Abierta;Recibido;Enviado;ARS;47500.0;0.0;8215.0;55715.0;;;;;;;;;;General Villegas;;Buenos Aires;Argentina;Correo Argentino Clasico - Envio a domicilio;Mercado Pago;;;;08/08/2025;11/08/2025;Falda Vivianne (S);47500;1;;Móvil;;;;Sí;;;;;
5884;cliente_0931@ejemplo.com;08/08/2025 07:12:27;Abierta;Recibido;Enviado;ARS;70000.0;0.0;8965.99;78965.99;;;;;;;;;;Rio Gallegos;;Santa Cruz;Argentina;Correo Argentino Clasico - Envio a domicilio;Mercado Pago;;;;08/08/2025;08/08/2025;Vestido Cristal (XL);70000;1;;Móvil;;;;Sí;;;;;
5883;cliente_0932@ejemplo.com;07/08/2025 22:19:37;Abierta;Recibido;Enviado;ARS;90000.0;0.0;4242.0;94242.0;;;;;;;;;;Almirante Brown;;Gran Buenos Aires;Argentina;Punto de retiro;Mercado Pago;;;;07/08/2025;08/08/2025;Overall Heidi (M);90000;1;;Móvil;;;;Sí;;;;;
5882;cliente_0228@ejemplo.com;07/08/2025 21:42:51;Abierta;Recibido;Enviado;ARS;125000.0;0.0;8215.0;133215.0;;;;;;;;;;Olavarría ;;Buenos Aires;Argentina;Correo Argentino Clasico - Envio a domicilio;Mercado Pago;;;;07/08/2025;08/08/2025;Vestido Jackie (L);125000;1;;Móvil;;;;Sí;;;;;
5881;cliente_0579@ejemplo.com;07/08/2025 19:40:59;Abierta;Recibido;Enviado;ARS;62500.0;0.0;6934.01;69434.01;;;;;;;;;;Villa luzuriaga ;;Gran Buenos Aires;Argentina;Correo Argentino Clasico - Envio a domicilio;Mercado Pago;;;;07/08/2025;08/08/2025;Vestido Libre (S);62500;1;;Móvil;;;;Sí;;;;;
5880;cliente_0933@ejemplo.com;07/08/2025 12:16:16;Abierta;Recibido;Enviado;ARS;87500.0;0.0;10186.0;97686.0;;;;;;;;;;Capital;;Córdoba;Argentina;Punto de retiro;Mercado Pago;;;;07/08/2025;07/08/2025;Overall Carola (XL);87500;1;;Web;;;;Sí;;;;;
5879;cliente_0934@ejemplo.com;07/08/2025 11:59:09;Abierta;Recibido;Enviado;ARS;90000.0;0.0;5146.0;95146.0;;;;;;;;;;General Pueyrredón;;Buenos Aires;Argentina;Punto de retiro;Mercado Pago;;;;07/08/2025;07/08/2025;Catsuit Sena (L);90000;1;;Web;;;;Sí;;;;;
5878;cliente_0935@ejemplo.com;07/08/2025 01:57:11;Abierta;Recibido;Enviado;ARS;125300.0;0.0;8903.99;134203.99;;;;;;;;;;Chimbas;;San Juan;Argentina;Correo Argentino Clasico - Envio a domicilio;Mercado Pago;;;;07/08/2025;07/08/2025;Overall Taylor (L);125300;1;;Móvil;;;;Sí;;;;;
5877;cliente_0936@ejemplo.com;06/08/2025 18:55:04;Abierta;Recibido;Enviado;ARS;42500.0;0.0;14797.0;57297.0;;;;;;;;;;Pampa del Indio;;Chaco;Argentina;Correo Argentino Clasico - Envio a domicilio;Mercado Pago;;;;07/08/2025;07/08/2025;Jeans Enzo (36);42500;1;1748;Móvil;;;;Sí;;;;;
5875;cliente_0937@ejemplo.com;06/08/2025 14:41:08;Abierta;Recibido;Enviado;ARS;115000.0;0.0;12169.0;127169.0;;;;;;;;;;Capital;;Catamarca;Argentina;Punto de retiro;Mercado Pago;;;;06/08/2025;07/08/2025;Vestido Alba (XL);115000;1;;Móvil;;;;Sí;;;;;
5874;cliente_0938@ejemplo.com;06/08/2025 14:26:20;Abierta;Recibido;Enviado;ARS;75000.0;0.0;8215.0;83215.0;;;;;;;;;;Santa Fe;;Santa Fe;Argentina;Correo Argentino Clasico - Envio a domicilio;Transferencia o depósito bancario;;;;06/08/2025;07/08/2025;Vestido Francesca (M);75000;1;;Móvil;;;;Sí;;;;;
5873;cliente_0939@ejemplo.com;06/08/2025 14:04:59;Abierta;Recibido;Enviado;ARS;157500.0;0.0;0.0;157500.0;;;;;;;;;;Ituzaingó;;Gran Buenos Aires;Argentina;Correo Argentino Clasico - Envio a domicilio;Mercado Pago;;;;06/08/2025;07/08/2025;Overall Carola (M);87500;1;;Móvil;;;;Sí;;;;;
5873;cliente_0939@ejemplo.com;;;;;;;;;;;;;;;;;;;;;;;;;;;;;;Vestido Keaton (L);70000;1;;;;;;Sí;;;;;
5871;cliente_0940@ejemplo.com;06/08/2025 12:13:48;Abierta;Recibido;Enviado;ARS;90000.0;0.0;4242.0;94242.0;;;;;;;;;;Capital Federal;;Capital Federal;Argentina;Punto de retiro;Mercado Pago;;;;06/08/2025;06/08/2025;Overall Heidi (M);90000;1;;Móvil;;;;Sí;;;;;
5870;cliente_0941@ejemplo.com;06/08/2025 12:06:03;Abierta;Recibido;Enviado;ARS;110000.0;0.0;4242.0;114242.0;;;;;;;;;;Buenos Aires ;;Gran Buenos Aires;Argentina;Punto de retiro;Mercado Pago;;;;06/08/2025;06/08/2025;Vestido Catalina (M);110000;1;;Web;;;;Sí;;;;;
5869;cliente_0942@ejemplo.com;06/08/2025 10:50:13;Abierta;Recibido;Enviado;ARS;40000.0;0.0;4789.99;44789.99;;;;;;;;;;Punilla;;Córdoba;Argentina;Punto de retiro;Mercado Pago;;;;06/08/2025;06/08/2025;Camisa Ivette (L);40000;1;1412;Móvil;;;;Sí;;;;;
5868;cliente_0943@ejemplo.com;05/08/2025 23:55:11;Abierta;Recibido;Enviado;ARS;87500.0;0.0;0.0;87500.0;;;;;;;;;;Capital Federal;;Capital Federal;Argentina;Envio en moto CABA;Mercado Pago;;;;05/08/2025;06/08/2025;Vestido Fini (XL);87500;1;;Móvil;;;;Sí;;;;;
5867;cliente_0944@ejemplo.com;05/08/2025 21:42:33;Abierta;Recibido;Enviado;ARS;177500.0;0.0;0.0;177500.0;;;;;;;;;;San Luis ;;San Luis;Argentina;Correo Argentino Clasico - Envio a domicilio;Mercado Pago;;;;05/08/2025;06/08/2025;Vestido Fini (M);87500;1;;Móvil;;;;Sí;;;;;
5867;cliente_0944@ejemplo.com;;;;;;;;;;;;;;;;;;;;;;;;;;;;;;Overall Milo (S);90000;1;;;;;;Sí;;;;;
5866;cliente_0945@ejemplo.com;05/08/2025 20:52:28;Abierta;Recibido;Enviado;ARS;215300.0;0.0;0.0;215300.0;;;;;;;;;;Capital Federal;;Capital Federal;Argentina;Envio en moto CABA;Mercado Pago;;;;05/08/2025;06/08/2025;Overall Taylor (L);125300;1;;Móvil;;;;Sí;;;;;
5866;cliente_0945@ejemplo.com;;;;;;;;;;;;;;;;;;;;;;;;;;;;;;Overall Heidi (L);90000;1;;;;;;Sí;;;;;
5864;cliente_0946@ejemplo.com;05/08/2025 13:38:22;Abierta;Recibido;Enviado;ARS;47500.0;0.0;4242.0;51742.0;;;;;;;;;;Merlo;;Gran Buenos Aires;Argentina;Punto de retiro;Mercado Pago;;;;05/08/2025;06/08/2025;Jeans Cami (M);47500;1;;Móvil;;;;Sí;;;;;
5863;cliente_0947@ejemplo.com;05/08/2025 11:01:22;Abierta;Recibido;Enviado;ARS;147500.0;0.0;0.0;147500.0;;;;;;;;;;Formosa;;Formosa;Argentina;Correo Argentino Clasico - Envio a domicilio;Mercado Pago;;;;05/08/2025;05/08/2025;Catsuit Helen (L);75000;1;1645;Móvil;;;;Sí;;;;;
5863;cliente_0947@ejemplo.com;;;;;;;;;;;;;;;;;;;;;;;;;;;;;;Vestido Valentino (L);72500;1;;;;;;Sí;;;;;
5862;cliente_0948@ejemplo.com;05/08/2025 10:59:01;Abierta;Recibido;Enviado;ARS;165000.0;0.0;0.0;165000.0;;;;;;;;;;Rio gallegos ;;Santa Cruz;Argentina;Correo Argentino Clasico - Envio a domicilio;Mercado Pago;;;;05/08/2025;05/08/2025;Catsuit Fame (M);75000;1;;Móvil;;;;Sí;;;;;
5862;cliente_0948@ejemplo.com;;;;;;;;;;;;;;;;;;;;;;;;;;;;;;Catsuit Rosier (L);90000;1;;;;;;Sí;;;;;
5861;cliente_0949@ejemplo.com;05/08/2025 10:53:59;Abierta;Recibido;Enviado;ARS;87500.0;0.0;14359.0;101859.0;;;;;;;;;;Río Grande;;Tierra del Fuego;Argentina;Punto de retiro;Mercado Pago;;;;05/08/2025;05/08/2025;Overall Carola (M);87500;1;;Móvil;;;;Sí;;;;;
5860;cliente_0647@ejemplo.com;05/08/2025 09:32:26;Abierta;Recibido;Enviado;ARS;165000.0;0.0;0.0;165000.0;;;;;;;;;;Capital;;Córdoba;Argentina;Punto de retiro;Transferencia o depósito bancario;;;;05/08/2025;05/08/2025;Vestido Francesca (L);75000;1;;Móvil;;;;Sí;;;;;
5860;cliente_0647@ejemplo.com;;;;;;;;;;;;;;;;;;;;;;;;;;;;;;Catsuit Rosier (XL);90000;1;;;;;;Sí;;;;;
5859;cliente_0950@ejemplo.com;04/08/2025 23:49:41;Abierta;Recibido;Enviado;ARS;170000.0;0.0;0.0;170000.0;;;;;;;;;;Escobar;;Gran Buenos Aires;Argentina;Correo Argentino Clasico - Envio a domicilio;Mercado Pago;;;;04/08/2025;05/08/2025;Vestido Nadine (S);85000;1;;Móvil;;;;Sí;;;;;
5859;cliente_0950@ejemplo.com;;;;;;;;;;;;;;;;;;;;;;;;;;;;;;Catsuit Charly negro (M);85000;1;;;;;;Sí;;;;;
5858;cliente_0951@ejemplo.com;04/08/2025 19:39:12;Abierta;Recibido;Enviado;ARS;87500.0;0.0;5959.0;93459.0;;;;;;;;;;Buenos Aires ;;Gran Buenos Aires;Argentina;Punto de retiro;Transferencia o depósito bancario;;;;05/08/2025;05/08/2025;Overall Carola (S);87500;1;;Móvil;;;;Sí;;;;;
5857;cliente_0952@ejemplo.com;04/08/2025 14:22:33;Abierta;Recibido;Enviado;ARS;85000.0;0.0;0.0;85000.0;;;;;;;;;;Capital Federal;;Capital Federal;Argentina;Envio en moto CABA;Mercado Pago;;;;04/08/2025;05/08/2025;Vestido Nadine (L);85000;1;;Móvil;;;;Sí;;;;;
5856;cliente_0953@ejemplo.com;04/08/2025 10:28:19;Abierta;Recibido;Enviado;ARS;69000.0;0.0;5146.0;74146.0;;;;;;;;;;La Plata;;Buenos Aires;Argentina;Punto de retiro;Transferencia o depósito bancario;;;;04/08/2025;05/08/2025;Vestido Cleo (XL);69000;1;1771;Móvil;;;;Sí;;;;;
5855;cliente_0519@ejemplo.com;03/08/2025 23:23:23;Abierta;Recibido;Enviado;ARS;85000.0;0.0;5146.0;90146.0;;;;;;;;;;Cordoba;;Córdoba;Argentina;Punto de retiro;Mercado Pago;;;;03/08/2025;05/08/2025;Vestido Nadine (M);85000;1;;Móvil;;;;Sí;;;;;
5854;cliente_0880@ejemplo.com;03/08/2025 20:44:33;Abierta;Recibido;Enviado;ARS;247500.0;0.0;0.0;247500.0;;;;;;;;;;Rosario ;;Santa Fe;Argentina;Correo Argentino Clasico - Envio a domicilio;Mercado Pago;;;;03/08/2025;05/08/2025;Vestido Angelina (L);75000;1;;Móvil;;;;Sí;;;;;
5854;cliente_0880@ejemplo.com;;;;;;;;;;;;;;;;;;;;;;;;;;;;;;Overall Carola (L);87500;1;;;;;;Sí;;;;;
5854;cliente_0880@ejemplo.com;;;;;;;;;;;;;;;;;;;;;;;;;;;;;;Vestido Nadine (L);85000;1;;;;;;Sí;;;;;
5853;cliente_0954@ejemplo.com;03/08/2025 18:55:40;Abierta;Recibido;Enviado;ARS;88000.0;0.0;6934.01;94934.01;;;;;;;;;;Escobar;;Gran Buenos Aires;Argentina;Correo Argentino Clasico - Envio a domicilio;Mercado Pago;;;;03/08/2025;05/08/2025;Catsuit Máxima (L);88000;1;;Móvil;;;;Sí;;;;;
5852;cliente_0711@ejemplo.com;03/08/2025 18:44:23;Abierta;Recibido;Enviado;ARS;115500.0;0.0;10111.01;125611.01;;;;;;;;;;Benavidez;;Gran Buenos Aires;Argentina;Correo Argentino Clasico - Envio a domicilio;Mercado Pago;;;;03/08/2025;05/08/2025;Vestido Alba (S);115500;1;;Móvil;;;;Sí;;;;;
5851;cliente_0955@ejemplo.com;03/08/2025 18:03:26;Abierta;Recibido;Enviado;ARS;162500.0;0.0;0.0;162500.0;;;;;;;;;;Lanus;;Gran Buenos Aires;Argentina;Correo Argentino Clasico - Envio a domicilio;Mercado Pago;;;;03/08/2025;05/08/2025;Overall Carola (L);87500;1;;Móvil;;;;Sí;;;;;
5851;cliente_0955@ejemplo.com;;;;;;;;;;;;;;;;;;;;;;;;;;;;;;Vestido Angelina (L);75000;1;;;;;;Sí;;;;;
5850;cliente_0956@ejemplo.com;03/08/2025 17:56:02;Abierta;Recibido;Enviado;ARS;137500.0;0.0;0.0;137500.0;;;;;;;;;;Capital Federal;;Capital Federal;Argentina;Punto de retiro;Mercado Pago;;;;03/08/2025;05/08/2025;Overall Milo (L);90000;1;;Móvil;;;;Sí;;;;;
5850;cliente_0956@ejemplo.com;;;;;;;;;;;;;;;;;;;;;;;;;;;;;;Jeans Cami (L);47500;1;;;;;;Sí;;;;;
5849;cliente_0649@ejemplo.com;03/08/2025 16:30:48;Abierta;Recibido;Enviado;ARS;69000.0;0.0;5611.0;74611.0;;;;;;;;;;San Fernando;;Chaco;Argentina;Punto de retiro;Mercado Pago;;;;03/08/2025;05/08/2025;Vestido Cleo (M);69000;1;1771;Móvil;;;;Sí;;;;;
5848;cliente_0957@ejemplo.com;03/08/2025 14:33:40;Abierta;Recibido;Enviado;ARS;90000.0;0.0;5146.0;95146.0;;;;;;;;;;Córdoba ;;Córdoba;Argentina;Punto de retiro;Mercado Pago;;;;03/08/2025;05/08/2025;Overall Heidi (S);90000;1;;Móvil;;;;Sí;;;;;
5847;cliente_0958@ejemplo.com;03/08/2025 14:26:04;Abierta;Recibido;Enviado;ARS;75000.0;0.0;6934.01;81934.01;;;;;;;;;;Buenos Aires ;;Gran Buenos Aires;Argentina;Correo Argentino Clasico - Envio a domicilio;Mercado Pago;;;;03/08/2025;05/08/2025;Catsuit Helen (S);75000;1;1645;Móvil;;;;Sí;;;;;
5846;cliente_0959@ejemplo.com;03/08/2025 12:19:01;Abierta;Recibido;Enviado;ARS;87500.0;0.0;5146.0;92646.0;;;;;;;;;;Santa Fe;;Santa Fe;Argentina;Punto de retiro;Mercado Pago;;;;03/08/2025;05/08/2025;Vestido Fini (M);87500;1;;Móvil;;;;Sí;;;;;
5845;cliente_0960@ejemplo.com;03/08/2025 10:32:34;Abierta;Recibido;Enviado;ARS;150000.0;0.0;0.0;150000.0;;;;;;;;;;San justo;;Gran Buenos Aires;Argentina;Correo Argentino Clasico - Envio a domicilio;Mercado Pago;;;;03/08/2025;05/08/2025;Vestido Serena (XL);150000;1;;Móvil;;;;Sí;;;;;
5844;cliente_0961@ejemplo.com;03/08/2025 09:05:38;Abierta;Recibido;Enviado;ARS;130000.0;0.0;0.0;130000.0;;;;;;;;;;Concordia;;Entre Ríos;Argentina;Correo Argentino Clasico - Envio a domicilio;Mercado Pago;;;;03/08/2025;05/08/2025;Vestido Ashlyn (XL);60000;1;;Móvil;;;;Sí;;;;;
5844;cliente_0961@ejemplo.com;;;;;;;;;;;;;;;;;;;;;;;;;;;;;;Vestido Cristal (XL);70000;1;;;;;;Sí;;;;;
5843;cliente_0962@ejemplo.com;02/08/2025 22:40:14;Abierta;Recibido;Enviado;ARS;135000.0;0.0;0.0;135000.0;;;;;;;;;;Resistencai;;Chaco;Argentina;Correo Argentino Clasico - Envio a domicilio;Mercado Pago;;;;02/08/2025;05/08/2025;Vestido Koko (L);135000;1;1662;Móvil;;;;Sí;;;;;
5842;cliente_0234@ejemplo.com;02/08/2025 20:54:14;Abierta;Recibido;Enviado;ARS;87500.0;0.0;10186.0;97686.0;;;;;;;;;;Villa Elisa;;Buenos Aires;Argentina;Punto de retiro;Mercado Pago;;;;02/08/2025;05/08/2025;Overall Carola (XL);87500;1;;Móvil;;;;Sí;;;;;
5841;cliente_0417@ejemplo.com;02/08/2025 20:53:55;Abierta;Recibido;Enviado;ARS;40000.0;0.0;4242.0;44242.0;;;;;;;;;;Caba;;Capital Federal;Argentina;Punto de retiro;Mercado Pago;;;;02/08/2025;05/08/2025;Top Ambar (S);40000;1;;Móvil;;;;Sí;;;;;
5840;cliente_0963@ejemplo.com;02/08/2025 18:33:43;Abierta;Recibido;Enviado;ARS;90000.0;0.0;5839.0;95839.0;;;;;;;;;;Capital;;Salta;Argentina;Punto de retiro;Mercado Pago;;;;02/08/2025;05/08/2025;Catsuit Rosier (S);90000;1;;Web;;;;Sí;;;;;
5839;cliente_0893@ejemplo.com;02/08/2025 17:52:10;Abierta;Recibido;Enviado;ARS;47500.0;0.0;0.0;47500.0;;;;;;;;;;Capital Federal;;Capital Federal;Argentina;Envio en moto CABA;Mercado Pago;;;;03/08/2025;05/08/2025;Jeans Cami (M);47500;1;;Móvil;;;;Sí;;;;;
5838;cliente_0194@ejemplo.com;02/08/2025 12:23:39;Abierta;Recibido;Enviado;ARS;172500.0;0.0;0.0;172500.0;;;;;;;;;;San Martín;;Mendoza;Argentina;Punto de retiro;Mercado Pago;;;;02/08/2025;05/08/2025;Vestido Fini (XL);87500;1;;Móvil;;;;Sí;;;;;
5838;cliente_0194@ejemplo.com;;;;;;;;;;;;;;;;;;;;;;;;;;;;;;Túnica Natasha (L);85000;1;;;;;;Sí;;;;;
5837;cliente_0459@ejemplo.com;02/08/2025 12:06:52;Abierta;Recibido;Enviado;ARS;177500.0;0.0;0.0;177500.0;;;;;;;;;;Parana;;Entre Ríos;Argentina;Correo Argentino Clasico - Envio a domicilio;Transferencia o depósito bancario;;;;04/08/2025;05/08/2025;Overall Carola (S);87500;1;;Móvil;;;;Sí;;;;;
5837;cliente_0459@ejemplo.com;;;;;;;;;;;;;;;;;;;;;;;;;;;;;;Overall Heidi (M);90000;1;;;;;;Sí;;;;;
5836;cliente_0603@ejemplo.com;01/08/2025 18:21:53;Abierta;Recibido;Enviado;ARS;240000.0;0.0;0.0;240000.0;;;;;;;;;;La Plata;;Buenos Aires;Argentina;Punto de retiro;Mercado Pago;;;;01/08/2025;05/08/2025;Vestido Nadine (L);85000;1;;Móvil;;;;Sí;;;;;
5836;cliente_0603@ejemplo.com;;;;;;;;;;;;;;;;;;;;;;;;;;;;;;Vestido Keaton (L);70000;1;;;;;;Sí;;;;;
5836;cliente_0603@ejemplo.com;;;;;;;;;;;;;;;;;;;;;;;;;;;;;;Túnica Natasha (L);85000;1;;;;;;Sí;;;;;
5835;cliente_0120@ejemplo.com;01/08/2025 18:02:21;Abierta;Recibido;Enviado;ARS;87500.0;0.0;10111.01;97611.01;;;;;;;;;;Nordelta;;Gran Buenos Aires;Argentina;Correo Argentino Clasico - Envio a domicilio;Mercado Pago;;;;01/08/2025;05/08/2025;Overall Carola (S);87500;1;;Móvil;;;;Sí;;;;;
5834;cliente_0893@ejemplo.com;01/08/2025 14:35:46;Abierta;Recibido;Enviado;ARS;165000.0;0.0;0.0;165000.0;;;;;;;;;;Capital Federal;;Capital Federal;Argentina;Correo Argentino Clasico - Envio a domicilio;Mercado Pago;;;;01/08/2025;05/08/2025;Catsuit Sena (L);90000;1;;Móvil;;;;Sí;;;;;
5834;cliente_0893@ejemplo.com;;;;;;;;;;;;;;;;;;;;;;;;;;;;;;Vestido Francesca (L);75000;1;;;;;;Sí;;;;;
5833;cliente_0964@ejemplo.com;01/08/2025 13:25:25;Abierta;Recibido;Enviado;ARS;125000.0;0.0;4242.0;129242.0;;;;;;;;;;Florencio Varela;;Gran Buenos Aires;Argentina;Punto de retiro;Mercado Pago;;;;01/08/2025;05/08/2025;Vestido Jackie (M);125000;1;;Móvil;;;;Sí;;;;;
5832;cliente_0965@ejemplo.com;01/08/2025 12:08:29;Abierta;Recibido;Enviado;ARS;88000.0;0.0;0.0;88000.0;;;;;;;;;;Capital Federal;;Capital Federal;Argentina;Envio en moto CABA;Mercado Pago;;;;01/08/2025;05/08/2025;Catsuit Máxima (L);88000;1;;Móvil;;;;Sí;;;;;
5831;cliente_0966@ejemplo.com;31/07/2025 22:53:30;Abierta;Recibido;Enviado;ARS;90000.0;0.0;0.0;90000.0;;;;;;;;;;Caba;;Capital Federal;Argentina;Envio en moto CABA;Mercado Pago;;;;31/07/2025;05/08/2025;Catsuit Rosier (S);90000;1;;Móvil;;;;Sí;;;;;
5829;cliente_0831@ejemplo.com;31/07/2025 20:29:12;Abierta;Recibido;Enviado;ARS;87500.0;0.0;10111.01;97611.01;;;;;;;;;;San Miguel ;;Gran Buenos Aires;Argentina;Correo Argentino Clasico - Envio a domicilio;Mercado Pago;;;;31/07/2025;05/08/2025;Overall Carola (M);87500;1;;Móvil;;;;Sí;;;;;
5827;cliente_0967@ejemplo.com;31/07/2025 11:02:03;Abierta;Recibido;Enviado;ARS;130000.0;0.0;0.0;130000.0;;;;;;;;;;Villa Tulumaya Lavalle ;;Mendoza;Argentina;Correo Argentino Clasico - Envio a domicilio;Mercado Pago;;;;31/07/2025;05/08/2025;Vestido Zaira (Azul, S);130000;1;1780;Móvil;;;;Sí;;;;;
5826;cliente_0968@ejemplo.com;30/07/2025 17:21:13;Abierta;Recibido;Enviado;ARS;119000.0;0.0;4509.0;123509.0;;;;;;;;;;Moron;;Gran Buenos Aires;Argentina;Punto de retiro;Mercado Pago;;;;30/07/2025;05/09/2025;Catsuit Lucrecia (L);119000;1;;Móvil;;;;Sí;;;;;
5825;cliente_0969@ejemplo.com;29/07/2025 22:35:20;Abierta;Recibido;Enviado;ARS;51000.0;0.0;10186.0;61186.0;;;;;;;;;;La Plata;;Buenos Aires;Argentina;Punto de retiro;Mercado Pago;;;;29/07/2025;30/07/2025;Jeans Enzo (44);51000;1;1748;Móvil;;;;Sí;;;;;
5824;cliente_0970@ejemplo.com;29/07/2025 10:29:34;Abierta;Recibido;Enviado;ARS;69000.0;0.0;8215.0;77215.0;;;;;;;;;;Mar del Plata;;Buenos Aires;Argentina;Correo Argentino Clasico - Envio a domicilio;Transferencia o depósito bancario;;;;29/07/2025;29/07/2025;Vestido Cleo (S);69000;1;1771;Móvil;;;;Sí;;;;;
5822;cliente_0971@ejemplo.com;29/07/2025 09:23:26;Abierta;Recibido;Enviado;ARS;105000.0;0.0;14797.0;119797.0;;;;;;;;;;San Javier;;Misiones;Argentina;Correo Argentino Clasico - Envio a domicilio;Mercado Pago;;;;29/07/2025;29/07/2025;Overall Carola (S);105000;1;;Móvil;;;;Sí;;;;;
5821;cliente_0972@ejemplo.com;28/07/2025 21:52:49;Abierta;Recibido;Enviado;ARS;130000.0;0.0;0.0;130000.0;;;;;;;;;;Ituzaingo;;Gran Buenos Aires;Argentina;Correo Argentino Clasico - Envio a domicilio;Mercado Pago;;;;28/07/2025;29/07/2025;Vestido Zaira (Azul, M);130000;1;1780;Móvil;;;;Sí;;;;;
5820;cliente_0973@ejemplo.com;28/07/2025 11:37:47;Abierta;Recibido;Enviado;ARS;105000.0;0.0;10186.0;115186.0;;;;;;;;;;La plata;;Buenos Aires;Argentina;Punto de retiro;Mercado Pago;;;;28/07/2025;29/07/2025;Overall Carola (XL);105000;1;;Móvil;;;;Sí;;;;;
5819;cliente_0974@ejemplo.com;27/07/2025 22:31:38;Abierta;Recibido;Enviado;ARS;148000.0;0.0;0.0;148000.0;;;;;;;;;;Campana;;Buenos Aires;Argentina;Punto de retiro;Mercado Pago;;;;27/07/2025;28/07/2025;Vestido Madison (XL);148000;1;;Móvil;;;;Sí;;;;;
5818;cliente_0975@ejemplo.com;27/07/2025 18:19:08;Abierta;Recibido;Enviado;ARS;171500.0;0.0;0.0;171500.0;;;;;;;;;;Bella vista ;;Tucumán;Argentina;Correo Argentino Clasico - Envio a domicilio;Mercado Pago;;;;27/07/2025;28/07/2025;Overall Carola (XL);105000;1;;Móvil;;;;Sí;;;;;
5818;cliente_0975@ejemplo.com;;;;;;;;;;;;;;;;;;;;;;;;;;;;;;Jeans Cami (XL);66500;1;;;;;;Sí;;;;;
5816;cliente_0976@ejemplo.com;27/07/2025 17:43:54;Abierta;Recibido;Enviado;ARS;135000.0;0.0;0.0;135000.0;;;;;;;;;;General Roca;;Rio Negro;Argentina;Punto de retiro;Mercado Pago;;;;27/07/2025;28/07/2025;Vestido Koko (S);135000;1;1662;Móvil;;;;Sí;;;;;
5815;cliente_0615@ejemplo.com;27/07/2025 12:23:44;Abierta;Recibido;Enviado;ARS;135000.0;0.0;0.0;135000.0;;;;;;;;;;Ezeiza;;Gran Buenos Aires;Argentina;Punto de retiro;Mercado Pago;;;;27/07/2025;28/07/2025;Vestido Koko (L);135000;1;1662;Móvil;;;;Sí;;;;;
5814;cliente_0977@ejemplo.com;27/07/2025 00:06:36;Abierta;Recibido;Enviado;ARS;87000.0;0.0;4242.0;91242.0;;;;;;;;;;Ezeiza;;Gran Buenos Aires;Argentina;Punto de retiro;Mercado Pago;;;;27/07/2025;28/07/2025;Vestido Valentino (M);87000;1;;Móvil;;;;Sí;;;;;
5813;cliente_0978@ejemplo.com;26/07/2025 18:56:16;Abierta;Recibido;Enviado;ARS;236500.0;23650.0;0.0;212850.0;;;;;;;;;;Escalante;;Chubut;Argentina;Correo Argentino Clasico - Envio a domicilio;Mercado Pago;REGALODENIM;;;26/07/2025;28/07/2025;Catsuit Máxima (M);108500;1;;Móvil;;;;Sí;;;;;
5813;cliente_0978@ejemplo.com;;;;;;;;;;;;;;;;;;;;;;;;;;;;;;Vestido Marilyn (M);128000;1;;;;;;Sí;;;;;
5812;cliente_0979@ejemplo.com;26/07/2025 18:27:04;Abierta;Recibido;Enviado;ARS;128000.0;0.0;5611.0;133611.0;;;;;;;;;;El Cuy;;Rio Negro;Argentina;Punto de retiro;Mercado Pago;;;;26/07/2025;28/07/2025;Vestido Marilyn (M);128000;1;;Móvil;;;;Sí;;;;;
5811;cliente_0980@ejemplo.com;26/07/2025 15:34:47;Abierta;Recibido;Enviado;ARS;91000.0;0.0;4242.0;95242.0;;;;;;;;;;Moron;;Gran Buenos Aires;Argentina;Punto de retiro;Mercado Pago;;;;26/07/2025;28/07/2025;Vestido Fini (L);91000;1;;Móvil;;;;Sí;;;;;
5810;cliente_0981@ejemplo.com;26/07/2025 15:15:47;Abierta;Recibido;Enviado;ARS;139000.0;0.0;0.0;139000.0;;;;;;;;;;Buenos Aires;;Gran Buenos Aires;Argentina;Correo Argentino Clasico - Envio a domicilio;Mercado Pago;;;;26/07/2025;28/07/2025;Overall Venus (M);139000;1;;Web;;;;Sí;;;;;
5809;cliente_0982@ejemplo.com;26/07/2025 13:14:27;Abierta;Recibido;Enviado;ARS;102000.0;0.0;4242.0;106242.0;;;;;;;;;;Capital Federal;;Capital Federal;Argentina;Punto de retiro;Mercado Pago;;;;26/07/2025;28/07/2025;Vestido Nadine (M);102000;1;;Móvil;;;;Sí;;;;;
5807;cliente_0793@ejemplo.com;26/07/2025 01:53:17;Abierta;Recibido;Enviado;ARS;75000.0;0.0;8215.0;83215.0;;;;;;;;;;Cordoba;;Córdoba;Argentina;Correo Argentino Clasico - Envio a domicilio;Mercado Pago;;;;26/07/2025;28/07/2025;Vestido Francesca (XL);75000;1;;Móvil;;;;Sí;;;;;
5806;cliente_0983@ejemplo.com;25/07/2025 19:52:12;Abierta;Recibido;Enviado;ARS;135000.0;0.0;0.0;135000.0;;;;;;;;;;Buenos Aires;;Gran Buenos Aires;Argentina;Correo Argentino Clasico - Envio a domicilio;Mercado Pago;;;;25/07/2025;28/07/2025;Vestido Koko (S);135000;1;1662;Móvil;;;;Sí;;;;;
5805;cliente_0984@ejemplo.com;25/07/2025 16:40:15;Abierta;Recibido;Enviado;ARS;150000.0;0.0;0.0;150000.0;;;;;;;;;;Córdoba;;Córdoba;Argentina;Correo Argentino Clasico - Envio a domicilio;Mercado Pago;;;;25/07/2025;28/07/2025;Vestido Serena (XL);150000;1;;Web;;;;Sí;;;;;
5804;cliente_0985@ejemplo.com;25/07/2025 06:52:30;Abierta;Recibido;Enviado;ARS;120000.0;0.0;0.0;120000.0;;;;;;;;;;Caba ;;Capital Federal;Argentina;Envio en moto CABA;Mercado Pago;;;;25/07/2025;25/07/2025;Vestido Melody (S);120000;1;;Móvil;;;;Sí;;;;;
5803;cliente_0986@ejemplo.com;25/07/2025 06:05:37;Abierta;Recibido;Enviado;ARS;161000.0;0.0;0.0;161000.0;;;;;;;;;;Gran Buenos Aires;;Gran Buenos Aires;Argentina;Correo Argentino Clasico - Envio a domicilio;Mercado Pago;;;;25/07/2025;25/07/2025;Vestido Catalina (XL);110000;1;;Móvil;;;;Sí;;;;;
5803;cliente_0986@ejemplo.com;;;;;;;;;;;;;;;;;;;;;;;;;;;;;;Jeans Enzo (42);51000;1;1748;;;;;Sí;;;;;
5802;cliente_0987@ejemplo.com;25/07/2025 03:26:25;Abierta;Recibido;Enviado;ARS;110000.0;0.0;8903.99;118903.99;;;;;;;;;;Villa Mercedes ;;San Luis;Argentina;Correo Argentino Clasico - Envio a domicilio;Mercado Pago;;;;25/07/2025;25/07/2025;Vestido Catalina (L);110000;1;;Móvil;;;;Sí;;;;;
5801;cliente_0988@ejemplo.com;25/07/2025 00:05:55;Abierta;Recibido;Enviado;ARS;115000.0;0.0;5146.0;120146.0;;;;;;;;;;Rosario;;Santa Fe;Argentina;Punto de retiro;Transferencia o depósito bancario;;;;25/07/2025;25/07/2025;Catsuit Ciro (M);115000;1;;Móvil;;;;Sí;;;;;
5800;cliente_0989@ejemplo.com;24/07/2025 23:54:20;Abierta;Recibido;Enviado;ARS;128000.0;0.0;5839.0;133839.0;;;;;;;;;;Escalante;;Chubut;Argentina;Punto de retiro;Mercado Pago;;;;24/07/2025;25/07/2025;Vestido Marilyn (M);128000;1;;Móvil;;;;Sí;;;;;
5799;cliente_0990@ejemplo.com;24/07/2025 23:19:38;Abierta;Recibido;Enviado;ARS;105000.0;0.0;10111.01;115111.01;;;;;;;;;;Lanus;;Gran Buenos Aires;Argentina;Correo Argentino Clasico - Envio a domicilio;Mercado Pago;;;;24/07/2025;25/07/2025;Overall Carola (XL);105000;1;;Móvil;;;;Sí;;;;;
5798;cliente_0991@ejemplo.com;24/07/2025 18:16:13;Abierta;Recibido;Enviado;ARS;51000.0;0.0;5959.0;56959.0;;;;;;;;;;San Isidro;;Gran Buenos Aires;Argentina;Punto de retiro;Transferencia o depósito bancario;;;;25/07/2025;25/07/2025;Jeans Enzo (44);51000;1;1748;Móvil;;;;Sí;;;;;
5797;cliente_0992@ejemplo.com;24/07/2025 13:19:38;Abierta;Recibido;Enviado;ARS;62500.0;0.0;4242.0;66742.0;;;;;;;;;;La Matanza;;Gran Buenos Aires;Argentina;Punto de retiro;Mercado Pago;;;;24/07/2025;25/07/2025;Vestido Libre (L);62500;1;;Móvil;;;;Sí;;;;;
5796;cliente_0993@ejemplo.com;24/07/2025 10:46:22;Abierta;Recibido;Enviado;ARS;115000.0;0.0;10111.01;125111.01;;;;;;;;;;Banfield;;Gran Buenos Aires;Argentina;Correo Argentino Clasico - Envio a domicilio;Mercado Pago;;;;24/07/2025;25/07/2025;Vestido Alba (XL);115000;1;;Web;;;;Sí;;;;;
5795;cliente_0994@ejemplo.com;23/07/2025 23:17:29;Abierta;Recibido;Enviado;ARS;108000.0;0.0;0.0;108000.0;;;;;;;;;;Capital Federal;;Capital Federal;Argentina;Envio en moto CABA;Mercado Pago;;;;23/07/2025;25/07/2025;Catsuit Sena (L);108000;1;;Móvil;;;;Sí;;;;;
5794;cliente_0995@ejemplo.com;23/07/2025 23:06:59;Abierta;Recibido;Enviado;ARS;153000.0;0.0;0.0;153000.0;;;;;;;;;;Las talitas ;;Tucumán;Argentina;Correo Argentino Clasico - Envio a domicilio;Mercado Pago;;;;23/07/2025;25/07/2025;Vestido Nadine (M);102000;1;;Móvil;;;;Sí;;;;;
5794;cliente_0995@ejemplo.com;;;;;;;;;;;;;;;;;;;;;;;;;;;;;;Jeans Enzo (44);51000;1;1748;;;;;Sí;;;;;
5793;cliente_0250@ejemplo.com;23/07/2025 23:04:16;Abierta;Recibido;Enviado;ARS;108500.0;0.0;5611.0;114111.0;;;;;;;;;;San Fernando;;Chaco;Argentina;Punto de retiro;Mercado Pago;;;;23/07/2025;25/07/2025;Catsuit Máxima (L);108500;1;;Móvil;;;;Sí;;;;;
5792;cliente_0247@ejemplo.com;23/07/2025 18:56:49;Abierta;Recibido;Enviado;ARS;473000.0;0.0;0.0;473000.0;;;;;;;;;;Cordoba Capital;;Córdoba;Argentina;Correo Argentino Clasico - Envio a domicilio;Mercado Pago;;;;23/07/2025;25/07/2025;Campera Xuxa (XL);200000;1;;Móvil;;;;Sí;;;;;
5792;cliente_0247@ejemplo.com;;;;;;;;;;;;;;;;;;;;;;;;;;;;;;Vestido Francesca (XL);75000;1;;;;;;Sí;;;;;
5792;cliente_0247@ejemplo.com;;;;;;;;;;;;;;;;;;;;;;;;;;;;;;Vestido Alesia (XL);138000;1;1789;;;;;Sí;;;;;
5792;cliente_0247@ejemplo.com;;;;;;;;;;;;;;;;;;;;;;;;;;;;;;Vestido Isabella (XL);60000;1;;;;;;Sí;;;;;
5790;cliente_0996@ejemplo.com;23/07/2025 09:21:51;Abierta;Recibido;Enviado;ARS;128000.0;0.0;4242.0;132242.0;;;;;;;;;;Monte grande ;;Gran Buenos Aires;Argentina;Punto de retiro;Mercado Pago;;;;23/07/2025;25/07/2025;Vestido Marilyn (M);128000;1;;Móvil;;;;Sí;;;;;
5789;cliente_0997@ejemplo.com;23/07/2025 08:55:09;Abierta;Recibido;Enviado;ARS;105000.0;0.0;13259.99;118259.99;;;;;;;;;;Rosario;;Santa Fe;Argentina;Correo Argentino Clasico - Envio a domicilio;Mercado Pago;;;;23/07/2025;25/07/2025;Overall Carola (XL);105000;1;;Móvil;;;;Sí;;;;;
5788;cliente_0998@ejemplo.com;23/07/2025 07:19:30;Abierta;Recibido;Enviado;ARS;136000.0;0.0;0.0;136000.0;;;;;;;;;;Tortuguitas ;;Gran Buenos Aires;Argentina;Correo Argentino Clasico - Envio a domicilio;Mercado Pago;;;;23/07/2025;25/07/2025;Trench Farrel (XL);136000;1;;Móvil;;;;Sí;;;;;
5787;cliente_0999@ejemplo.com;23/07/2025 00:00:32;Abierta;Recibido;Enviado;ARS;128000.0;0.0;6934.01;134934.01;;;;;;;;;;Capital Federal;;Capital Federal;Argentina;Correo Argentino Clasico - Envio a domicilio;Mercado Pago;;;;23/07/2025;25/07/2025;Vestido Marilyn (M);128000;1;;Móvil;;;;Sí;;;;;
5786;cliente_1000@ejemplo.com;22/07/2025 22:04:58;Abierta;Recibido;Enviado;ARS;128000.0;0.0;0.0;128000.0;;;;;;;;;;Capital Federal;;Capital Federal;Argentina;Envio en moto CABA;Transferencia o depósito bancario;;;;23/07/2025;28/07/2025;Vestido Marilyn (M);128000;1;;Móvil;;;;Sí;;;;;
5785;cliente_0880@ejemplo.com;22/07/2025 19:31:33;Abierta;Recibido;Enviado;ARS;169500.0;0.0;0.0;169500.0;;;;;;;;;;Rosario;;Santa Fe;Argentina;Correo Argentino Clasico - Envio a domicilio;Mercado Pago;;;;22/07/2025;25/07/2025;Vestido Madison (L);148000;1;;Móvil;;;;Sí;;;;;
5785;cliente_0880@ejemplo.com;;;;;;;;;;;;;;;;;;;;;;;;;;;;;;Trench Blair (L);21500;1;;;;;;Sí;;;;;
5784;cliente_1001@ejemplo.com;22/07/2025 10:24:28;Abierta;Recibido;Enviado;ARS;108000.0;10800.0;6934.01;104134.01;;;;;;;;;;Claypole- almirante Brown;;Gran Buenos Aires;Argentina;Correo Argentino Clasico - Envio a domicilio;Mercado Pago;REGALODENIM;;;22/07/2025;22/07/2025;Catsuit Rosier (L);108000;1;;Móvil;;;;Sí;;;;;
5782;cliente_1002@ejemplo.com;22/07/2025 03:27:33;Abierta;Recibido;Enviado;ARS;150000.0;0.0;0.0;150000.0;;;;;;;;;;San Javier;;Córdoba;Argentina;Correo Argentino Clasico - Envio a domicilio;Mercado Pago;;;;22/07/2025;22/07/2025;Catsuit Fame (S);90000;1;;Móvil;;;;Sí;;;;;
5782;cliente_1002@ejemplo.com;;;;;;;;;;;;;;;;;;;;;;;;;;;;;;Vestido Olivia (M);60000;1;;;;;;Sí;;;;;
5780;cliente_1003@ejemplo.com;21/07/2025 19:29:59;Abierta;Recibido;Enviado;ARS;115000.0;0.0;4242.0;119242.0;;;;;;;;;;Capital Federal;;Capital Federal;Argentina;Punto de retiro;Mercado Pago;;;;21/07/2025;22/07/2025;Catsuit Ciro (L);115000;1;;Móvil;;;;Sí;;;;;
5779;cliente_0879@ejemplo.com;21/07/2025 14:30:43;Abierta;Recibido;Enviado;ARS;170800.0;0.0;0.0;170800.0;;;;;;;;;;Rosario;;Santa Fe;Argentina;Punto de retiro;Mercado Pago;;;;21/07/2025;22/07/2025;Top Idole (XL);49000;1;;Móvil;;;;Sí;;;;;
5779;cliente_0879@ejemplo.com;;;;;;;;;;;;;;;;;;;;;;;;;;;;;;Corset Roma (XL);52500;1;;;;;;Sí;;;;;
5779;cliente_0879@ejemplo.com;;;;;;;;;;;;;;;;;;;;;;;;;;;;;;Falda Irina (L);69300;1;;;;;;Sí;;;;;
5777;cliente_1004@ejemplo.com;21/07/2025 11:56:33;Abierta;Recibido;Enviado;ARS;105000.0;0.0;10111.01;115111.01;;;;;;;;;;Lomas de Zamora ;;Gran Buenos Aires;Argentina;Correo Argentino Clasico - Envio a domicilio;Mercado Pago;;;;21/07/2025;21/07/2025;Overall Carola (XL);105000;1;;Móvil;;;;Sí;;;;;
5776;cliente_1005@ejemplo.com;21/07/2025 10:37:30;Abierta;Recibido;Enviado;ARS;85000.0;0.0;8903.99;93903.99;;;;;;;;;;Pareditas;;Mendoza;Argentina;Correo Argentino Clasico - Envio a domicilio;Mercado Pago;;;;21/07/2025;21/07/2025;Catsuit Charly negro (L);85000;1;;Móvil;;;;Sí;;;;;
5775;cliente_1006@ejemplo.com;21/07/2025 07:11:23;Abierta;Recibido;Enviado;ARS;70000.0;0.0;0.0;70000.0;;;;;;;;;;Capital Federal;;Capital Federal;Argentina;Envio en moto CABA;Mercado Pago;;;;21/07/2025;22/07/2025;Vestido Opium Black (XL);70000;1;;Móvil;;;;Sí;;;;;
5774;cliente_1007@ejemplo.com;20/07/2025 21:57:28;Abierta;Recibido;Enviado;ARS;120000.0;0.0;7560.0;127560.0;;;;;;;;;;Buenos Aires;;Gran Buenos Aires;Argentina;Correo Argentino Clasico - Envio a domicilio;Mercado Pago;;;;20/07/2025;21/07/2025;Vestido Isabella (XL);60000;2;;Móvil;;;;Sí;;;;;
5772;cliente_0264@ejemplo.com;20/07/2025 20:17:30;Abierta;Recibido;Enviado;ARS;181000.0;0.0;0.0;181000.0;;;;;;;;;;General Pueyrredón;;Buenos Aires;Argentina;Punto de retiro;Mercado Pago;;;;20/07/2025;21/07/2025;Trench Farrel (M);136000;1;;Móvil;;;;Sí;;;;;
5772;cliente_0264@ejemplo.com;;;;;;;;;;;;;;;;;;;;;;;;;;;;;;Camisa Ivette (S);45000;1;1412;;;;;Sí;;;;;
5771;cliente_1008@ejemplo.com;20/07/2025 19:55:09;Abierta;Recibido;Enviado;ARS;148000.0;0.0;0.0;148000.0;;;;;;;;;;Quequen;;Buenos Aires;Argentina;Correo Argentino Clasico - Envio a domicilio;Mercado Pago;;;;20/07/2025;21/07/2025;Vestido Madison (S);148000;1;;Móvil;;;;Sí;;;;;
5770;cliente_1009@ejemplo.com;20/07/2025 19:19:09;Abierta;Recibido;Enviado;ARS;87500.0;0.0;4242.0;91742.0;;;;;;;;;;Moron;;Gran Buenos Aires;Argentina;Punto de retiro;Mercado Pago;;;;20/07/2025;21/07/2025;Vestido Keaton (L);87500;1;;Móvil;;;;Sí;;;;;
5769;cliente_1010@ejemplo.com;20/07/2025 15:17:00;Abierta;Recibido;Enviado;ARS;196000.0;0.0;0.0;196000.0;;;;;;;;;;La Matanza;;Gran Buenos Aires;Argentina;Punto de retiro;Mercado Pago;;;;20/07/2025;21/07/2025;Vestido Fini (XL);91000;1;;Móvil;;;;Sí;;;;;
5769;cliente_1010@ejemplo.com;;;;;;;;;;;;;;;;;;;;;;;;;;;;;;Overall Milo (XL);105000;1;;;;;;Sí;;;;;
5768;cliente_1011@ejemplo.com;20/07/2025 04:06:36;Abierta;Recibido;Enviado;ARS;87000.0;0.0;6934.01;93934.01;;;;;;;;;;Gutierrez;;Gran Buenos Aires;Argentina;Correo Argentino Clasico - Envio a domicilio;Transferencia o depósito bancario;;;;21/07/2025;21/07/2025;Vestido Valentino (M);87000;1;;Móvil;;;;Sí;;;;;
5767;cliente_1012@ejemplo.com;20/07/2025 03:56:59;Abierta;Recibido;Enviado;ARS;70000.0;0.0;0.0;70000.0;;;;;;;;;;Capital Federal;;Capital Federal;Argentina;Envio en moto CABA;Mercado Pago;;;;20/07/2025;21/07/2025;Vestido Magda (XL);70000;1;1725;Móvil;;;;Sí;;;;;
5766;cliente_1013@ejemplo.com;19/07/2025 21:29:24;Abierta;Recibido;Enviado;ARS;162000.0;0.0;0.0;162000.0;;;;;;;;;;Bernal oeste;;Gran Buenos Aires;Argentina;Correo Argentino Clasico - Envio a domicilio;Mercado Pago;;;;19/07/2025;21/07/2025;Falda Charlotte (L);57000;1;;Móvil;;;;Sí;;;;;
5766;cliente_1013@ejemplo.com;;;;;;;;;;;;;;;;;;;;;;;;;;;;;;Overall Carola (S);105000;1;;;;;;Sí;;;;;
5765;cliente_1014@ejemplo.com;19/07/2025 18:20:10;Abierta;Recibido;Enviado;ARS;102000.0;0.0;8903.99;110903.99;;;;;;;;;;Bandera;;Santiago del Estero;Argentina;Correo Argentino Clasico - Envio a domicilio;Mercado Pago;;;;19/07/2025;21/07/2025;Vestido Nadine (L);102000;1;;Móvil;;;;Sí;;;;;
5764;cliente_1015@ejemplo.com;19/07/2025 15:50:56;Abierta;Recibido;Enviado;ARS;244000.0;0.0;0.0;244000.0;;;;;;;;;;Confluencia;;Neuquén;Argentina;Correo Argentino Clasico - Envio a domicilio;Mercado Pago;;;;19/07/2025;21/07/2025;Overall Simone (M);159000;1;;Móvil;;;;Sí;;;;;
5764;cliente_1015@ejemplo.com;;;;;;;;;;;;;;;;;;;;;;;;;;;;;;Catsuit Charly negro (M);85000;1;;;;;;Sí;;;;;
5763;cliente_1016@ejemplo.com;19/07/2025 15:44:25;Abierta;Recibido;Enviado;ARS;166000.0;0.0;0.0;166000.0;;;;;;;;;;El Palomar;;Gran Buenos Aires;Argentina;Punto de retiro;Mercado Pago;;;;19/07/2025;21/07/2025;Vestido Francesca (XL);75000;1;;Móvil;;;;Sí;;;;;
5763;cliente_1016@ejemplo.com;;;;;;;;;;;;;;;;;;;;;;;;;;;;;;Vestido Fini (XL);91000;1;;;;;;Sí;;;;;
5762;cliente_0791@ejemplo.com;19/07/2025 15:11:38;Abierta;Recibido;Enviado;ARS;57000.0;0.0;0.0;57000.0;;;;;;;;;;Capital Federal;;Capital Federal;Argentina;Envio en moto CABA;Mercado Pago;;;;19/07/2025;22/07/2025;Falda Zoe (L);57000;1;;Móvil;;;;Sí;;;;;
5761;cliente_1017@ejemplo.com;19/07/2025 11:44:27;Abierta;Recibido;Enviado;ARS;102000.0;0.0;8215.0;110215.0;;;;;;;;;;Mar del Plata;;Buenos Aires;Argentina;Correo Argentino Clasico - Envio a domicilio;Mercado Pago;;;;19/07/2025;21/07/2025;Vestido Nadine (M);102000;1;;Móvil;;;;Sí;;;;;
5760;cliente_1018@ejemplo.com;19/07/2025 08:43:16;Abierta;Recibido;Enviado;ARS;69300.0;0.0;0.0;69300.0;;;;;;;;;;Capital Federal;;Capital Federal;Argentina;Envio en moto CABA;Mercado Pago;;;;19/07/2025;22/07/2025;Falda Irina (L);69300;1;;Móvil;;;;Sí;;;;;
5759;cliente_0822@ejemplo.com;19/07/2025 04:19:50;Abierta;Recibido;Enviado;ARS;126000.0;0.0;0.0;126000.0;;;;;;;;;;Capital Federal;;Capital Federal;Argentina;Envio en moto CABA;Mercado Pago;;;;21/07/2025;22/07/2025;Overall Heidi (M);126000;1;;Móvil;;;;Sí;;;;;
5757;cliente_0625@ejemplo.com;19/07/2025 03:24:28;Abierta;Recibido;Enviado;ARS;135000.0;0.0;0.0;135000.0;;;;;;;;;;Aldea Spstzenkutter;;Entre Ríos;Argentina;Correo Argentino Clasico - Envio a domicilio;Mercado Pago;;;;19/07/2025;21/07/2025;Vestido Koko (L);135000;1;1662;Móvil;;;;Sí;;;;;
5756;cliente_1019@ejemplo.com;18/07/2025 18:00:12;Abierta;Recibido;Enviado;ARS;128000.0;0.0;8903.99;136903.99;;;;;;;;;;Mariano.I.Loza;;Corrientes;Argentina;Correo Argentino Clasico - Envio a domicilio;Mercado Pago;;;;18/07/2025;21/07/2025;Vestido Marilyn (S);128000;1;;Móvil;;;;Sí;;;;;
5755;cliente_0774@ejemplo.com;18/07/2025 15:43:32;Abierta;Recibido;Enviado;ARS;126000.0;12600.0;5611.0;119011.0;;;;;;;;;;Capital;;Corrientes;Argentina;Punto de retiro;Mercado Pago;REGALODENIM;;;18/07/2025;21/07/2025;Overall Jesi (XL);126000;1;;Móvil;;;;Sí;;;;;
5754;cliente_0978@ejemplo.com;18/07/2025 11:26:07;Abierta;Recibido;Enviado;ARS;135000.0;0.0;0.0;135000.0;;;;;;;;;;Comodoro rivadavia;;Chubut;Argentina;Correo Argentino Clasico - Envio a domicilio;Mercado Pago;;;;18/07/2025;18/07/2025;Catsuit Felix (L);135000;1;;Móvil;;;;Sí;;;;;
5753;cliente_0341@ejemplo.com;18/07/2025 10:32:20;Abierta;Recibido;Enviado;ARS;62500.0;0.0;4242.0;66742.0;;;;;;;;;;Capital Federal;;Capital Federal;Argentina;Punto de retiro;Transferencia o depósito bancario;;;;18/07/2025;18/07/2025;Vestido Libre (L);62500;1;;Móvil;;;;Sí;;;;;
5752;cliente_1020@ejemplo.com;18/07/2025 01:52:46;Abierta;Recibido;Enviado;ARS;110000.0;0.0;6934.01;116934.01;;;;;;;;;;Avellaneda;;Gran Buenos Aires;Argentina;Correo Argentino Clasico - Envio a domicilio;Mercado Pago;;;;18/07/2025;18/07/2025;Vestido Catalina (M);110000;1;;Móvil;;;;Sí;;;;;
5751;cliente_0850@ejemplo.com;17/07/2025 16:30:35;Abierta;Recibido;Enviado;ARS;205000.0;0.0;0.0;205000.0;;;;;;;;;;Salta capital ;;Salta;Argentina;Correo Argentino Clasico - Envio a domicilio;Mercado Pago;;;;17/07/2025;18/07/2025;Catsuit Ciro (M);115000;1;;Móvil;;;;Sí;;;;;
5751;cliente_0850@ejemplo.com;;;;;;;;;;;;;;;;;;;;;;;;;;;;;;Catsuit Fame (M);90000;1;;;;;;Sí;;;;;
5750;cliente_1021@ejemplo.com;17/07/2025 14:52:34;Abierta;Recibido;Enviado;ARS;115500.0;0.0;0.0;115500.0;;;;;;;;;;Ciudad Autónoma de Buenos Aires;;Capital Federal;Argentina;Envio en moto CABA;Mercado Pago;;;;17/07/2025;18/07/2025;Vestido Alba (S);115500;1;;Web;;;;Sí;;;;;
5748;cliente_0478@ejemplo.com;17/07/2025 09:58:23;Abierta;Recibido;Enviado;ARS;110000.0;0.0;0.0;110000.0;;;;;;;;;;Capital Federal;;Capital Federal;Argentina;Envio en moto CABA;Mercado Pago;;;;17/07/2025;17/07/2025;Vestido Catalina (M);110000;1;;Móvil;;;;Sí;;;;;
5747;cliente_1022@ejemplo.com;16/07/2025 18:26:59;Abierta;Recibido;Enviado;ARS;153000.0;15300.0;0.0;137700.0;;;;;;;;;;San Nicolás;;Buenos Aires;Argentina;Punto de retiro;Mercado Pago;REGALODENIM;;;16/07/2025;17/07/2025;Jeans Enzo (46);51000;1;1748;Móvil;;;;Sí;;;;;
5747;cliente_1022@ejemplo.com;;;;;;;;;;;;;;;;;;;;;;;;;;;;;;Vestido Nadine (L);102000;1;;;;;;Sí;;;;;
5746;cliente_1023@ejemplo.com;16/07/2025 17:29:52;Abierta;Recibido;Enviado;ARS;113000.0;0.0;8444.0;121444.0;;;;;;;;;;Coronel Suárez ;;Buenos Aires;Argentina;Correo Argentino Clasico - Envio a domicilio;Mercado Pago;;;;16/07/2025;17/07/2025;Top Ambar (L);56000;1;;Móvil;;;;Sí;;;;;
5746;cliente_1023@ejemplo.com;;;;;;;;;;;;;;;;;;;;;;;;;;;;;;Falda Vivianne (L);57000;1;;;;;;Sí;;;;;
5745;cliente_0250@ejemplo.com;16/07/2025 16:03:19;Abierta;Recibido;Enviado;ARS;205000.0;0.0;0.0;205000.0;;;;;;;;;;San Fernando;;Chaco;Argentina;Punto de retiro;Mercado Pago;;;;16/07/2025;17/07/2025;Catsuit Fame (XL);90000;1;;Móvil;;;;Sí;;;;;
5745;cliente_0250@ejemplo.com;;;;;;;;;;;;;;;;;;;;;;;;;;;;;;Catsuit Ciro (M);115000;1;;;;;;Sí;;;;;
5744;cliente_1024@ejemplo.com;16/07/2025 11:46:48;Abierta;Recibido;Enviado;ARS;188000.0;0.0;0.0;188000.0;;;;;;;;;;Escalante;;Chubut;Argentina;Punto de retiro;Mercado Pago;;;;16/07/2025;16/07/2025;Vestido Marilyn (M);128000;1;;Móvil;;;;Sí;;;;;
5744;cliente_1024@ejemplo.com;;;;;;;;;;;;;;;;;;;;;;;;;;;;;;Vestido Olivia (M);60000;1;;;;;;Sí;;;;;
5743;cliente_1025@ejemplo.com;16/07/2025 11:31:29;Abierta;Recibido;Enviado;ARS;87500.0;8750.0;6934.01;85684.01;;;;;;;;;;Quilmes;;Gran Buenos Aires;Argentina;Correo Argentino Clasico - Envio a domicilio;Mercado Pago;REGALODENIM;;;16/07/2025;16/07/2025;Vestido Keaton (L);87500;1;;Móvil;;;;Sí;;;;;
5741;cliente_1026@ejemplo.com;16/07/2025 02:36:52;Abierta;Recibido;Enviado;ARS;60000.0;0.0;4242.0;64242.0;;;;;;;;;;Ituzaingo;;Gran Buenos Aires;Argentina;Punto de retiro;Mercado Pago;;;;16/07/2025;16/07/2025;Vestido Isabella (XL);60000;1;;Móvil;;;;Sí;;;;;
5740;cliente_1027@ejemplo.com;16/07/2025 01:26:14;Abierta;Recibido;Enviado;ARS;194300.0;0.0;0.0;194300.0;;;;;;;;;;Rincón de los Sauces ;;Neuquén;Argentina;Correo Argentino Clasico - Envio a domicilio;Mercado Pago;;;;16/07/2025;17/07/2025;Vestido Bianca (M);125000;1;;Móvil;;;;Sí;;;;;
5740;cliente_1027@ejemplo.com;;;;;;;;;;;;;;;;;;;;;;;;;;;;;;Falda Irina (M);69300;1;;;;;;Sí;;;;;
5739;cliente_1028@ejemplo.com;16/07/2025 00:20:40;Abierta;Recibido;Enviado;ARS;120000.0;0.0;10111.01;130111.01;;;;;;;;;;Tigre ;;Gran Buenos Aires;Argentina;Correo Argentino Clasico - Envio a domicilio;Mercado Pago;;;;16/07/2025;16/07/2025;Vestido Rachel (M);120000;1;;Móvil;;;;Sí;;;;;
5738;cliente_1029@ejemplo.com;15/07/2025 22:01:05;Abierta;Recibido;Enviado;ARS;189000.0;18900.0;0.0;170100.0;;;;;;;;;;La Plata;;Buenos Aires;Argentina;Punto de retiro;Transferencia o depósito bancario;REGALODENIM;;;16/07/2025;16/07/2025;Overall Sabrina (M);189000;1;;Web;;;;Sí;;;;;
5737;cliente_0426@ejemplo.com;15/07/2025 19:50:55;Abierta;Recibido;Enviado;ARS;243000.0;0.0;0.0;243000.0;;;;;;;;;;Avellaneda;;Gran Buenos Aires;Argentina;Punto de retiro;Mercado Pago;;;;15/07/2025;16/07/2025;Catsuit Rosier (XL);108000;1;;Móvil;;;;Sí;;;;;
5737;cliente_0426@ejemplo.com;;;;;;;;;;;;;;;;;;;;;;;;;;;;;;Catsuit Felix (XL);135000;1;;;;;;Sí;;;;;
5736;cliente_0965@ejemplo.com;15/07/2025 19:35:06;Abierta;Recibido;Enviado;ARS;130000.0;0.0;0.0;130000.0;;;;;;;;;;Bs As;;Capital Federal;Argentina;Envio en moto CABA;Efectivo (solo válido con la opción de retirar en el local);;;;17/07/2025;17/07/2025;Vestido Mora (S);130000;1;;Móvil;;;;Sí;;;;;
5735;cliente_1030@ejemplo.com;15/07/2025 18:20:47;Abierta;Recibido;Enviado;ARS;135000.0;0.0;0.0;135000.0;;;;;;;;;;Tandil;;Buenos Aires;Argentina;Correo Argentino Clasico - Envio a domicilio;Mercado Pago;;;;15/07/2025;16/07/2025;Vestido Koko (XL);135000;1;1662;Móvil;;;;Sí;;;;;
5734;cliente_0226@ejemplo.com;15/07/2025 17:41:27;Abierta;Recibido;Enviado;ARS;128000.0;0.0;8215.0;136215.0;;;;;;;;;;Villa allende ;;Córdoba;Argentina;Correo Argentino Clasico - Envio a domicilio;Transferencia o depósito bancario;;;;16/07/2025;16/07/2025;Vestido Marilyn (S);128000;1;;Móvil;;;;Sí;;;;;
5733;cliente_1031@ejemplo.com;15/07/2025 17:28:05;Abierta;Recibido;Enviado;ARS;101500.0;0.0;0.0;101500.0;;;;;;;;;;Capital Federal;;Capital Federal;Argentina;Envio en moto CABA;Mercado Pago;;;;15/07/2025;18/07/2025;Top Idole (XL);49000;1;;Móvil;;;;Sí;;;;;
5733;cliente_1031@ejemplo.com;;;;;;;;;;;;;;;;;;;;;;;;;;;;;;Corset Roma (XL);52500;1;;;;;;Sí;;;;;
5731;cliente_1032@ejemplo.com;15/07/2025 14:38:58;Abierta;Recibido;Enviado;ARS;130000.0;0.0;0.0;130000.0;;;;;;;;;;Capital catamarca;;Catamarca;Argentina;Correo Argentino Clasico - Envio a domicilio;Mercado Pago;;;;15/07/2025;16/07/2025;Vestido Ornella (M);130000;1;;Móvil;;;;Sí;;;;;
5730;cliente_1033@ejemplo.com;15/07/2025 12:54:59;Abierta;Recibido;Enviado;ARS;105000.0;0.0;10186.0;115186.0;;;;;;;;;;Buenos aires;;Buenos Aires;Argentina;Punto de retiro;Mercado Pago;;;;15/07/2025;16/07/2025;Overall Carola (XL);105000;1;;Móvil;;;;Sí;;;;;
5728;cliente_1034@ejemplo.com;15/07/2025 08:01:03;Abierta;Recibido;Enviado;ARS;570500.0;0.0;0.0;570500.0;;;;;;;;;;Capital Federal;;Capital Federal;Argentina;Envio en moto CABA;Efectivo (solo válido con la opción de retirar en el local);;;;17/07/2025;17/07/2025;Vestido Isabella (M);60000;1;;Móvil;;;;Sí;;;;;
5728;cliente_1034@ejemplo.com;;;;;;;;;;;;;;;;;;;;;;;;;;;;;;Vestido Libre (S);62500;1;;;;;;Sí;;;;;
5728;cliente_1034@ejemplo.com;;;;;;;;;;;;;;;;;;;;;;;;;;;;;;Vestido Marilyn (S);128000;1;;;;;;Sí;;;;;
5728;cliente_1034@ejemplo.com;;;;;;;;;;;;;;;;;;;;;;;;;;;;;;Vestido Zaira (Celeste, S);130000;1;1780;;;;;Sí;;;;;
5728;cliente_1034@ejemplo.com;;;;;;;;;;;;;;;;;;;;;;;;;;;;;;Vestido Olivia (S);60000;1;;;;;;Sí;;;;;
5728;cliente_1034@ejemplo.com;;;;;;;;;;;;;;;;;;;;;;;;;;;;;;Vestido Zaira (Azul, S);130000;1;1780;;;;;Sí;;;;;
5727;cliente_1035@ejemplo.com;14/07/2025 23:25:34;Abierta;Recibido;Enviado;ARS;115000.0;0.0;8903.99;123903.99;;;;;;;;;;Capital;;Catamarca;Argentina;Correo Argentino Clasico - Envio a domicilio;Transferencia o depósito bancario;;;;16/07/2025;16/07/2025;Catsuit Ciro (XL);115000;1;;Web;;;;Sí;;;;;
5726;cliente_1011@ejemplo.com;14/07/2025 23:20:15;Abierta;Recibido;Enviado;ARS;135000.0;0.0;0.0;135000.0;;;;;;;;;;Gutierrez;;Gran Buenos Aires;Argentina;Correo Argentino Clasico - Envio a domicilio;Mercado Pago;;;;14/07/2025;16/07/2025;Catsuit Felix (L);135000;1;;Móvil;;;;Sí;;;;;
5725;cliente_1036@ejemplo.com;14/07/2025 22:21:21;Abierta;Recibido;Enviado;ARS;175000.0;0.0;0.0;175000.0;;;;;;;;;;Rosario;;Santa Fe;Argentina;Punto de retiro;Transferencia o depósito bancario;;;;15/07/2025;16/07/2025;Catsuit Ciro (L);115000;1;;Móvil;;;;Sí;;;;;
5725;cliente_1036@ejemplo.com;;;;;;;;;;;;;;;;;;;;;;;;;;;;;;Jean Blake (40, AZUL OSCURO);60000;1;;;;;;Sí;;;;;
5724;cliente_1037@ejemplo.com;14/07/2025 18:22:38;Abierta;Recibido;Enviado;ARS;194600.0;0.0;0.0;194600.0;;;;;;;;;;General San Martin;;Gran Buenos Aires;Argentina;Correo Argentino Clasico - Envio a domicilio;Mercado Pago;;;;14/07/2025;16/07/2025;Overall Taylor (L);125300;1;;Móvil;;;;Sí;;;;;
5724;cliente_1037@ejemplo.com;;;;;;;;;;;;;;;;;;;;;;;;;;;;;;Falda Irina (L);69300;1;;;;;;Sí;;;;;
5723;cliente_1038@ejemplo.com;14/07/2025 09:26:34;Abierta;Recibido;Enviado;ARS;51000.0;0.0;5959.0;56959.0;;;;;;;;;;La Matanza;;Gran Buenos Aires;Argentina;Punto de retiro;Mercado Pago;;;;14/07/2025;14/07/2025;Jeans Enzo (46);51000;1;1748;Móvil;;;;Sí;;;;;
5722;cliente_1039@ejemplo.com;13/07/2025 23:41:03;Abierta;Recibido;Enviado;ARS;130000.0;0.0;0.0;130000.0;;;;;;;;;;Punilla;;Córdoba;Argentina;Correo Argentino Clasico - Envio a domicilio;Transferencia o depósito bancario;;;;14/07/2025;14/07/2025;Vestido Mora (L);130000;1;;Móvil;;;;Sí;;;;;
5720;cliente_1040@ejemplo.com;13/07/2025 22:36:07;Abierta;Recibido;Enviado;ARS;128000.0;0.0;0.0;128000.0;;;;;;;;;;Capital Federal;;Capital Federal;Argentina;Envio en moto CABA;Mercado Pago;;;;13/07/2025;14/07/2025;Vestido Marilyn (S);128000;1;;Móvil;;;;Sí;;;;;
5718;cliente_1041@ejemplo.com;13/07/2025 18:34:13;Abierta;Recibido;Enviado;ARS;240000.0;0.0;0.0;240000.0;;;;;;;;;;Capital Federal;;Capital Federal;Argentina;Envio en moto CABA;Mercado Pago;;;;13/07/2025;14/07/2025;Overall Milo (XL);105000;1;;Móvil;;;;Sí;;;;;
5718;cliente_1041@ejemplo.com;;;;;;;;;;;;;;;;;;;;;;;;;;;;;;Vestido Koko (XL);135000;1;1662;;;;;Sí;;;;;
5717;cliente_1042@ejemplo.com;13/07/2025 14:56:24;Abierta;Recibido;Enviado;ARS;128000.0;0.0;5839.0;133839.0;;;;;;;;;;Jujuy;;Jujuy;Argentina;Punto de retiro;Mercado Pago;;;;13/07/2025;14/07/2025;Vestido Marilyn (M);128000;1;;Móvil;;;;Sí;;;;;
5716;cliente_0789@ejemplo.com;13/07/2025 13:35:41;Abierta;Recibido;Enviado;ARS;192500.0;0.0;0.0;192500.0;;;;;;;;;;Robles;;Santiago del Estero;Argentina;Correo Argentino Clasico - Envio a domicilio;Mercado Pago;;;;13/07/2025;14/07/2025;Vestido Angelina (L);105000;1;;Móvil;;;;Sí;;;;;
5716;cliente_0789@ejemplo.com;;;;;;;;;;;;;;;;;;;;;;;;;;;;;;Vestido Keaton (L);87500;1;;;;;;Sí;;;;;
5715;cliente_1043@ejemplo.com;13/07/2025 12:16:20;Abierta;Recibido;Enviado;ARS;150000.0;0.0;0.0;150000.0;;;;;;;;;;Monte Grande;;Gran Buenos Aires;Argentina;Correo Argentino Clasico - Envio a domicilio;Mercado Pago;;;;13/07/2025;14/07/2025;Vestido Serena (M);150000;1;;Móvil;;;;Sí;;;;;
5714;cliente_1044@ejemplo.com;12/07/2025 15:56:20;Abierta;Recibido;Enviado;ARS;189000.0;0.0;0.0;189000.0;;;;;;;;;;Corrientes;;Corrientes;Argentina;Correo Argentino Clasico - Envio a domicilio;Mercado Pago;;;;12/07/2025;14/07/2025;Overall Libi (L);189000;1;1800;Móvil;;;;Sí;;;;;
5713;cliente_1045@ejemplo.com;12/07/2025 13:32:51;Abierta;Recibido;Enviado;ARS;280000.0;0.0;0.0;280000.0;;;;;;;;;;1661;;Gran Buenos Aires;Argentina;Correo Argentino Clasico - Envio a domicilio;Mercado Pago;;;;12/07/2025;14/07/2025;Vestido Melody (XL);120000;1;;Móvil;;;;Sí;;;;;
5713;cliente_1045@ejemplo.com;;;;;;;;;;;;;;;;;;;;;;;;;;;;;;Vestido Koko (XL);135000;1;1662;;;;;Sí;;;;;
5713;cliente_1045@ejemplo.com;;;;;;;;;;;;;;;;;;;;;;;;;;;;;;Bolso Lady West;25000;1;;;;;;Sí;;;;;
5712;cliente_1046@ejemplo.com;12/07/2025 11:49:11;Abierta;Recibido;Enviado;ARS;108000.0;0.0;8903.99;116903.99;;;;;;;;;;La Rioja ;;La Rioja;Argentina;Correo Argentino Clasico - Envio a domicilio;Mercado Pago;;;;12/07/2025;14/07/2025;Catsuit Sena (L);108000;1;;Móvil;;;;Sí;;;;;
5711;cliente_1047@ejemplo.com;12/07/2025 11:38:35;Abierta;Recibido;Enviado;ARS;108000.0;0.0;8903.99;116903.99;;;;;;;;;;Las Heras ;;Mendoza;Argentina;Correo Argentino Clasico - Envio a domicilio;Mercado Pago;;;;12/07/2025;14/07/2025;Overall Donatella (S);108000;1;;Móvil;;;;Sí;;;;;
5710;cliente_1048@ejemplo.com;12/07/2025 09:02:45;Abierta;Recibido;Enviado;ARS;128000.0;0.0;0.0;128000.0;;;;;;;;;;Capital Federal;;Capital Federal;Argentina;Envio en moto CABA;Mercado Pago;;;;12/07/2025;14/07/2025;Vestido Marilyn (M);128000;1;;Móvil;;;;Sí;;;;;
5709;cliente_0166@ejemplo.com;12/07/2025 00:45:00;Abierta;Recibido;Enviado;ARS;91000.0;0.0;0.0;91000.0;;;;;;;;;;Capital Federal;;Capital Federal;Argentina;Envio en moto CABA;Mercado Pago;;;;12/07/2025;14/07/2025;Vestido Fini (S);91000;1;;Móvil;;;;Sí;;;;;
5708;cliente_1049@ejemplo.com;11/07/2025 20:32:36;Abierta;Recibido;Enviado;ARS;149000.0;0.0;0.0;149000.0;;;;;;;;;;Buenos Aires;;Gran Buenos Aires;Argentina;Punto de retiro;Mercado Pago;;;;11/07/2025;14/07/2025;Capa Olsen (UNICO);149000;1;1797;Móvil;;;;Sí;;;;;
5707;cliente_0760@ejemplo.com;11/07/2025 19:21:57;Abierta;Recibido;Enviado;ARS;128000.0;0.0;6934.01;134934.01;;;;;;;;;;Pilar;;Gran Buenos Aires;Argentina;Correo Argentino Clasico - Envio a domicilio;Mercado Pago;;;;11/07/2025;14/07/2025;Vestido Marilyn (M);128000;1;;Móvil;;;;Sí;;;;;
5706;cliente_1050@ejemplo.com;11/07/2025 19:10:28;Abierta;Recibido;Enviado;ARS;108000.0;0.0;5839.0;113839.0;;;;;;;;;;Deseado;;Santa Cruz;Argentina;Punto de retiro;Mercado Pago;;;;11/07/2025;14/07/2025;Catsuit Sena (M);108000;1;;Móvil;;;;Sí;;;;;
5705;cliente_0203@ejemplo.com;11/07/2025 18:02:12;Abierta;Recibido;Enviado;ARS;461000.0;0.0;0.0;461000.0;;;;;;;;;;Ezeiza;;Gran Buenos Aires;Argentina;Correo Argentino Clasico - Envio a domicilio;Mercado Pago;;;;11/07/2025;14/07/2025;Catsuit Virna (M);102000;1;;Móvil;;;;Sí;;;;;
5705;cliente_0203@ejemplo.com;;;;;;;;;;;;;;;;;;;;;;;;;;;;;;Vestido Alba (S);115500;1;;;;;;Sí;;;;;
5705;cliente_0203@ejemplo.com;;;;;;;;;;;;;;;;;;;;;;;;;;;;;;Catsuit Felix (S);135000;1;;;;;;Sí;;;;;
5705;cliente_0203@ejemplo.com;;;;;;;;;;;;;;;;;;;;;;;;;;;;;;Catsuit Máxima (S);108500;1;;;;;;Sí;;;;;
5704;cliente_1051@ejemplo.com;11/07/2025 13:23:33;Abierta;Recibido;Enviado;ARS;235000.0;0.0;0.0;235000.0;;;;;;;;;;La Plata;;Buenos Aires;Argentina;Punto de retiro;Mercado Pago;;;;11/07/2025;14/07/2025;Campera Xuxa (L);235000;1;;Móvil;;;;Sí;;;;;
5703;cliente_1052@ejemplo.com;10/07/2025 22:02:55;Abierta;Recibido;Enviado;ARS;135000.0;0.0;0.0;135000.0;;;;;;;;;;Mar del Plata ;;Buenos Aires;Argentina;Correo Argentino Clasico - Envio a domicilio;Mercado Pago;;;;10/07/2025;14/07/2025;Catsuit Felix (XL);135000;1;;Móvil;;;;Sí;;;;;
5702;cliente_1053@ejemplo.com;10/07/2025 10:53:01;Abierta;Recibido;Enviado;ARS;128000.0;0.0;8215.0;136215.0;;;;;;;;;;San Jose De La Esquina;;Santa Fe;Argentina;Correo Argentino Clasico - Envio a domicilio;Mercado Pago;;;;10/07/2025;10/07/2025;Vestido Marilyn (M);128000;1;;Móvil;;;;Sí;;;;;
5701;cliente_1054@ejemplo.com;10/07/2025 10:04:45;Abierta;Recibido;Enviado;ARS;108000.0;0.0;5146.0;113146.0;;;;;;;;;;La Capital;;Santa Fe;Argentina;Punto de retiro;Mercado Pago;;;;10/07/2025;10/07/2025;Catsuit Sena (L);108000;1;;Móvil;;;;Sí;;;;;
5698;cliente_1055@ejemplo.com;09/07/2025 21:38:25;Abierta;Recibido;Enviado;ARS;126000.0;0.0;0.0;126000.0;;;;;;;;;;Capital Federal;;Capital Federal;Argentina;Envio en moto CABA;Mercado Pago;;;;09/07/2025;10/07/2025;Overall Eiffel (S);126000;1;;Móvil;;;;Sí;;;;;
5697;cliente_1056@ejemplo.com;09/07/2025 21:27:22;Abierta;Recibido;Enviado;ARS;226000.0;0.0;0.0;226000.0;;;;;;;;;;Las rosas;;Santa Fe;Argentina;Correo Argentino Clasico - Envio a domicilio;Mercado Pago;;;;09/07/2025;10/07/2025;Catsuit Felix (XL);135000;1;;Móvil;;;;Sí;;;;;
5697;cliente_1056@ejemplo.com;;;;;;;;;;;;;;;;;;;;;;;;;;;;;;Vestido Fini (XL);91000;1;;;;;;Sí;;;;;
5696;cliente_1057@ejemplo.com;09/07/2025 21:10:56;Abierta;Recibido;Enviado;ARS;128000.0;0.0;6934.01;134934.01;;;;;;;;;;San Isidro;;Gran Buenos Aires;Argentina;Correo Argentino Clasico - Envio a domicilio;Mercado Pago;;;;09/07/2025;10/07/2025;Vestido Marilyn (M);128000;1;;Móvil;;;;Sí;;;;;
5695;cliente_0938@ejemplo.com;09/07/2025 16:23:02;Abierta;Recibido;Enviado;ARS;128000.0;0.0;8215.0;136215.0;;;;;;;;;;Santa Fe;;Santa Fe;Argentina;Correo Argentino Clasico - Envio a domicilio;Mercado Pago;;;;09/07/2025;10/07/2025;Vestido Marilyn (M);128000;1;;Móvil;;;;Sí;;;;;
5694;cliente_0247@ejemplo.com;09/07/2025 13:13:19;Abierta;Recibido;Enviado;ARS;144000.0;0.0;0.0;144000.0;;;;;;;;;;Cordoba Capital;;Córdoba;Argentina;Correo Argentino Clasico - Envio a domicilio;Mercado Pago;;;;09/07/2025;10/07/2025;Vestido Ashlyn (XL);72000;1;;Móvil;;;;Sí;;;;;
5694;cliente_0247@ejemplo.com;;;;;;;;;;;;;;;;;;;;;;;;;;;;;;Vestido Isabella (XL);72000;1;;;;;;Sí;;;;;
5693;cliente_1058@ejemplo.com;08/07/2025 22:56:18;Abierta;Recibido;Enviado;ARS;69300.0;0.0;0.0;69300.0;;;;;;;;;;Capital Federal;;Capital Federal;Argentina;Envio en moto CABA;Mercado Pago;;;;08/07/2025;10/07/2025;Irina (M);69300;1;;Móvil;;;;Sí;;;;;
5692;cliente_1059@ejemplo.com;08/07/2025 20:29:07;Abierta;Recibido;Enviado;ARS;128000.0;0.0;0.0;128000.0;;;;;;;;;;Capital Federal;;Capital Federal;Argentina;Envio en moto CABA;Mercado Pago;;;;08/07/2025;10/07/2025;Vestido Marilyn (S);128000;1;;Móvil;;;;Sí;;;;;
5691;cliente_1060@ejemplo.com;08/07/2025 19:37:29;Abierta;Recibido;Enviado;ARS;128000.0;0.0;4242.0;132242.0;;;;;;;;;;Avellaneda;;Gran Buenos Aires;Argentina;Punto de retiro;Mercado Pago;;;;08/07/2025;10/07/2025;Vestido Marilyn (S);128000;1;;Móvil;;;;Sí;;;;;
5690;cliente_0938@ejemplo.com;08/07/2025 18:47:44;Abierta;Recibido;Enviado;ARS;135000.0;0.0;0.0;135000.0;;;;;;;;;;Santa Fe;;Santa Fe;Argentina;Correo Argentino Clasico - Envio a domicilio;Mercado Pago;;;;08/07/2025;10/07/2025;Catsuit Felix (L);135000;1;;Móvil;;;;Sí;;;;;
5689;cliente_1061@ejemplo.com;08/07/2025 15:53:53;Abierta;Recibido;Enviado;ARS;150000.0;0.0;0.0;150000.0;;;;;;;;;;Campana;;Buenos Aires;Argentina;Punto de retiro;Mercado Pago;;;;08/07/2025;10/07/2025;Vestido Serena (M);150000;1;;Móvil;;;;Sí;;;;;
5688;cliente_1062@ejemplo.com;08/07/2025 00:31:25;Abierta;Recibido;Enviado;ARS;155000.0;0.0;0.0;155000.0;;;;;;;;;;Tres de Febrero;;Gran Buenos Aires;Argentina;Punto de retiro;Mercado Pago;;;;08/07/2025;10/07/2025;Jean Beca (XL);90000;1;;Móvil;;;;Sí;;;;;
5688;cliente_1062@ejemplo.com;;;;;;;;;;;;;;;;;;;;;;;;;;;;;;Jeans Cami (XL);65000;1;;;;;;Sí;;;;;
5685;cliente_1063@ejemplo.com;06/07/2025 20:21:34;Abierta;Recibido;Enviado;ARS;99000.0;0.0;10186.0;109186.0;;;;;;;;;;Bahia Blanca;;Buenos Aires;Argentina;Punto de retiro;Mercado Pago;;;;06/07/2025;07/07/2025;Vestido Rachel (XL);99000;1;;Web;;;;Sí;;;;;
5684;cliente_1064@ejemplo.com;06/07/2025 17:20:15;Abierta;Recibido;Enviado;ARS;250000.0;0.0;0.0;250000.0;;;;;;;;;;San Fernando;;Chaco;Argentina;Correo Argentino Clasico - Envio a domicilio;Mercado Pago;;;;06/07/2025;07/07/2025;Mini Stella (S);90000;1;;Móvil;;;;Sí;;;;;
5684;cliente_1064@ejemplo.com;;;;;;;;;;;;;;;;;;;;;;;;;;;;;;Blazer Carel (S);160000;1;;;;;;Sí;;;;;
5680;cliente_0158@ejemplo.com;05/07/2025 13:12:54;Abierta;Recibido;Enviado;ARS;209000.0;45000.0;0.0;164000.0;;;;;;;;;;Capital Federal;;Capital Federal;Argentina;Envio en moto CABA;Mercado Pago;;;;05/07/2025;07/07/2025;Jeans Richi (44, Azul);90000;1;;Móvil;;;;Sí;;;;;
5680;cliente_0158@ejemplo.com;;;;;;;;;;;;;;;;;;;;;;;;;;;;;;Jeans Jordan (44);119000;1;;;;;;Sí;;;;;
5679;cliente_0158@ejemplo.com;05/07/2025 13:08:49;Abierta;Recibido;Enviado;ARS;175000.0;42500.0;0.0;132500.0;;;;;;;;;;Capital Federal;;Capital Federal;Argentina;Envio en moto CABA;Mercado Pago;;;;05/07/2025;07/07/2025;Jeans Enzo (36);85000;1;1748;Móvil;;;;Sí;;;;;
5679;cliente_0158@ejemplo.com;;;;;;;;;;;;;;;;;;;;;;;;;;;;;;Jean Beca (L);90000;1;;;;;;Sí;;;;;
5678;cliente_0789@ejemplo.com;05/07/2025 11:17:51;Abierta;Recibido;Enviado;ARS;175000.0;42500.0;0.0;132500.0;;;;;;;;;;Robles;;Santiago del Estero;Argentina;Correo Argentino Clasico - Envio a domicilio;Transferencia o depósito bancario;;;;07/07/2025;07/07/2025;Jean Beca (XL);90000;1;;Móvil;;;;Sí;;;;;
5678;cliente_0789@ejemplo.com;;;;;;;;;;;;;;;;;;;;;;;;;;;;;;Jean Boho (46/XL);85000;1;;;;;;Sí;;;;;
5677;cliente_1065@ejemplo.com;04/07/2025 18:18:43;Abierta;Recibido;Enviado;ARS;227000.0;0.0;0.0;227000.0;;;;;;;;;;Vicente López;;Gran Buenos Aires;Argentina;Correo Argentino Clasico - Envio a domicilio;Transferencia o depósito bancario;;;;05/07/2025;07/07/2025;Catsuit Felix (L);99000;1;;Móvil;;;;Sí;;;;;
5677;cliente_1065@ejemplo.com;;;;;;;;;;;;;;;;;;;;;;;;;;;;;;Vestido Marilyn (M);128000;1;;;;;;Sí;;;;;
5676;cliente_1066@ejemplo.com;04/07/2025 06:53:05;Abierta;Recibido;Enviado;ARS;99000.0;0.0;8215.0;107215.0;;;;;;;;;;Roldan;;Santa Fe;Argentina;Correo Argentino Clasico - Envio a domicilio;Transferencia o depósito bancario;;;;04/07/2025;04/07/2025;Catsuit Felix (XL);99000;1;;Móvil;;;;Sí;;;;;
5675;cliente_1067@ejemplo.com;03/07/2025 22:43:28;Abierta;Recibido;Enviado;ARS;159000.0;0.0;0.0;159000.0;;;;;;;;;;Neuquen Capital;;Neuquén;Argentina;Correo Argentino Clasico - Envio a domicilio;Mercado Pago;;;;03/07/2025;04/07/2025;Catsuit Ciro (XL);159000;1;;Móvil;;;;Sí;;;;;
5674;cliente_1068@ejemplo.com;03/07/2025 12:23:44;Abierta;Recibido;Enviado;ARS;135000.0;0.0;0.0;135000.0;;;;;;;;;;Junin;;Mendoza;Argentina;Correo Argentino Clasico - Envio a domicilio;Mercado Pago;;;;03/07/2025;04/07/2025;Vestido Mora (L);135000;1;;Móvil;;;;Sí;;;;;
5673;cliente_1069@ejemplo.com;02/07/2025 12:00:39;Abierta;Recibido;Enviado;ARS;110000.0;0.0;6934.01;116934.01;;;;;;;;;;Villa Adelina .Provincia de Buenos Aires ;;Gran Buenos Aires;Argentina;Correo Argentino Clasico - Envio a domicilio;Mercado Pago;;;;02/07/2025;02/07/2025;Vestido Catalina (XL);110000;1;;Móvil;;;;Sí;;;;;
5672;cliente_0588@ejemplo.com;02/07/2025 10:35:26;Abierta;Recibido;Enviado;ARS;110000.0;0.0;10111.01;120111.01;;;;;;;;;;Quilmes oeste;;Gran Buenos Aires;Argentina;Correo Argentino Clasico - Envio a domicilio;Mercado Pago;;;;02/07/2025;02/07/2025;Overall Carola (XL);110000;1;;Móvil;;;;Sí;;;;;
5671;cliente_1070@ejemplo.com;01/07/2025 13:13:04;Abierta;Recibido;Enviado;ARS;150000.0;0.0;0.0;150000.0;;;;;;;;;;Bella Vista;;Gran Buenos Aires;Argentina;Correo Argentino Clasico - Envio a domicilio;Mercado Pago;;;;01/07/2025;02/07/2025;"Vestido Serena ""Ultimas unidades"" (XL)";150000;1;;Móvil;;;;Sí;;;;;
5670;cliente_1071@ejemplo.com;01/07/2025 08:38:40;Abierta;Recibido;Enviado;ARS;159000.0;0.0;0.0;159000.0;;;;;;;;;;San Isidro;;Gran Buenos Aires;Argentina;Correo Argentino Clasico - Envio a domicilio;Mercado Pago;;;;01/07/2025;01/07/2025;Overall Simone (M);159000;1;;Móvil;;;;Sí;;;;;
5669;cliente_1072@ejemplo.com;30/06/2025 22:40:25;Abierta;Recibido;Enviado;ARS;128000.0;0.0;8372.01;136372.01;;;;;;;;;;City Bell;;Buenos Aires;Argentina;Correo Argentino Clasico - Envio a domicilio;Mercado Pago;;;;30/06/2025;01/07/2025;Vestido Marilyn (L);128000;1;;Móvil;;;;Sí;;;;;
5668;cliente_1073@ejemplo.com;30/06/2025 20:01:14;Abierta;Recibido;Enviado;ARS;128000.0;0.0;8372.01;136372.01;;;;;;;;;;Villa Nueva ;;Córdoba;Argentina;Correo Argentino Clasico - Envio a domicilio;Mercado Pago;;;;30/06/2025;01/07/2025;Vestido Marilyn (L);128000;1;;Móvil;;;;Sí;;;;;
5667;cliente_0170@ejemplo.com;30/06/2025 18:24:38;Abierta;Recibido;Enviado;ARS;110000.0;0.0;4318.0;114318.0;;;;;;;;;;Escobar;;Gran Buenos Aires;Argentina;Punto de retiro;Mercado Pago;;;;30/06/2025;01/07/2025;Vestido Marion (M);110000;1;;Móvil;;;;Sí;;;;;
5666;cliente_1074@ejemplo.com;30/06/2025 17:02:43;Abierta;Recibido;Enviado;ARS;159000.0;0.0;0.0;159000.0;;;;;;;;;;Malvinas Argentinas;;Gran Buenos Aires;Argentina;Correo Argentino Clasico - Envio a domicilio;Mercado Pago;;;;30/06/2025;01/07/2025;Catsuit Ciro (S);159000;1;;Móvil;;;;Sí;;;;;
5665;cliente_1075@ejemplo.com;30/06/2025 13:59:50;Abierta;Recibido;Enviado;ARS;90000.0;0.0;0.0;90000.0;;;;;;;;;;Capital Federal;;Capital Federal;Argentina;Envio en moto CABA;Mercado Pago;;;;30/06/2025;11/07/2025;Jean Beca (L);90000;1;;Web;;;;Sí;;;;;
5664;cliente_1076@ejemplo.com;29/06/2025 20:38:24;Abierta;Recibido;Enviado;ARS;135000.0;0.0;0.0;135000.0;;;;;;;;;;Zapala ;;Neuquén;Argentina;Correo Argentino Clasico - Envio a domicilio;Mercado Pago;;;;29/06/2025;30/06/2025;Vestido Koko (L);135000;1;1662;Móvil;;;;Sí;;;;;
5663;cliente_1077@ejemplo.com;29/06/2025 19:39:39;Abierta;Recibido;Enviado;ARS;135000.0;0.0;0.0;135000.0;;;;;;;;;;Tigre;;Gran Buenos Aires;Argentina;Punto de retiro;Mercado Pago;;;;29/06/2025;30/06/2025;Vestido Koko (L);135000;1;1662;Móvil;;;;Sí;;;;;
5661;cliente_1004@ejemplo.com;29/06/2025 12:15:05;Abierta;Recibido;Enviado;ARS;135000.0;0.0;0.0;135000.0;;;;;;;;;;Lomas de Zamora;;Gran Buenos Aires;Argentina;Correo Argentino Clasico - Envio a domicilio;Mercado Pago;;;;29/06/2025;30/06/2025;Vestido Koko (XL);135000;1;1662;Móvil;;;;Sí;;;;;
5660;cliente_1078@ejemplo.com;29/06/2025 11:30:06;Abierta;Recibido;Enviado;ARS;105000.0;0.0;8372.01;113372.01;;;;;;;;;;Brandsen;;Buenos Aires;Argentina;Correo Argentino Clasico - Envio a domicilio;Mercado Pago;;;;29/06/2025;30/06/2025;Vestido Fina (XL);105000;1;1788;Móvil;;;;Sí;;;;;
5658;cliente_1079@ejemplo.com;28/06/2025 19:36:04;Abierta;Recibido;Enviado;ARS;279000.0;0.0;0.0;279000.0;;;;;;;;;;Ituzaingo;;Gran Buenos Aires;Argentina;Correo Argentino Clasico - Envio a domicilio;Mercado Pago;;;;28/06/2025;30/06/2025;Overall Libi (M);189000;1;1800;Móvil;;;;Sí;;;;;
5658;cliente_1079@ejemplo.com;;;;;;;;;;;;;;;;;;;;;;;;;;;;;;Mini Falda Stella (M);90000;1;;;;;;Sí;;;;;
5657;cliente_1080@ejemplo.com;28/06/2025 18:43:02;Abierta;Recibido;Enviado;ARS;128000.0;0.0;5241.0;133241.0;;;;;;;;;;Rosario;;Santa Fe;Argentina;Punto de retiro;Mercado Pago;;;;28/06/2025;30/06/2025;Vestido Marilyn (S);128000;1;;Web;;;;Sí;;;;;
5656;cliente_0203@ejemplo.com;28/06/2025 17:59:11;Abierta;Recibido;Enviado;ARS;135000.0;0.0;0.0;135000.0;;;;;;;;;;Ezeiza;;Gran Buenos Aires;Argentina;Correo Argentino Clasico - Envio a domicilio;Mercado Pago;;;;28/06/2025;30/06/2025;Vestido Mora (M);135000;1;;Móvil;;;;Sí;;;;;
5655;cliente_0157@ejemplo.com;28/06/2025 09:50:45;Abierta;Recibido;Enviado;ARS;238000.0;0.0;0.0;238000.0;;;;;;;;;;Caba;;Capital Federal;Argentina;Envio en moto CABA;Mercado Pago;;;;28/06/2025;30/06/2025;Vestido Catalina (M);110000;1;;Móvil;;;;Sí;;;;;
5655;cliente_0157@ejemplo.com;;;;;;;;;;;;;;;;;;;;;;;;;;;;;;Vestido Marilyn (M);128000;1;;;;;;Sí;;;;;
5654;cliente_1081@ejemplo.com;27/06/2025 18:54:45;Abierta;Recibido;Enviado;ARS;135000.0;0.0;0.0;135000.0;;;;;;;;;;Quilmes;;Gran Buenos Aires;Argentina;Correo Argentino Clasico - Envio a domicilio;Mercado Pago;;;;27/06/2025;30/06/2025;Vestido Mora (XL);135000;1;;Móvil;;;;Sí;;;;;
5653;cliente_1082@ejemplo.com;27/06/2025 13:38:09;Abierta;Recibido;Enviado;ARS;235000.0;0.0;0.0;235000.0;;;;;;;;;;Tres de Febrero;;Gran Buenos Aires;Argentina;Punto de retiro;Mercado Pago;;;;27/06/2025;30/06/2025;Campera Xuxa (XL);235000;1;;Móvil;;;;Sí;;;;;
5652;cliente_1083@ejemplo.com;27/06/2025 11:36:24;Abierta;Recibido;Enviado;ARS;135000.0;0.0;0.0;135000.0;;;;;;;;;;Paraná;;Entre Ríos;Argentina;Correo Argentino Clasico - Envio a domicilio;Mercado Pago;;;;27/06/2025;27/06/2025;Vestido Koko (S);135000;1;1662;Móvil;;;;Sí;;;;;
5651;cliente_0625@ejemplo.com;27/06/2025 11:20:17;Abierta;Recibido;Enviado;ARS;99000.0;0.0;5241.0;104241.0;;;;;;;;;;Diamante;;Entre Ríos;Argentina;Punto de retiro;Mercado Pago;;;;27/06/2025;27/06/2025;"Catsuit Felix ""Ultimas unidades"" (L)";99000;1;;Móvil;;;;Sí;;;;;
5650;cliente_1062@ejemplo.com;27/06/2025 08:37:09;Abierta;Recibido;Enviado;ARS;235000.0;0.0;0.0;235000.0;;;;;;;;;;Tres de Febrero;;Gran Buenos Aires;Argentina;Punto de retiro;Mercado Pago;;;;27/06/2025;27/06/2025;"Campera Azura ""Ultimas unidades"" (XL)";235000;1;;Móvil;;;;Sí;;;;;
5649;cliente_1084@ejemplo.com;27/06/2025 00:40:30;Abierta;Recibido;Enviado;ARS;110000.0;0.0;8372.01;118372.01;;;;;;;;;;Santo Tomé;;Santa Fe;Argentina;Correo Argentino Clasico - Envio a domicilio;Mercado Pago;;;;27/06/2025;27/06/2025;Vestido Catalina (M);110000;1;;Móvil;;;;Sí;;;;;
5648;cliente_1085@ejemplo.com;26/06/2025 21:11:06;Abierta;Recibido;Enviado;ARS;235000.0;0.0;0.0;235000.0;;;;;;;;;;Capital Federal;;Capital Federal;Argentina;Envio en moto CABA;Mercado Pago;;;;26/06/2025;30/06/2025;"Campera Azura ""Ultimas unidades"" (XL)";235000;1;;Web;;;;Sí;;;;;
5646;cliente_1086@ejemplo.com;25/06/2025 21:33:45;Abierta;Recibido;Enviado;ARS;269000.0;0.0;0.0;269000.0;;;;;;;;;;Buenos Aires;;Gran Buenos Aires;Argentina;Correo Argentino Clasico - Envio a domicilio;Mercado Pago;;;;25/06/2025;27/06/2025;Trench Blair (L);269000;1;;Móvil;;;;Sí;;;;;
5645;cliente_0203@ejemplo.com;25/06/2025 20:36:06;Abierta;Recibido;Enviado;ARS;135000.0;0.0;0.0;135000.0;;;;;;;;;;Ezeiza;;Gran Buenos Aires;Argentina;Correo Argentino Clasico - Envio a domicilio;Mercado Pago;;;;25/06/2025;27/06/2025;Vestido Mora (M);135000;1;;Móvil;;;;Sí;;;;;
5644;cliente_1087@ejemplo.com;25/06/2025 07:43:05;Abierta;Recibido;Enviado;ARS;110000.0;0.0;4318.0;114318.0;;;;;;;;;;Moreno;;Gran Buenos Aires;Argentina;Punto de retiro;Mercado Pago;;;;25/06/2025;25/06/2025;Vestido Catalina (M);110000;1;;Móvil;;;;Sí;;;;;
5643;cliente_1088@ejemplo.com;24/06/2025 13:15:08;Abierta;Recibido;Enviado;ARS;270000.0;0.0;0.0;270000.0;;;;;;;;;;Caseros;;Gran Buenos Aires;Argentina;Correo Argentino Clasico - Envio a domicilio;Mercado Pago;;;;24/06/2025;25/06/2025;Vestido Koko (S);135000;1;1662;Móvil;;;;Sí;;;;;
5643;cliente_1088@ejemplo.com;;;;;;;;;;;;;;;;;;;;;;;;;;;;;;Vestido Mora (S);135000;1;;;;;;Sí;;;;;
5642;cliente_0970@ejemplo.com;24/06/2025 10:35:50;Abierta;Recibido;Enviado;ARS;135000.0;0.0;0.0;135000.0;;;;;;;;;;General Pueyrredón;;Buenos Aires;Argentina;Correo Argentino Clasico - Envio a domicilio;Mercado Pago;;;;24/06/2025;25/06/2025;Vestido Mora (S);135000;1;;Móvil;;;;Sí;;;;;
5641;cliente_1026@ejemplo.com;24/06/2025 01:21:35;Abierta;Recibido;Enviado;ARS;110000.0;11000.0;4318.0;103318.0;;;;;;;;;;Ituzaingo;;Gran Buenos Aires;Argentina;Punto de retiro;Mercado Pago;REGALODENIM;;;24/06/2025;24/06/2025;Vestido Catalina (L);110000;1;;Móvil;;;;Sí;;;;;
5640;cliente_1089@ejemplo.com;23/06/2025 14:25:47;Abierta;Recibido;Enviado;ARS;128000.0;0.0;4318.0;132318.0;;;;;;;;;;Marcos Paz;;Buenos Aires;Argentina;Punto de retiro;Mercado Pago;;;;23/06/2025;24/06/2025;Vestido Marilyn (XL);128000;1;;Móvil;;;;Sí;;;;;
5639;cliente_1090@ejemplo.com;22/06/2025 21:22:35;Abierta;Recibido;Enviado;ARS;260000.0;130000.0;0.0;130000.0;;;;;;;;;;Esteban Echeverria;;Gran Buenos Aires;Argentina;Correo Argentino Clasico - Envio a domicilio;Mercado Pago;;;;22/06/2025;24/06/2025;"Vestido Fini ""Ultimas unidades"" (XL)";130000;1;;Móvil;;;;Sí;;;;;
5639;cliente_1090@ejemplo.com;;;;;;;;;;;;;;;;;;;;;;;;;;;;;;"Vestido Francesca ""Ultimas unidades"" (XL)";130000;1;;;;;;Sí;;;;;
5638;cliente_1091@ejemplo.com;22/06/2025 14:30:09;Abierta;Recibido;Enviado;ARS;159000.0;0.0;0.0;159000.0;;;;;;;;;;Chilecito ;;La Rioja;Argentina;Correo Argentino Clasico - Envio a domicilio;Mercado Pago;;;;22/06/2025;24/06/2025;"Overall Taylor ""Ultimas unidades"" (XL)";159000;1;;Móvil;;;;Sí;;;;;
5637;cliente_1004@ejemplo.com;21/06/2025 16:43:19;Abierta;Recibido;Enviado;ARS;119000.0;0.0;7065.0;126065.0;;;;;;;;;;Lomas de Zamora ;;Gran Buenos Aires;Argentina;Correo Argentino Clasico - Envio a domicilio;Mercado Pago;;;;21/06/2025;24/06/2025;"Jean Jordan ""Ultimas unidades"" (46)";119000;1;;Móvil;;;;Sí;;;;;
5636;cliente_1092@ejemplo.com;21/06/2025 05:25:49;Abierta;Recibido;Enviado;ARS;250000.0;120000.0;0.0;130000.0;;;;;;;;;;San Vicente ;;Buenos Aires;Argentina;Correo Argentino Clasico - Envio a domicilio;Transferencia o depósito bancario;;;;23/06/2025;24/06/2025;Vestido Ornella (L);120000;1;;Móvil;;;;Sí;;;;;
5636;cliente_1092@ejemplo.com;;;;;;;;;;;;;;;;;;;;;;;;;;;;;;"Vestido Fini ""Ultimas unidades"" (M)";130000;1;;;;;;Sí;;;;;
5635;cliente_0265@ejemplo.com;20/06/2025 14:46:06;Abierta;Recibido;Enviado;ARS;330000.0;150000.0;0.0;180000.0;;;;;;;;;;San juan;;San Juan;Argentina;Correo Argentino Clasico - Envio a domicilio;Mercado Pago;REGALODENIM;;;20/06/2025;24/06/2025;"Vestido Francesca ""Ultimas unidades"" (M)";130000;1;;Móvil;;;;Sí;;;;;
5635;cliente_0265@ejemplo.com;;;;;;;;;;;;;;;;;;;;;;;;;;;;;;"Vestido Fini ""Ultimas unidades"" (S)";130000;1;;;;;;Sí;;;;;
5635;cliente_0265@ejemplo.com;;;;;;;;;;;;;;;;;;;;;;;;;;;;;;Vestido Isabella (M);70000;1;;;;;;Sí;;;;;
5634;cliente_1093@ejemplo.com;20/06/2025 11:41:25;Abierta;Recibido;Enviado;ARS;120000.0;0.0;7065.0;127065.0;;;;;;;;;;Pilar;;Gran Buenos Aires;Argentina;Correo Argentino Clasico - Envio a domicilio;Mercado Pago;;;;20/06/2025;24/06/2025;Vestido Ornella (M);120000;1;;Móvil;;;;Sí;;;;;
5633;cliente_1094@ejemplo.com;20/06/2025 11:35:38;Abierta;Recibido;Enviado;ARS;240000.0;120000.0;0.0;120000.0;;;;;;;;;;Capital Federal;;Capital Federal;Argentina;Envio en moto CABA;Mercado Pago;;;;20/06/2025;24/06/2025;Vestido Ornella (M);120000;1;;Móvil;;;;Sí;;;;;
5633;cliente_1094@ejemplo.com;;;;;;;;;;;;;;;;;;;;;;;;;;;;;;Vestido Ornella (L);120000;1;;;;;;Sí;;;;;
5632;cliente_1095@ejemplo.com;20/06/2025 00:49:16;Abierta;Recibido;Enviado;ARS;150000.0;0.0;0.0;150000.0;;;;;;;;;;Capital Federal;;Capital Federal;Argentina;Envio en moto CABA;Transferencia o depósito bancario;;;;23/06/2025;24/06/2025;"Vestido Serena ""Ultimas unidades"" (XL)";150000;1;;Móvil;;;;Sí;;;;;
5631;cliente_1096@ejemplo.com;19/06/2025 23:44:39;Abierta;Recibido;Enviado;ARS;614000.0;0.0;0.0;614000.0;;;;;;;;;;Banda del Rio Sali;;Tucumán;Argentina;Correo Argentino Clasico - Envio a domicilio;Mercado Pago;;;;19/06/2025;24/06/2025;Vestido Catalina (L);110000;1;;Móvil;;;;Sí;;;;;
5631;cliente_1096@ejemplo.com;;;;;;;;;;;;;;;;;;;;;;;;;;;;;;Overall Sabrina (L);210000;1;;;;;;Sí;;;;;
5631;cliente_1096@ejemplo.com;;;;;;;;;;;;;;;;;;;;;;;;;;;;;;Catsuit Ciro (L);159000;1;;;;;;Sí;;;;;
5631;cliente_1096@ejemplo.com;;;;;;;;;;;;;;;;;;;;;;;;;;;;;;Vestido Koko (L);135000;1;1662;;;;;Sí;;;;;
5630;cliente_1097@ejemplo.com;19/06/2025 19:56:31;Abierta;Recibido;Enviado;ARS;250000.0;120000.0;0.0;130000.0;;;;;;;;;;General Pueyrredón;;Buenos Aires;Argentina;Correo Argentino Clasico - Envio a domicilio;Mercado Pago;;;;19/06/2025;24/06/2025;Vestido Ornella (L);120000;1;;Móvil;;;;Sí;;;;;
5630;cliente_1097@ejemplo.com;;;;;;;;;;;;;;;;;;;;;;;;;;;;;;"Vestido Francesca ""Ultimas unidades"" (M)";130000;1;;;;;;Sí;;;;;
5628;cliente_1098@ejemplo.com;19/06/2025 11:33:32;Abierta;Recibido;Enviado;ARS;110000.0;0.0;8372.01;118372.01;;;;;;;;;;Rosario;;Santa Fe;Argentina;Correo Argentino Clasico - Envio a domicilio;Mercado Pago;;;;19/06/2025;24/06/2025;Vestido Catalina (XL);110000;1;;Móvil;;;;Sí;;;;;
5627;cliente_1099@ejemplo.com;18/06/2025 23:53:44;Abierta;Recibido;Enviado;ARS;110000.0;11000.0;7065.0;106065.0;;;;;;;;;;Gregorio de Laferrere;;Gran Buenos Aires;Argentina;Correo Argentino Clasico - Envio a domicilio;Transferencia o depósito bancario;REGALODENIM;;;19/06/2025;24/06/2025;Vestido Catalina (XL);110000;1;;Móvil;;;;Sí;;;;;
5626;cliente_1100@ejemplo.com;18/06/2025 20:36:46;Abierta;Recibido;Enviado;ARS;135000.0;0.0;0.0;135000.0;;;;;;;;;;San Pablo;;Tucumán;Argentina;Correo Argentino Clasico - Envio a domicilio;Mercado Pago;;;;18/06/2025;24/06/2025;Vestido Mora (M);135000;1;;Móvil;;;;Sí;;;;;
5623;cliente_1101@ejemplo.com;17/06/2025 22:53:50;Abierta;Recibido;Enviado;ARS;128000.0;0.0;0.0;128000.0;;;;;;;;;;Capital Federal;;Capital Federal;Argentina;Envio en moto CABA;Mercado Pago;;;;17/06/2025;19/06/2025;Vestido Marilyn (M);128000;1;;Móvil;;;;Sí;;;;;
5622;cliente_1102@ejemplo.com;17/06/2025 16:28:50;Abierta;Recibido;Enviado;ARS;110000.0;0.0;0.0;110000.0;;;;;;;;;;Capital Federal;;Capital Federal;Argentina;Envio en moto CABA;Mercado Pago;;;;17/06/2025;19/06/2025;Vestido Catalina (XL);110000;1;;Móvil;;;;Sí;;;;;
5621;cliente_0426@ejemplo.com;17/06/2025 15:52:42;Abierta;Recibido;Enviado;ARS;283999.0;120000.0;0.0;163999.0;;;;;;;;;;Avellaneda;;Gran Buenos Aires;Argentina;Punto de retiro;Mercado Pago;;;;17/06/2025;18/06/2025;"Overall Donatella ""Ultimas unidades"" (L)";120000;1;;Móvil;;;;Sí;;;;;
5621;cliente_0426@ejemplo.com;;;;;;;;;;;;;;;;;;;;;;;;;;;;;;Catsuit Sena (XL);163999;1;;;;;;Sí;;;;;
5620;cliente_1103@ejemplo.com;17/06/2025 12:29:27;Abierta;Recibido;Enviado;ARS;110000.0;0.0;9075.0;119075.0;;;;;;;;;;Capital;;Misiones;Argentina;Correo Argentino Clasico - Envio a domicilio;Transferencia o depósito bancario;;;;17/06/2025;18/06/2025;Vestido Catalina (S);110000;1;;Móvil;;;;Sí;;;;;
5619;cliente_1104@ejemplo.com;17/06/2025 09:48:11;Abierta;Recibido;Enviado;ARS;255000.0;120000.0;0.0;135000.0;;;;;;;;;;Capital Federal;;Capital Federal;Argentina;Envio en moto CABA;Mercado Pago;;;;17/06/2025;17/06/2025;"Overall Milo ""Ultimas unidades"" (L)";135000;1;;Móvil;;;;Sí;;;;;
5619;cliente_1104@ejemplo.com;;;;;;;;;;;;;;;;;;;;;;;;;;;;;;"Overall Donatella ""Ultimas unidades"" (L)";120000;1;;;;;;Sí;;;;;
5618;cliente_0170@ejemplo.com;16/06/2025 23:40:06;Abierta;Recibido;Enviado;ARS;75000.0;7500.0;4318.0;71818.0;;;;;;;;;;Escobar;;Gran Buenos Aires;Argentina;Punto de retiro;Mercado Pago;REGALODENIM;;;16/06/2025;18/06/2025;Vestido Angel (M);75000;1;;Móvil;;;;Sí;;;;;
5617;cliente_0535@ejemplo.com;16/06/2025 22:37:51;Abierta;Recibido;Enviado;ARS;327998.0;163999.0;0.0;163999.0;;;;;;;;;;Zarate ;;Buenos Aires;Argentina;Correo Argentino Clasico - Envio a domicilio;Mercado Pago;;;;16/06/2025;18/06/2025;Catsuit Sena (M);163999;1;;Móvil;;;;Sí;;;;;
5617;cliente_0535@ejemplo.com;;;;;;;;;;;;;;;;;;;;;;;;;;;;;;Overall Heidi (L);163999;1;;;;;;Sí;;;;;
5616;cliente_1105@ejemplo.com;16/06/2025 21:06:12;Abierta;Recibido;Enviado;ARS;367998.0;163999.0;0.0;203999.0;;;;;;;;;;Tigre;;Gran Buenos Aires;Argentina;Punto de retiro;Mercado Pago;;;;16/06/2025;18/06/2025;Catsuit Sena (S);163999;1;;Móvil;;;;Sí;;;;;
5616;cliente_1105@ejemplo.com;;;;;;;;;;;;;;;;;;;;;;;;;;;;;;Overall Heidi (S);163999;1;;;;;;Sí;;;;;
5616;cliente_1105@ejemplo.com;;;;;;;;;;;;;;;;;;;;;;;;;;;;;;Top Idole (M);40000;1;;;;;;Sí;;;;;
5615;cliente_1106@ejemplo.com;16/06/2025 19:51:38;Abierta;Recibido;Enviado;ARS;230000.0;110000.0;12704.0;132704.0;;;;;;;;;;Nordelta;;Gran Buenos Aires;Argentina;Correo Argentino Clasico - Envio a domicilio;Mercado Pago;;;;16/06/2025;18/06/2025;"Overall Donatella ""Ultimas unidades"" (L)";120000;1;;Móvil;;;;Sí;;;;;
5615;cliente_1106@ejemplo.com;;;;;;;;;;;;;;;;;;;;;;;;;;;;;;"Overall Carola ""Ultimas unidades"" (S)";110000;1;;;;;;Sí;;;;;
5614;cliente_1107@ejemplo.com;16/06/2025 17:19:25;Abierta;Recibido;Enviado;ARS;170000.0;0.0;0.0;170000.0;;;;;;;;;;Bariloche;;Rio Negro;Argentina;Punto de retiro;Mercado Pago;;;;16/06/2025;18/06/2025;Camisa Seven (UNICO);60000;1;1661;Web;;;;Sí;;;;;
5614;cliente_1107@ejemplo.com;;;;;;;;;;;;;;;;;;;;;;;;;;;;;;Vestido Catalina (M);110000;1;;;;;;Sí;;;;;
5613;cliente_1108@ejemplo.com;16/06/2025 16:25:19;Abierta;Recibido;Enviado;ARS;99000.0;0.0;7065.0;106065.0;;;;;;;;;;Benavidez ;;Gran Buenos Aires;Argentina;Correo Argentino Clasico - Envio a domicilio;Mercado Pago;;;;16/06/2025;18/06/2025;Vestido Ornella (M);99000;1;;Móvil;;;;Sí;;;;;
5612;cliente_1109@ejemplo.com;15/06/2025 12:20:37;Abierta;Recibido;Enviado;ARS;90000.0;0.0;8372.01;98372.01;;;;;;;;;;Mar del plata;;Buenos Aires;Argentina;Correo Argentino Clasico - Envio a domicilio;Mercado Pago;;;;15/06/2025;18/06/2025;Vestido Opium Black (L);90000;1;;Móvil;;;;Sí;;;;;
5611;cliente_1110@ejemplo.com;14/06/2025 22:29:53;Abierta;Recibido;Enviado;ARS;135000.0;0.0;0.0;135000.0;;;;;;;;;;Bahia Blanca;;Buenos Aires;Argentina;Correo Argentino Clasico - Envio a domicilio;Transferencia o depósito bancario;;;;17/06/2025;18/06/2025;Vestido Koko (XL);135000;1;1662;Móvil;;;;Sí;;;;;
5610;cliente_1111@ejemplo.com;14/06/2025 20:27:53;Abierta;Recibido;Enviado;ARS;283999.0;120000.0;0.0;163999.0;;;;;;;;;;Caucete;;San Juan;Argentina;Correo Argentino Clasico - Envio a domicilio;Mercado Pago;;;;14/06/2025;18/06/2025;"Overall Donatella ""Ultimas unidades"" (S)";120000;1;;Web;;;;Sí;;;;;
5610;cliente_1111@ejemplo.com;;;;;;;;;;;;;;;;;;;;;;;;;;;;;;Overall Heidi (M);163999;1;;;;;;Sí;;;;;
5608;cliente_1112@ejemplo.com;14/06/2025 14:26:25;Abierta;Recibido;Enviado;ARS;250000.0;0.0;0.0;250000.0;;;;;;;;;;Capital Federal;;Capital Federal;Argentina;Envio en moto CABA;Mercado Pago;;;;14/06/2025;17/06/2025;Mini Falda Stella (L);90000;1;;Móvil;;;;Sí;;;;;
5608;cliente_1112@ejemplo.com;;;;;;;;;;;;;;;;;;;;;;;;;;;;;;Blazer Carel (XL);160000;1;;;;;;Sí;;;;;
5607;cliente_1113@ejemplo.com;14/06/2025 10:31:50;Abierta;Recibido;Enviado;ARS;327998.0;163999.0;0.0;163999.0;;;;;;;;;;San Isidro;;Gran Buenos Aires;Argentina;Punto de retiro;Mercado Pago;;;;14/06/2025;18/06/2025;Catsuit Sena (L);163999;1;;Móvil;;;;Sí;;;;;
5607;cliente_1113@ejemplo.com;;;;;;;;;;;;;;;;;;;;;;;;;;;;;;Catsuit Rosier (XL);163999;1;;;;;;Sí;;;;;
5606;cliente_1114@ejemplo.com;14/06/2025 07:18:24;Abierta;Recibido;Enviado;ARS;327998.0;163999.0;0.0;163999.0;;;;;;;;;;Pilar;;Gran Buenos Aires;Argentina;Correo Argentino Clasico - Envio a domicilio;Mercado Pago;;;;14/06/2025;18/06/2025;Catsuit Sena (L);163999;1;;Móvil;;;;Sí;;;;;
5606;cliente_1114@ejemplo.com;;;;;;;;;;;;;;;;;;;;;;;;;;;;;;Catsuit Rosier (L);163999;1;;;;;;Sí;;;;;
5605;cliente_1115@ejemplo.com;13/06/2025 11:53:40;Abierta;Recibido;Enviado;ARS;125000.0;12500.0;9075.0;121575.0;;;;;;;;;;Allen;;Rio Negro;Argentina;Correo Argentino Clasico - Envio a domicilio;Mercado Pago;REGALODENIM;;;13/06/2025;13/06/2025;"Vestido Jackie ""Ultimas unidades"" (M)";125000;1;;Móvil;;;;Sí;;;;;
5603;cliente_1116@ejemplo.com;12/06/2025 23:49:13;Abierta;Recibido;Enviado;ARS;125000.0;0.0;9075.0;134075.0;;;;;;;;;;Confluencia;;Neuquén;Argentina;Correo Argentino Clasico - Envio a domicilio;Mercado Pago;;;;12/06/2025;13/06/2025;"Vestido Ula ""Ultimas unidades"" (L)";125000;1;;Móvil;;;;Sí;;;;;
5602;cliente_1117@ejemplo.com;12/06/2025 11:54:38;Abierta;Recibido;Enviado;ARS;190000.0;0.0;0.0;190000.0;;;;;;;;;;Caba;;Capital Federal;Argentina;Envio en moto CABA;Mercado Pago;;;;12/06/2025;12/06/2025;Jeans Louis (42);55000;1;;Móvil;;;;Sí;;;;;
5602;cliente_1117@ejemplo.com;;;;;;;;;;;;;;;;;;;;;;;;;;;;;;Vestido Koko (M);135000;1;1662;;;;;Sí;;;;;
5601;cliente_1118@ejemplo.com;12/06/2025 08:32:18;Abierta;Recibido;Enviado;ARS;184000.0;0.0;0.0;184000.0;;;;;;;;;;Capital Federal;;Capital Federal;Argentina;Punto de retiro;Mercado Pago;;;;12/06/2025;12/06/2025;Campera Sharon (UNICO, Marrón);99000;1;;Móvil;;;;Sí;;;;;
5601;cliente_1118@ejemplo.com;;;;;;;;;;;;;;;;;;;;;;;;;;;;;;Jeans Calix Snow (44);85000;1;1767;;;;;Sí;;;;;
5600;cliente_1069@ejemplo.com;11/06/2025 21:43:32;Abierta;Recibido;Enviado;ARS;75000.0;0.0;7065.0;82065.0;;;;;;;;;;Villa Adelina .Provincia de Buenos Aires ;;Gran Buenos Aires;Argentina;Correo Argentino Clasico - Envio a domicilio;Mercado Pago;;;;11/06/2025;12/06/2025;Vestido Angel (XL);75000;1;;Móvil;;;;Sí;;;;;
5599;cliente_0840@ejemplo.com;11/06/2025 15:27:28;Abierta;Recibido;Enviado;ARS;50000.0;0.0;0.0;50000.0;;;;;;;;;;Capital Federal;;Capital Federal;Argentina;Envio en moto CABA;Mercado Pago;;;;11/06/2025;12/06/2025;Jeans Cami (M);50000;1;;Web;;;;Sí;;;;;
5598;cliente_1119@ejemplo.com;11/06/2025 11:12:36;Abierta;Recibido;Enviado;ARS;209000.0;0.0;0.0;209000.0;;;;;;;;;;Salta;;Salta;Argentina;Correo Argentino Clasico - Envio a domicilio;Mercado Pago;;;;11/06/2025;11/06/2025;Vestido Ornella (M);99000;1;;Móvil;;;;Sí;;;;;
5598;cliente_1119@ejemplo.com;;;;;;;;;;;;;;;;;;;;;;;;;;;;;;Vestido Catalina (M);110000;1;;;;;;Sí;;;;;
5597;cliente_0907@ejemplo.com;11/06/2025 10:05:27;Abierta;Recibido;Enviado;ARS;119000.0;0.0;5948.0;124948.0;;;;;;;;;;Capital;;Salta;Argentina;Punto de retiro;Mercado Pago;;;;11/06/2025;11/06/2025;"Jean Jordan ""Ultimas unidades"" (44)";119000;1;;Móvil;;;;Sí;;;;;
5596;cliente_1120@ejemplo.com;11/06/2025 09:28:53;Abierta;Recibido;Enviado;ARS;269000.0;0.0;0.0;269000.0;;;;;;;;;;La Plata;;Buenos Aires;Argentina;Correo Argentino Clasico - Envio a domicilio;Mercado Pago;;;;11/06/2025;11/06/2025;Trench Blair (M);269000;1;;Móvil;;;;Sí;;;;;
5593;cliente_1121@ejemplo.com;09/06/2025 19:31:42;Abierta;Recibido;Enviado;ARS;110000.0;0.0;4318.0;114318.0;;;;;;;;;;Hurlingham;;Gran Buenos Aires;Argentina;Punto de retiro;Mercado Pago;;;;09/06/2025;10/06/2025;Vestido Catalina (L);110000;1;;Móvil;;;;Sí;;;;;
5592;cliente_1008@ejemplo.com;09/06/2025 13:31:35;Abierta;Recibido;Enviado;ARS;135000.0;0.0;0.0;135000.0;;;;;;;;;;Quequen ;;Buenos Aires;Argentina;Correo Argentino Clasico - Envio a domicilio;Mercado Pago;;;;09/06/2025;09/06/2025;Vestido Koko (M);135000;1;1662;Móvil;;;;Sí;;;;;
5591;cliente_1122@ejemplo.com;08/06/2025 18:55:57;Abierta;Recibido;Enviado;ARS;258000.0;0.0;0.0;258000.0;;;;;;;;;;Moron;;Gran Buenos Aires;Argentina;Punto de retiro;Mercado Pago;;;;08/06/2025;09/06/2025;Catsuit Ciro (S);159000;1;;Móvil;;;;Sí;;;;;
5591;cliente_1122@ejemplo.com;;;;;;;;;;;;;;;;;;;;;;;;;;;;;;Vestido Ornella (S);99000;1;;;;;;Sí;;;;;
5590;cliente_1123@ejemplo.com;08/06/2025 10:53:16;Abierta;Recibido;Enviado;ARS;110000.0;0.0;4318.0;114318.0;;;;;;;;;;General San Martin;;Gran Buenos Aires;Argentina;Punto de retiro;Mercado Pago;;;;08/06/2025;09/06/2025;Vestido Catalina (L);110000;1;;Móvil;;;;Sí;;;;;
5588;cliente_0642@ejemplo.com;08/06/2025 09:20:45;Abierta;Recibido;Enviado;ARS;65000.0;0.0;7065.0;72065.0;;;;;;;;;;Avellaneda;;Gran Buenos Aires;Argentina;Correo Argentino Clasico - Envio a domicilio;Mercado Pago;;;;08/06/2025;09/06/2025;Vestido Olivia (L);65000;1;;Web;;;;Sí;;;;;
5587;cliente_1124@ejemplo.com;08/06/2025 02:12:01;Abierta;Recibido;Enviado;ARS;99000.0;0.0;9139.0;108139.0;;;;;;;;;;Salta;;Salta;Argentina;Correo Argentino Clasico - Envio a domicilio;Mercado Pago;;;;08/06/2025;09/06/2025;"Catsuit Felix ""Ultimas unidades"" (XL)";99000;1;;Móvil;;;;Sí;;;;;
5586;cliente_1125@ejemplo.com;07/06/2025 22:49:57;Abierta;Recibido;Enviado;ARS;99000.0;0.0;9075.0;108075.0;;;;;;;;;;San Juan ;;San Juan;Argentina;Correo Argentino Clasico - Envio a domicilio;Mercado Pago;;;;07/06/2025;09/06/2025;"Catsuit Felix ""Ultimas unidades"" (XL)";99000;1;;Móvil;;;;Sí;;;;;
5585;cliente_1069@ejemplo.com;07/06/2025 20:54:05;Abierta;Recibido;Enviado;ARS;99000.0;0.0;7065.0;106065.0;;;;;;;;;;Villa Adelina .Provincia de Buenos Aires ;;Gran Buenos Aires;Argentina;Correo Argentino Clasico - Envio a domicilio;Mercado Pago;;;;07/06/2025;09/06/2025;Vestido Ornella (XL);99000;1;;Móvil;;;;Sí;;;;;
5584;cliente_1126@ejemplo.com;07/06/2025 12:44:56;Abierta;Recibido;Enviado;ARS;110000.0;0.0;9075.0;119075.0;;;;;;;;;;Corrientes ;;Corrientes;Argentina;Correo Argentino Clasico - Envio a domicilio;Mercado Pago;;;;07/06/2025;09/06/2025;Vestido Catalina (M);110000;1;;Móvil;;;;Sí;;;;;
5583;cliente_1127@ejemplo.com;06/06/2025 19:42:35;Abierta;Recibido;Enviado;ARS;99000.0;0.0;5241.0;104241.0;;;;;;;;;;San Nicolás;;Buenos Aires;Argentina;Punto de retiro;Transferencia o depósito bancario;;;;09/06/2025;09/06/2025;Vestido Ornella (M);99000;1;;Móvil;;;;Sí;;;;;
5582;cliente_1128@ejemplo.com;06/06/2025 19:35:17;Abierta;Recibido;Enviado;ARS;90000.0;0.0;5715.0;95715.0;;;;;;;;;;Ullúm;;San Juan;Argentina;Punto de retiro;Mercado Pago;;;;06/06/2025;09/06/2025;Vestido Opium Black (L);90000;1;;Móvil;;;;Sí;;;;;
5581;cliente_0925@ejemplo.com;06/06/2025 19:13:55;Abierta;Recibido;Enviado;ARS;99000.0;9900.0;4318.0;93418.0;;;;;;;;;;Lomas de Zamora;;Gran Buenos Aires;Argentina;Punto de retiro;Mercado Pago;REGALODENIM;;;06/06/2025;09/06/2025;Vestido Ornella (L);99000;1;;Móvil;;;;Sí;;;;;
5580;cliente_1129@ejemplo.com;06/06/2025 18:10:38;Abierta;Recibido;Enviado;ARS;110000.0;0.0;5241.0;115241.0;;;;;;;;;;General Pueyrredón;;Buenos Aires;Argentina;Punto de retiro;Mercado Pago;;;;06/06/2025;09/06/2025;Vestido Catalina (L);110000;1;;Móvil;;;;Sí;;;;;
5578;cliente_1130@ejemplo.com;06/06/2025 00:50:48;Abierta;Recibido;Enviado;ARS;198000.0;0.0;0.0;198000.0;;;;;;;;;;Villa Gdor Galvez;;Santa Fe;Argentina;Correo Argentino Clasico - Envio a domicilio;Transferencia o depósito bancario;;;;06/06/2025;06/06/2025;Vestido Ornella (XL);99000;1;;Móvil;;;;Sí;;;;;
5578;cliente_1130@ejemplo.com;;;;;;;;;;;;;;;;;;;;;;;;;;;;;;"Catsuit Felix ""Ultimas unidades"" (L)";99000;1;;;;;;Sí;;;;;
5576;cliente_1131@ejemplo.com;05/06/2025 21:38:35;Abierta;Recibido;Enviado;ARS;99000.0;0.0;4318.0;103318.0;;;;;;;;;;La Matanza;;Gran Buenos Aires;Argentina;Punto de retiro;Mercado Pago;;;;05/06/2025;06/06/2025;"Catsuit Felix ""Ultimas unidades"" (L)";99000;1;;Móvil;;;;Sí;;;;;
5575;cliente_0861@ejemplo.com;05/06/2025 11:13:42;Abierta;Recibido;Enviado;ARS;110000.0;0.0;5241.0;115241.0;;;;;;;;;;Río Cuarto;;Córdoba;Argentina;Punto de retiro;Mercado Pago;;;;05/06/2025;05/06/2025;Vestido Catalina (XL);110000;1;;Web;;;;Sí;;;;;
5574;cliente_0348@ejemplo.com;04/06/2025 17:29:28;Abierta;Recibido;Enviado;ARS;110000.0;0.0;7065.0;117065.0;;;;;;;;;;Vicente López;;Gran Buenos Aires;Argentina;Correo Argentino Clasico - Envio a domicilio;Mercado Pago;;;;04/06/2025;05/06/2025;Vestido Catalina (L);110000;1;;Móvil;;;;Sí;;;;;
5573;cliente_1132@ejemplo.com;04/06/2025 15:00:49;Abierta;Recibido;Enviado;ARS;135000.0;0.0;0.0;135000.0;;;;;;;;;;Nordelta ;;Gran Buenos Aires;Argentina;Correo Argentino Clasico - Envio a domicilio;Mercado Pago;;;;04/06/2025;05/06/2025;Vestido Koko (M);135000;1;1662;Móvil;;;;Sí;;;;;
5572;cliente_1032@ejemplo.com;04/06/2025 14:54:00;Abierta;Recibido;Enviado;ARS;149000.0;0.0;0.0;149000.0;;;;;;;;;;Capital;;Catamarca;Argentina;Correo Argentino Clasico - Envio a domicilio;Mercado Pago;;;;04/06/2025;05/06/2025;"Catsuit Máxima ""Ultimas unidades"" (M)";149000;1;;Móvil;;;;Sí;;;;;
5571;cliente_0677@ejemplo.com;04/06/2025 13:14:13;Abierta;Recibido;Enviado;ARS;110000.0;0.0;7065.0;117065.0;;;;;;;;;;Berazategui;;Gran Buenos Aires;Argentina;Correo Argentino Clasico - Envio a domicilio;Mercado Pago;;;;04/06/2025;04/06/2025;Vestido Catalina (L);110000;1;;Móvil;;;;Sí;;;;;
5570;cliente_1133@ejemplo.com;04/06/2025 11:48:35;Abierta;Recibido;Enviado;ARS;110000.0;0.0;7065.0;117065.0;;;;;;;;;;Ezeiza;;Buenos Aires;Argentina;Correo Argentino Clasico - Envio a domicilio;Mercado Pago;;;;04/06/2025;04/06/2025;Vestido Catalina (XL);110000;1;;Móvil;;;;Sí;;;;;
5568;cliente_1134@ejemplo.com;03/06/2025 12:32:30;Abierta;Recibido;Enviado;ARS;149000.0;0.0;0.0;149000.0;;;;;;;;;;Córdoba;;Córdoba;Argentina;Correo Argentino Clasico - Envio a domicilio;Mercado Pago;;;;03/06/2025;04/06/2025;Vestido Selene (L);99000;1;;Web;;;;Sí;;;;;
5568;cliente_1134@ejemplo.com;;;;;;;;;;;;;;;;;;;;;;;;;;;;;;Jeans Cami (L);50000;1;;;;;;Sí;;;;;
5567;cliente_1100@ejemplo.com;03/06/2025 09:18:19;Abierta;Recibido;Enviado;ARS;110000.0;0.0;9075.0;119075.0;;;;;;;;;;San Pablo;;Tucumán;Argentina;Correo Argentino Clasico - Envio a domicilio;Mercado Pago;;;;03/06/2025;04/06/2025;Vestido Valentino (M);110000;1;;Móvil;;;;Sí;;;;;
5566;cliente_1135@ejemplo.com;03/06/2025 02:36:25;Abierta;Recibido;Enviado;ARS;65000.0;0.0;0.0;65000.0;;;;;;;;;;Capital Federal;;Capital Federal;Argentina;Envio en moto CABA;Mercado Pago;;;;03/06/2025;05/06/2025;Short Salim (XL, Azul);65000;1;;Móvil;;;;Sí;;;;;
5565;cliente_1136@ejemplo.com;02/06/2025 22:26:18;Abierta;Recibido;Enviado;ARS;383000.0;0.0;0.0;383000.0;;;;;;;;;;Victoria ;;Entre Ríos;Argentina;Correo Argentino Clasico - Envio a domicilio;Mercado Pago;;;;03/06/2025;04/06/2025;"Catsuit Felix ""Ultimas unidades"" (XL)";99000;1;;Móvil;;;;Sí;;;;;
5565;cliente_1136@ejemplo.com;;;;;;;;;;;;;;;;;;;;;;;;;;;;;;Catsuit Sena (XL);149000;1;;;;;;Sí;;;;;
5565;cliente_1136@ejemplo.com;;;;;;;;;;;;;;;;;;;;;;;;;;;;;;"Vestido Francesca ""Ultimas unidades"" (XL)";135000;1;;;;;;Sí;;;;;
5564;cliente_1137@ejemplo.com;02/06/2025 17:29:50;Abierta;Recibido;Enviado;ARS;159000.0;0.0;0.0;159000.0;;;;;;;;;;Roldan;;Santa Fe;Argentina;Correo Argentino Clasico - Envio a domicilio;Mercado Pago;;;;02/06/2025;04/06/2025;Catsuits Ciro (S);159000;1;;Móvil;;;;Sí;;;;;
5563;cliente_1138@ejemplo.com;02/06/2025 15:14:13;Abierta;Recibido;Enviado;ARS;110000.0;0.0;0.0;110000.0;;;;;;;;;;Capital Federal;;Capital Federal;Argentina;Envio en moto CABA;Mercado Pago;;;;02/06/2025;05/06/2025;Vestido Catalina (M);110000;1;;Móvil;;;;Sí;;;;;
5560;cliente_1055@ejemplo.com;02/06/2025 08:05:09;Abierta;Recibido;Enviado;ARS;159000.0;0.0;0.0;159000.0;;;;;;;;;;Capital Federal;;Capital Federal;Argentina;Envio en moto CABA;Transferencia o depósito bancario;;;;04/06/2025;05/06/2025;Overall Simone (M);159000;1;;Web;;;;Sí;;;;;
5559;cliente_0326@ejemplo.com;01/06/2025 23:06:06;Abierta;Recibido;Enviado;ARS;99000.0;0.0;0.0;99000.0;;;;;;;;;;Capital Federal;;Capital Federal;Argentina;Envio en moto CABA;Mercado Pago;;;;01/06/2025;05/06/2025;Vestido Ornella (M);99000;1;;Móvil;;;;Sí;;;;;
5558;cliente_1139@ejemplo.com;01/06/2025 21:33:18;Abierta;Recibido;Enviado;ARS;110000.0;0.0;7065.0;117065.0;;;;;;;;;;Quilmes;;Gran Buenos Aires;Argentina;Correo Argentino Clasico - Envio a domicilio;Mercado Pago;;;;01/06/2025;04/06/2025;Vestido Catalina (L);110000;1;;Móvil;;;;Sí;;;;;
5557;cliente_1140@ejemplo.com;01/06/2025 20:41:22;Abierta;Recibido;Enviado;ARS;149000.0;0.0;0.0;149000.0;;;;;;;;;;Colón;;Córdoba;Argentina;Correo Argentino Clasico - Envio a domicilio;Mercado Pago;;;;01/06/2025;04/06/2025;Catsuit Máxima (M);149000;1;;Móvil;;;;Sí;;;;;
5556;cliente_1141@ejemplo.com;01/06/2025 13:48:53;Abierta;Recibido;Enviado;ARS;148000.0;0.0;0.0;148000.0;;;;;;;;;;Punilla;;Córdoba;Argentina;Correo Argentino Clasico - Envio a domicilio;Mercado Pago;;;;01/06/2025;04/06/2025;"Vestido Madison ""Ultimas unidades"" (L)";148000;1;;Móvil;;;;Sí;;;;;
5555;cliente_1142@ejemplo.com;01/06/2025 13:28:45;Abierta;Recibido;Enviado;ARS;110000.0;0.0;7065.0;117065.0;;;;;;;;;;Vicente López;;Gran Buenos Aires;Argentina;Correo Argentino Clasico - Envio a domicilio;Mercado Pago;;;;01/06/2025;04/06/2025;Vestido Catalina (S);110000;1;;Móvil;;;;Sí;;;;;
5554;cliente_0762@ejemplo.com;31/05/2025 16:23:37;Abierta;Recibido;Enviado;ARS;99000.0;0.0;6070.01;105070.01;;;;;;;;;;Merlo;;Gran Buenos Aires;Argentina;Punto de retiro;Transferencia o depósito bancario;;;;04/06/2025;04/06/2025;"Vestido Rachel ""Ultimas unidades"" (XL)";99000;1;;Móvil;;;;Sí;;;;;
5553;cliente_1143@ejemplo.com;30/05/2025 16:41:11;Abierta;Recibido;Enviado;ARS;90000.0;0.0;8372.01;98372.01;;;;;;;;;;Paraná;;Entre Ríos;Argentina;Correo Argentino Clasico - Envio a domicilio;Mercado Pago;;;;30/05/2025;04/06/2025;"Overall Donatella ""Ultimas unidades"" (S)";90000;1;;Móvil;;;;Sí;;;;;
5552;cliente_1144@ejemplo.com;30/05/2025 14:24:45;Abierta;Recibido;Enviado;ARS;110000.0;0.0;7065.0;117065.0;;;;;;;;;;Caseros;;Gran Buenos Aires;Argentina;Correo Argentino Clasico - Envio a domicilio;Mercado Pago;;;;30/05/2025;30/05/2025;Vestido Catalina (L);110000;1;;Web;;;;Sí;;;;;
5551;cliente_1145@ejemplo.com;30/05/2025 10:59:53;Abierta;Recibido;Enviado;ARS;150000.0;0.0;0.0;150000.0;;;;;;;;;;La Capital;;San Luis;Argentina;Correo Argentino Clasico - Envio a domicilio;Mercado Pago;;;;30/05/2025;30/05/2025;Vestido Ornella (L);150000;1;;Móvil;;;;Sí;;;;;
5550;cliente_1146@ejemplo.com;30/05/2025 00:54:54;Abierta;Recibido;Enviado;ARS;119000.0;0.0;4318.0;123318.0;;;;;;;;;;Capital Federal;;Capital Federal;Argentina;Punto de retiro;Mercado Pago;;;;30/05/2025;30/05/2025;Jeans Jordan (38);119000;1;;Móvil;;;;Sí;;;;;
5549;cliente_1147@ejemplo.com;29/05/2025 22:21:59;Abierta;Recibido;Enviado;ARS;149000.0;14900.0;0.0;134100.0;;;;;;;;;;Esteban Echeverria;;Gran Buenos Aires;Argentina;Correo Argentino Clasico - Envio a domicilio;Mercado Pago;REGALODENIM;;;29/05/2025;30/05/2025;Catsuit Felix (XL);149000;1;;Móvil;;;;Sí;;;;;
5546;cliente_1104@ejemplo.com;29/05/2025 15:00:49;Abierta;Recibido;Enviado;ARS;159000.0;0.0;0.0;159000.0;;;;;;;;;;Capital Federal;;Capital Federal;Argentina;Envio en moto CABA;Mercado Pago;;;;29/05/2025;30/05/2025;Overall Simone (L);159000;1;;Móvil;;;;Sí;;;;;
5545;cliente_0832@ejemplo.com;29/05/2025 12:12:54;Abierta;Recibido;Enviado;ARS;128000.0;0.0;4318.0;132318.0;;;;;;;;;;Tigre;;Gran Buenos Aires;Argentina;Punto de retiro;Mercado Pago;;;;29/05/2025;29/05/2025;Vestido Marilyn (M);128000;1;;Web;;;;Sí;;;;;
5544;cliente_1148@ejemplo.com;29/05/2025 01:56:11;Abierta;Recibido;Enviado;ARS;156000.0;0.0;0.0;156000.0;;;;;;;;;;Concordia;;Entre Ríos;Argentina;Correo Argentino Clasico - Envio a domicilio;Mercado Pago;;;;29/05/2025;29/05/2025;Overall Makena (Azul, L);156000;1;;Móvil;;;;Sí;;;;;
5543;cliente_1149@ejemplo.com;28/05/2025 14:28:02;Abierta;Recibido;Enviado;ARS;289000.0;0.0;0.0;289000.0;;;;;;;;;;Cutralco ;;Neuquén;Argentina;Correo Argentino Clasico - Envio a domicilio;Mercado Pago;;;;28/05/2025;29/05/2025;Trench Farrel (XL);170000;1;;Móvil;;;;Sí;;;;;
5543;cliente_1149@ejemplo.com;;;;;;;;;;;;;;;;;;;;;;;;;;;;;;Jeans Jordan (44);119000;1;;;;;;Sí;;;;;
5542;cliente_1150@ejemplo.com;28/05/2025 12:11:04;Abierta;Recibido;Enviado;ARS;69000.0;0.0;7065.0;76065.0;;;;;;;;;;Bs as;;Gran Buenos Aires;Argentina;Correo Argentino Clasico - Envio a domicilio;Mercado Pago;;;;28/05/2025;28/05/2025;Vestido Cristal (XL);69000;1;;Móvil;;;;Sí;;;;;
5541;cliente_1151@ejemplo.com;26/05/2025 16:37:02;Abierta;Recibido;Enviado;ARS;110000.0;0.0;5241.0;115241.0;;;;;;;;;;La Plata;;Buenos Aires;Argentina;Punto de retiro;Transferencia o depósito bancario;;;;27/05/2025;27/05/2025;Vestido Catalina (L);110000;1;;Móvil;;;;Sí;;;;;
5540;cliente_1152@ejemplo.com;26/05/2025 11:10:40;Abierta;Recibido;Enviado;ARS;135000.0;0.0;0.0;135000.0;;;;;;;;;;Ciudad Autonoma de Buenos Aires ;;Capital Federal;Argentina;Envio en moto CABA;Mercado Pago;;;;26/05/2025;29/05/2025;Vestido Francesca (XL);135000;1;;Móvil;;;;Sí;;;;;
5539;cliente_1153@ejemplo.com;25/05/2025 18:50:31;Abierta;Recibido;Enviado;ARS;90000.0;0.0;7065.0;97065.0;;;;;;;;;;Moreno;;Gran Buenos Aires;Argentina;Correo Argentino Clasico - Envio a domicilio;Mercado Pago;;;;25/05/2025;26/05/2025;Overall Donatella (S);90000;1;;Móvil;;;;Sí;;;;;
5538;cliente_0793@ejemplo.com;25/05/2025 15:20:58;Abierta;Recibido;Enviado;ARS;149000.0;0.0;0.0;149000.0;;;;;;;;;;Cordoba;;Córdoba;Argentina;Correo Argentino Clasico - Envio a domicilio;Mercado Pago;;;;25/05/2025;26/05/2025;Sena (XL);149000;1;;Móvil;;;;Sí;;;;;
5537;cliente_1154@ejemplo.com;25/05/2025 13:47:16;Abierta;Recibido;Enviado;ARS;110000.0;0.0;4318.0;114318.0;;;;;;;;;;Capital Federal;;Capital Federal;Argentina;Punto de retiro;Mercado Pago;;;;25/05/2025;26/05/2025;Vestido Catalina (XL);110000;1;;Móvil;;;;Sí;;;;;
5536;cliente_1155@ejemplo.com;25/05/2025 00:43:50;Abierta;Recibido;Enviado;ARS;128000.0;0.0;4318.0;132318.0;;;;;;;;;;Ramos mejía ;;Gran Buenos Aires;Argentina;Punto de retiro;Mercado Pago;;;;25/05/2025;26/05/2025;Vestido Marilyn (XL);128000;1;;Móvil;;;;Sí;;;;;
5534;cliente_1156@ejemplo.com;23/05/2025 19:25:22;Abierta;Recibido;Enviado;ARS;214000.0;0.0;0.0;214000.0;;;;;;;;;;Balcarce;;Buenos Aires;Argentina;Correo Argentino Clasico - Envio a domicilio;Mercado Pago;;;;23/05/2025;26/05/2025;Heidi (S);149000;1;;Móvil;;;;Sí;;;;;
5534;cliente_1156@ejemplo.com;;;;;;;;;;;;;;;;;;;;;;;;;;;;;;Falda Charlotte (S);65000;1;;;;;;Sí;;;;;
5533;cliente_0894@ejemplo.com;23/05/2025 06:02:54;Abierta;Recibido;Enviado;ARS;50000.0;0.0;8372.01;58372.01;;;;;;;;;;Pilar.dpto rio segundo. Cordoba;;Córdoba;Argentina;Correo Argentino Clasico - Envio a domicilio;Mercado Pago;;;;23/05/2025;23/05/2025;Jeans Cami (S);50000;1;;Móvil;;;;Sí;;;;;
5531;cliente_1157@ejemplo.com;22/05/2025 19:42:54;Abierta;Recibido;Enviado;ARS;55000.0;0.0;8372.01;63372.01;;;;;;;;;;Rio cuarto ;;Córdoba;Argentina;Correo Argentino Clasico - Envio a domicilio;Mercado Pago;;;;22/05/2025;23/05/2025;Jeans Louis (42);55000;1;;Móvil;;;;Sí;;;;;
5530;cliente_1158@ejemplo.com;21/05/2025 18:46:16;Abierta;Recibido;Enviado;ARS;235000.0;0.0;0.0;235000.0;;;;;;;;;;San Miguel de Tucumán ;;Tucumán;Argentina;Correo Argentino Clasico - Envio a domicilio;Mercado Pago;;;;21/05/2025;22/05/2025;Campera Xuxa (L);235000;1;;Web;;;;Sí;;;;;
5529;cliente_1032@ejemplo.com;21/05/2025 12:53:14;Abierta;Recibido;Enviado;ARS;85000.0;0.0;15088.99;100088.99;;;;;;;;;;Capital catamarca;;Catamarca;Argentina;Correo Argentino Clasico - Envio a domicilio;Mercado Pago;;;;21/05/2025;21/05/2025;Jeans Enzo (42);85000;1;1748;Móvil;;;;Sí;;;;;
5527;cliente_0774@ejemplo.com;21/05/2025 00:11:47;Abierta;Recibido;Enviado;ARS;110000.0;0.0;5715.0;115715.0;;;;;;;;;;Capital;;Corrientes;Argentina;Punto de retiro;Mercado Pago;;;;21/05/2025;21/05/2025;Vestido Catalina (XL);110000;1;;Móvil;;;;Sí;;;;;
5526;cliente_0158@ejemplo.com;20/05/2025 19:03:58;Abierta;Recibido;Enviado;ARS;157000.0;0.0;0.0;157000.0;;;;;;;;;;Capital Federal;;Capital Federal;Argentina;Envio en moto CABA;Mercado Pago;;;;20/05/2025;22/05/2025;Vestido Marilyn (L);128000;1;;Móvil;;;;Sí;;;;;
5526;cliente_0158@ejemplo.com;;;;;;;;;;;;;;;;;;;;;;;;;;;;;;Top Euforia (L);29000;1;;;;;;Sí;;;;;
5525;cliente_1159@ejemplo.com;20/05/2025 17:23:31;Abierta;Recibido;Enviado;ARS;119000.0;0.0;7065.0;126065.0;;;;;;;;;;Jose C. Paz;;Gran Buenos Aires;Argentina;Correo Argentino Clasico - Envio a domicilio;Transferencia o depósito bancario;;;;21/05/2025;21/05/2025;Jeans Jordan (42);119000;1;;Móvil;;;;Sí;;;;;
5524;cliente_1160@ejemplo.com;20/05/2025 13:00:38;Abierta;Recibido;Enviado;ARS;324000.0;0.0;0.0;324000.0;;;;;;;;;;Capital Federal;;Capital Federal;Argentina;Envio en moto CABA;Mercado Pago;;;;20/05/2025;22/05/2025;Vestido Koko (M);135000;1;1662;Móvil;;;;Sí;;;;;
5524;cliente_1160@ejemplo.com;;;;;;;;;;;;;;;;;;;;;;;;;;;;;;Mini Stella (L);90000;1;;;;;;Sí;;;;;
5524;cliente_1160@ejemplo.com;;;;;;;;;;;;;;;;;;;;;;;;;;;;;;Many (M);99000;1;;;;;;Sí;;;;;
5523;cliente_1161@ejemplo.com;18/05/2025 22:24:53;Abierta;Recibido;Enviado;ARS;99000.0;0.0;15088.99;114088.99;;;;;;;;;;Neuquén;;Neuquén;Argentina;Correo Argentino Clasico - Envio a domicilio;Mercado Pago;;;;18/05/2025;19/05/2025;Overall Carola (S);99000;1;;Móvil;;;;Sí;;;;;
5522;cliente_1162@ejemplo.com;18/05/2025 21:21:49;Abierta;Recibido;Enviado;ARS;90000.0;0.0;7065.0;97065.0;;;;;;;;;;Capital Federal;;Capital Federal;Argentina;Correo Argentino Clasico - Envio a domicilio;Mercado Pago;;;;18/05/2025;19/05/2025;Overall Donatella (S);90000;1;;Móvil;;;;Sí;;;;;
5521;cliente_1064@ejemplo.com;18/05/2025 16:59:31;Abierta;Recibido;Enviado;ARS;90000.0;0.0;9075.0;99075.0;;;;;;;;;;San Fernando;;Chaco;Argentina;Correo Argentino Clasico - Envio a domicilio;Mercado Pago;;;;18/05/2025;19/05/2025;Vestido Magda (S);90000;1;1725;Web;;;;Sí;;;;;
5520;cliente_1163@ejemplo.com;18/05/2025 15:29:13;Abierta;Recibido;Enviado;ARS;263000.0;0.0;0.0;263000.0;;;;;;;;;;Palmira;;Mendoza;Argentina;Correo Argentino Clasico - Envio a domicilio;Mercado Pago;;;;18/05/2025;19/05/2025;Many (XL);99000;1;;Móvil;;;;Sí;;;;;
5520;cliente_1163@ejemplo.com;;;;;;;;;;;;;;;;;;;;;;;;;;;;;;Falda Charlotte (XL);65000;1;;;;;;Sí;;;;;
5520;cliente_1163@ejemplo.com;;;;;;;;;;;;;;;;;;;;;;;;;;;;;;Vestido Selene (L);99000;1;;;;;;Sí;;;;;
5519;cliente_1164@ejemplo.com;17/05/2025 19:19:30;Abierta;Recibido;Enviado;ARS;189000.0;0.0;0.0;189000.0;;;;;;;;;;Porteña ;;Córdoba;Argentina;Correo Argentino Clasico - Envio a domicilio;Mercado Pago;;;;17/05/2025;19/05/2025;Vestido Opium Black (L);90000;1;;Móvil;;;;Sí;;;;;
5519;cliente_1164@ejemplo.com;;;;;;;;;;;;;;;;;;;;;;;;;;;;;;Campera Sharon (UNICO, Negro);99000;1;;;;;;Sí;;;;;
5517;cliente_1165@ejemplo.com;17/05/2025 05:24:56;Abierta;Recibido;Enviado;ARS;90000.0;0.0;0.0;90000.0;;;;;;;;;;Capital Federal;;Capital Federal;Argentina;Envio en moto CABA;Mercado Pago;;;;17/05/2025;20/05/2025;Overall Donatella (L);90000;1;;Móvil;;;;Sí;;;;;
5516;cliente_1146@ejemplo.com;17/05/2025 01:06:18;Abierta;Recibido;Enviado;ARS;170000.0;0.0;0.0;170000.0;;;;;;;;;;Capital Federal;;Capital Federal;Argentina;Envio en moto CABA;Mercado Pago;;;;17/05/2025;20/05/2025;Trench Farrel (M);170000;1;;Móvil;;;;Sí;;;;;
5514;cliente_0167@ejemplo.com;16/05/2025 18:05:37;Abierta;Recibido;Enviado;ARS;110000.0;0.0;9075.0;119075.0;;;;;;;;;;Luján De Cuyo Mendoza ;;Mendoza;Argentina;Correo Argentino Clasico - Envio a domicilio;Mercado Pago;;;;16/05/2025;19/05/2025;Vestido Catalina (M);110000;1;;Móvil;;;;Sí;;;;;
5513;cliente_1166@ejemplo.com;16/05/2025 15:57:50;Abierta;Recibido;Enviado;ARS;110000.0;0.0;4318.0;114318.0;;;;;;;;;;Vicente López;;Gran Buenos Aires;Argentina;Punto de retiro;Mercado Pago;;;;16/05/2025;19/05/2025;Vestido Catalina (XL);110000;1;;Móvil;;;;Sí;;;;;
5512;cliente_1033@ejemplo.com;16/05/2025 13:01:35;Abierta;Recibido;Enviado;ARS;148000.0;0.0;0.0;148000.0;;;;;;;;;;Patagonés;;Buenos Aires;Argentina;Punto de retiro;Mercado Pago;;;;16/05/2025;16/05/2025;Vestido Madison (M);148000;1;;Móvil;;;;Sí;;;;;
5511;cliente_1167@ejemplo.com;16/05/2025 12:54:18;Abierta;Recibido;Enviado;ARS;110000.0;0.0;7065.0;117065.0;;;;;;;;;;Rafael calzada ;;Gran Buenos Aires;Argentina;Correo Argentino Clasico - Envio a domicilio;Mercado Pago;;;;16/05/2025;16/05/2025;Vestido Catalina (M);110000;1;;Móvil;;;;Sí;;;;;
5510;cliente_1168@ejemplo.com;16/05/2025 10:57:42;Abierta;Recibido;Enviado;ARS;99000.0;0.0;16594.0;115594.0;;;;;;;;;;Esquel ;;Chubut;Argentina;Correo Argentino Clasico - Envio a domicilio;Transferencia o depósito bancario;;;;16/05/2025;16/05/2025;Overall Carola (L);99000;1;;Móvil;;;;Sí;;;;;
5509;cliente_1169@ejemplo.com;16/05/2025 10:53:55;Abierta;Recibido;Enviado;ARS;265000.0;0.0;0.0;265000.0;;;;;;;;;;Posadas;;Misiones;Argentina;Correo Argentino Clasico - Envio a domicilio;Mercado Pago;;;;16/05/2025;16/05/2025;Marion (L);110000;1;;Móvil;;;;Sí;;;;;
5509;cliente_1169@ejemplo.com;;;;;;;;;;;;;;;;;;;;;;;;;;;;;;Overall Donatella (XL);90000;1;;;;;;Sí;;;;;
5509;cliente_1169@ejemplo.com;;;;;;;;;;;;;;;;;;;;;;;;;;;;;;Short Jackes (XL, Azul);65000;1;;;;;;Sí;;;;;
5508;cliente_1170@ejemplo.com;15/05/2025 22:10:42;Abierta;Recibido;Enviado;ARS;304000.0;0.0;0.0;304000.0;;;;;;;;;;Salta;;Salta;Argentina;Correo Argentino Clasico - Envio a domicilio;Mercado Pago;;;;15/05/2025;16/05/2025;Vestido Nadine (S);85000;1;;Web;;;;Sí;;;;;
5508;cliente_1170@ejemplo.com;;;;;;;;;;;;;;;;;;;;;;;;;;;;;;Campera Ivana (UNICO);99000;1;;;;;;Sí;;;;;
5508;cliente_1170@ejemplo.com;;;;;;;;;;;;;;;;;;;;;;;;;;;;;;Vestido Azucena (S);120000;1;;;;;;Sí;;;;;
5507;cliente_0268@ejemplo.com;15/05/2025 13:16:08;Abierta;Recibido;Enviado;ARS;99000.0;0.0;6070.01;105070.01;;;;;;;;;;Esteban Echeverria;;Gran Buenos Aires;Argentina;Punto de retiro;Mercado Pago;;;;15/05/2025;15/05/2025;Overall Carola (S);99000;1;;Móvil;;;;Sí;;;;;
5504;cliente_1171@ejemplo.com;14/05/2025 21:28:17;Abierta;Recibido;Enviado;ARS;399000.0;0.0;0.0;399000.0;;;;;;;;;;Cordoba;;Córdoba;Argentina;Correo Argentino Clasico - Envio a domicilio;Mercado Pago;;;;14/05/2025;15/05/2025;Jeans Jordan (38);119000;1;;Móvil;;;;Sí;;;;;
5504;cliente_1171@ejemplo.com;;;;;;;;;;;;;;;;;;;;;;;;;;;;;;Trench Farrel (S);170000;1;;;;;;Sí;;;;;
5504;cliente_1171@ejemplo.com;;;;;;;;;;;;;;;;;;;;;;;;;;;;;;Vestido Catalina (S);110000;1;;;;;;Sí;;;;;
5503;cliente_1172@ejemplo.com;14/05/2025 20:42:50;Abierta;Recibido;Enviado;ARS;110000.0;0.0;5241.0;115241.0;;;;;;;;;;Funes;;Santa Fe;Argentina;Punto de retiro;Transferencia o depósito bancario;;;;15/05/2025;15/05/2025;Vestido Catalina (L);110000;1;;Móvil;;;;Sí;;;;;
5502;cliente_1172@ejemplo.com;14/05/2025 14:02:52;Abierta;Recibido;Enviado;ARS;199000.0;0.0;0.0;199000.0;;;;;;;;;;Funes;;Santa Fe;Argentina;Punto de retiro;Mercado Pago;;;;14/05/2025;15/05/2025;Irina (M);80000;1;;Móvil;;;;Sí;;;;;
5502;cliente_1172@ejemplo.com;;;;;;;;;;;;;;;;;;;;;;;;;;;;;;Catsuit Antonella (M);119000;1;;;;;;Sí;;;;;
5501;cliente_1173@ejemplo.com;13/05/2025 21:48:35;Abierta;Recibido;Enviado;ARS;128000.0;0.0;4318.0;132318.0;;;;;;;;;;Almirante Brown;;Gran Buenos Aires;Argentina;Punto de retiro;Mercado Pago;;;;13/05/2025;14/05/2025;Vestido Marilyn (L);128000;1;;Móvil;;;;Sí;;;;;
5500;cliente_1174@ejemplo.com;13/05/2025 16:08:04;Abierta;Recibido;Enviado;ARS;90000.0;0.0;5241.0;95241.0;;;;;;;;;;La Plata;;Buenos Aires;Argentina;Punto de retiro;Mercado Pago;;;;13/05/2025;14/05/2025;Overall Donatella (M);90000;1;;Web;;;;Sí;;;;;
5499;cliente_1175@ejemplo.com;13/05/2025 15:16:55;Abierta;Recibido;Enviado;ARS;149000.0;0.0;0.0;149000.0;;;;;;;;;;Santa Fe;;Santa Fe;Argentina;Correo Argentino Clasico - Envio a domicilio;Mercado Pago;;;;13/05/2025;14/05/2025;Overall Carola (XL);99000;1;;Móvil;;;;Sí;;;;;
5499;cliente_1175@ejemplo.com;;;;;;;;;;;;;;;;;;;;;;;;;;;;;;Jeans Cami (XL);50000;1;;;;;;Sí;;;;;
5498;cliente_1176@ejemplo.com;13/05/2025 14:45:55;Abierta;Recibido;Enviado;ARS;128000.0;0.0;4318.0;132318.0;;;;;;;;;;Quilmes;;Gran Buenos Aires;Argentina;Punto de retiro;Mercado Pago;;;;13/05/2025;14/05/2025;Vestido Marilyn (L);128000;1;;Móvil;;;;Sí;;;;;
5497;cliente_1177@ejemplo.com;12/05/2025 16:05:05;Abierta;Recibido;Enviado;ARS;69000.0;0.0;7065.0;76065.0;;;;;;;;;;Moreno ;;Gran Buenos Aires;Argentina;Correo Argentino Clasico - Envio a domicilio;Mercado Pago;;;;12/05/2025;14/05/2025;Corset Roma (M);69000;1;;Móvil;;;;Sí;;;;;
5496;cliente_1178@ejemplo.com;11/05/2025 22:05:36;Abierta;Recibido;Enviado;ARS;149000.0;0.0;0.0;149000.0;;;;;;;;;;Doctor Manuel Belgrano;;Jujuy;Argentina;Correo Argentino Clasico - Envio a domicilio;Mercado Pago;;;;11/05/2025;12/05/2025;Catsuit Máxima (L);149000;1;;Móvil;;;;Sí;;;;;
5495;cliente_1179@ejemplo.com;11/05/2025 11:26:12;Abierta;Recibido;Enviado;ARS;160000.0;0.0;0.0;160000.0;;;;;;;;;;San Fernando;;Gran Buenos Aires;Argentina;Punto de retiro;Mercado Pago;;;;11/05/2025;12/05/2025;Blazer Carel (XL);160000;1;;Móvil;;;;Sí;;;;;
5494;cliente_1180@ejemplo.com;11/05/2025 11:12:05;Abierta;Recibido;Enviado;ARS;168000.0;0.0;0.0;168000.0;;;;;;;;;;Trelew;;Chubut;Argentina;Correo Argentino Clasico - Envio a domicilio;Mercado Pago;;;;11/05/2025;12/05/2025;Vestido Catalina (M);110000;1;;Móvil;;;;Sí;;;;;
5494;cliente_1180@ejemplo.com;;;;;;;;;;;;;;;;;;;;;;;;;;;;;;Chaleco Noya (S);58000;1;;;;;;Sí;;;;;
5492;cliente_0193@ejemplo.com;10/05/2025 07:50:00;Abierta;Recibido;Enviado;ARS;90000.0;0.0;4318.0;94318.0;;;;;;;;;;Lanus;;Gran Buenos Aires;Argentina;Punto de retiro;Mercado Pago;;;;10/05/2025;12/05/2025;Overall Donatella (S);90000;1;;Móvil;;;;Sí;;;;;
5491;cliente_1181@ejemplo.com;10/05/2025 01:46:42;Abierta;Recibido;Enviado;ARS;90000.0;0.0;8372.01;98372.01;;;;;;;;;;La Plata;;Buenos Aires;Argentina;Correo Argentino Clasico - Envio a domicilio;Mercado Pago;;;;10/05/2025;12/05/2025;Jeans Richi (40, Celeste);90000;1;;Móvil;;;;Sí;;;;;
5490;cliente_1182@ejemplo.com;09/05/2025 12:59:33;Abierta;Recibido;Enviado;ARS;90000.0;0.0;8372.01;98372.01;;;;;;;;;;Punilla;;Córdoba;Argentina;Correo Argentino Clasico - Envio a domicilio;Mercado Pago;;;;09/05/2025;09/05/2025;Mini Stella (S);90000;1;;Móvil;;;;Sí;;;;;
5489;cliente_1183@ejemplo.com;09/05/2025 04:47:52;Abierta;Recibido;Enviado;ARS;220000.0;0.0;0.0;220000.0;;;;;;;;;;General Pueyrredón;;Buenos Aires;Argentina;Correo Argentino Clasico - Envio a domicilio;Mercado Pago;;;;09/05/2025;09/05/2025;Vestido Catalina (S);110000;1;;Móvil;;;;Sí;;;;;
5489;cliente_1183@ejemplo.com;;;;;;;;;;;;;;;;;;;;;;;;;;;;;;Marion (S);110000;1;;;;;;Sí;;;;;
5488;cliente_1184@ejemplo.com;09/05/2025 01:25:08;Abierta;Recibido;Enviado;ARS;130000.0;0.0;0.0;130000.0;;;;;;;;;;Formosa;;Formosa;Argentina;Punto de retiro;Mercado Pago;;;;09/05/2025;09/05/2025;Vestido Alba (S);130000;1;;Móvil;;;;Sí;;;;;
5487;cliente_1185@ejemplo.com;09/05/2025 00:55:42;Abierta;Recibido;Enviado;ARS;128000.0;0.0;0.0;128000.0;;;;;;;;;;Capital Federal;;Capital Federal;Argentina;Envio en moto CABA;Mercado Pago;;;;09/05/2025;09/05/2025;Vestido Marilyn (L);128000;1;;Móvil;;;;Sí;;;;;
5486;cliente_1186@ejemplo.com;09/05/2025 00:54:42;Abierta;Recibido;Enviado;ARS;110000.0;0.0;4318.0;114318.0;;;;;;;;;;Avellaneda;;Gran Buenos Aires;Argentina;Punto de retiro;Mercado Pago;;;;09/05/2025;09/05/2025;Vestido Catalina (L);110000;1;;Móvil;;;;Sí;;;;;
5485;cliente_1187@ejemplo.com;08/05/2025 23:43:49;Abierta;Recibido;Enviado;ARS;399000.0;0.0;0.0;399000.0;;;;;;;;;;La plata ;;Buenos Aires;Argentina;Correo Argentino Clasico - Envio a domicilio;Mercado Pago;;;;08/05/2025;09/05/2025;Vestido Catalina (S);110000;1;;Móvil;;;;Sí;;;;;
5485;cliente_1187@ejemplo.com;;;;;;;;;;;;;;;;;;;;;;;;;;;;;;Trench Farrel (S);170000;1;;;;;;Sí;;;;;
5485;cliente_1187@ejemplo.com;;;;;;;;;;;;;;;;;;;;;;;;;;;;;;Jeans Jordan (38);119000;1;;;;;;Sí;;;;;
5484;cliente_1188@ejemplo.com;08/05/2025 22:06:17;Abierta;Recibido;Enviado;ARS;128000.0;0.0;8372.01;136372.01;;;;;;;;;;Mar del plata;;Buenos Aires;Argentina;Correo Argentino Clasico - Envio a domicilio;Mercado Pago;;;;08/05/2025;09/05/2025;Vestido Marilyn (L);128000;1;;Móvil;;;;Sí;;;;;
5483;cliente_1189@ejemplo.com;08/05/2025 21:08:41;Abierta;Recibido;Enviado;ARS;159000.0;0.0;0.0;159000.0;;;;;;;;;;Villa Luzuriaga;;Gran Buenos Aires;Argentina;Correo Argentino Clasico - Envio a domicilio;Mercado Pago;;;;08/05/2025;09/05/2025;Overall New Taylor (M);159000;1;;Móvil;;;;Sí;;;;;
5482;cliente_1190@ejemplo.com;08/05/2025 18:35:49;Abierta;Recibido;Enviado;ARS;50000.0;5000.0;0.0;45000.0;;;;;;;;;;Capital Federal;;Capital Federal;Argentina;Envio en moto CABA;Transferencia o depósito bancario;REGALODENIM;;;09/05/2025;09/05/2025;Jeans Cami (XL);50000;1;;Web;;;;Sí;;;;;
5481;cliente_1191@ejemplo.com;08/05/2025 14:07:17;Abierta;Recibido;Enviado;ARS;99000.0;0.0;9139.0;108139.0;;;;;;;;;;Sarmiento ;;Chubut;Argentina;Correo Argentino Clasico - Envio a domicilio;Mercado Pago;;;;08/05/2025;08/05/2025;Keaton (S);99000;1;;Móvil;;;;Sí;;;;;
5480;cliente_1192@ejemplo.com;07/05/2025 18:50:28;Abierta;Recibido;Enviado;ARS;128000.0;0.0;4318.0;132318.0;;;;;;;;;;Moron;;Gran Buenos Aires;Argentina;Punto de retiro;Mercado Pago;;;;07/05/2025;08/05/2025;Vestido Marilyn (S);128000;1;;Móvil;;;;Sí;;;;;
5479;cliente_1193@ejemplo.com;07/05/2025 15:26:46;Abierta;Recibido;Enviado;ARS;55000.0;0.0;8372.01;63372.01;;;;;;;;;;Córdoba Capital ;;Córdoba;Argentina;Correo Argentino Clasico - Envio a domicilio;Mercado Pago;;;;07/05/2025;08/05/2025;Jeans Louis (42);55000;1;;Móvil;;;;Sí;;;;;
5477;cliente_1036@ejemplo.com;07/05/2025 14:21:07;Abierta;Recibido;Enviado;ARS;150000.0;0.0;0.0;150000.0;;;;;;;;;;Rosario;;Santa Fe;Argentina;Punto de retiro;Mercado Pago;;;;07/05/2025;08/05/2025;Vestido Ornella (L);150000;1;;Móvil;;;;Sí;;;;;
5476;cliente_1194@ejemplo.com;07/05/2025 10:54:10;Abierta;Recibido;Enviado;ARS;128000.0;0.0;7065.0;135065.0;;;;;;;;;;El Palomar;;Gran Buenos Aires;Argentina;Correo Argentino Clasico - Envio a domicilio;Mercado Pago;;;;07/05/2025;07/05/2025;Vestido Marilyn (XL);128000;1;;Web;;;;Sí;;;;;
5474;cliente_1195@ejemplo.com;07/05/2025 06:01:47;Abierta;Recibido;Enviado;ARS;128000.0;0.0;9139.0;137139.0;;;;;;;;;;Comodoro rivadavia ;;Chubut;Argentina;Correo Argentino Clasico - Envio a domicilio;Mercado Pago;;;;07/05/2025;07/05/2025;Vestido Marilyn (XL);128000;1;;Móvil;;;;Sí;;;;;
5472;cliente_0459@ejemplo.com;06/05/2025 09:51:40;Abierta;Recibido;Enviado;ARS;140000.0;0.0;0.0;140000.0;;;;;;;;;;Paraná;;Entre Ríos;Argentina;Punto de retiro;Mercado Pago;;;;06/05/2025;06/05/2025;Jeans Cami (S);50000;1;;Móvil;;;;Sí;;;;;
5472;cliente_0459@ejemplo.com;;;;;;;;;;;;;;;;;;;;;;;;;;;;;;Overall Donatella (S);90000;1;;;;;;Sí;;;;;
5471;cliente_1196@ejemplo.com;06/05/2025 00:49:52;Abierta;Recibido;Enviado;ARS;269000.0;0.0;0.0;269000.0;;;;;;;;;;Neuquén Capital;;Neuquén;Argentina;Correo Argentino Clasico - Envio a domicilio;Mercado Pago;;;;06/05/2025;06/05/2025;Trech Farrel (S);149000;1;;Móvil;;;;Sí;;;;;
5471;cliente_1196@ejemplo.com;;;;;;;;;;;;;;;;;;;;;;;;;;;;;;Jeans Jordan (38);120000;1;;;;;;Sí;;;;;
5470;cliente_1197@ejemplo.com;05/05/2025 10:58:49;Abierta;Recibido;Enviado;ARS;165000.0;0.0;0.0;165000.0;;;;;;;;;;Capital Federal;;Capital Federal;Argentina;Envio en moto CABA;Mercado Pago;;;;05/05/2025;07/05/2025;Overall Milo (XL);165000;1;;Móvil;;;;Sí;;;;;
5469;cliente_0595@ejemplo.com;05/05/2025 10:55:29;Abierta;Recibido;Enviado;ARS;95000.0;0.0;9075.0;104075.0;;;;;;;;;;Catamarca ;;Catamarca;Argentina;Correo Argentino Clasico - Envio a domicilio;Mercado Pago;;;;05/05/2025;05/05/2025;Jeans Arlet (42);95000;1;1762;Móvil;;;;Sí;;;;;
5468;cliente_1110@ejemplo.com;05/05/2025 09:52:39;Abierta;Recibido;Enviado;ARS;155000.0;0.0;0.0;155000.0;;;;;;;;;;Bahia Blanca;;Buenos Aires;Argentina;Correo Argentino Clasico - Envio a domicilio;Transferencia o depósito bancario;;;;06/05/2025;06/05/2025;Vestido Francesca (XL);155000;1;;Móvil;;;;Sí;;;;;
5467;cliente_1198@ejemplo.com;04/05/2025 20:38:08;Abierta;Recibido;Enviado;ARS;90000.0;0.0;7065.0;97065.0;;;;;;;;;;San Miguel ;;Gran Buenos Aires;Argentina;Correo Argentino Clasico - Envio a domicilio;Mercado Pago;;;;04/05/2025;05/05/2025;Vestido Selene (L);90000;1;;Móvil;;;;Sí;;;;;
5466;cliente_1199@ejemplo.com;04/05/2025 20:01:36;Abierta;Recibido;Enviado;ARS;165000.0;0.0;0.0;165000.0;;;;;;;;;;Neuquén ;;Neuquén;Argentina;Correo Argentino Clasico - Envio a domicilio;Mercado Pago;;;;04/05/2025;05/05/2025;Vestido Giuli (S);50000;1;;Móvil;;;;Sí;;;;;
5466;cliente_1199@ejemplo.com;;;;;;;;;;;;;;;;;;;;;;;;;;;;;;Catsuit Helen (S);70000;1;1645;;;;;Sí;;;;;
5466;cliente_1199@ejemplo.com;;;;;;;;;;;;;;;;;;;;;;;;;;;;;;Camisa Lotus (S);45000;1;1677;;;;;Sí;;;;;
5465;cliente_1200@ejemplo.com;04/05/2025 14:24:14;Abierta;Recibido;Enviado;ARS;128000.0;0.0;0.0;128000.0;;;;;;;;;;Capital Federal;;Capital Federal;Argentina;Envio en moto CABA;Mercado Pago;;;;04/05/2025;07/05/2025;Vestido Marilyn (L);128000;1;;Móvil;;;;Sí;;;;;
5464;cliente_1164@ejemplo.com;03/05/2025 21:07:12;Abierta;Recibido;Enviado;ARS;145000.0;0.0;0.0;145000.0;;;;;;;;;;Porteña ;;Córdoba;Argentina;Correo Argentino Clasico - Envio a domicilio;Mercado Pago;;;;03/05/2025;05/05/2025;Vestido Alesia (L);145000;1;1789;Móvil;;;;Sí;;;;;
5463;cliente_1201@ejemplo.com;03/05/2025 10:39:19;Abierta;Recibido;Enviado;ARS;40000.0;0.0;0.0;40000.0;;;;;;;;;;Capital Federal;;Capital Federal;Argentina;Envio en moto CABA;Mercado Pago;;;;03/05/2025;07/05/2025;Top Idole (M);40000;1;;Móvil;;;;Sí;;;;;
5462;cliente_0132@ejemplo.com;03/05/2025 00:45:45;Abierta;Recibido;Enviado;ARS;150000.0;0.0;0.0;150000.0;;;;;;;;;;Bahia blanca;;Buenos Aires;Argentina;Correo Argentino Clasico - Envio a domicilio;Mercado Pago;;;;03/05/2025;05/05/2025;Vestido Ornella (S);150000;1;;Móvil;;;;Sí;;;;;
5461;cliente_1202@ejemplo.com;03/05/2025 00:27:35;Abierta;Recibido;Enviado;ARS;90000.0;0.0;9075.0;99075.0;;;;;;;;;;San fernando del vallebde catamarca;;Catamarca;Argentina;Correo Argentino Clasico - Envio a domicilio;Mercado Pago;;;;03/05/2025;05/05/2025;Overall Donatella (M);90000;1;;Móvil;;;;Sí;;;;;
5460;cliente_1203@ejemplo.com;03/05/2025 00:23:42;Abierta;Recibido;Enviado;ARS;70000.0;0.0;5241.0;75241.0;;;;;;;;;;Bahia Blanca;;Buenos Aires;Argentina;Punto de retiro;Mercado Pago;;;;03/05/2025;05/05/2025;Catsuit Fame (XL);70000;1;;Móvil;;;;Sí;;;;;
5459;cliente_1204@ejemplo.com;02/05/2025 20:10:37;Abierta;Recibido;Enviado;ARS;128000.0;0.0;8372.01;136372.01;;;;;;;;;;Coronel Charlone ;;Buenos Aires;Argentina;Correo Argentino Clasico - Envio a domicilio;Mercado Pago;;;;02/05/2025;05/05/2025;Vestido Marilyn (L);128000;1;;Móvil;;;;Sí;;;;;
5457;cliente_0120@ejemplo.com;02/05/2025 11:05:20;Abierta;Recibido;Enviado;ARS;148000.0;0.0;0.0;148000.0;;;;;;;;;;Nordelta tigre ;;Gran Buenos Aires;Argentina;Correo Argentino Clasico - Envio a domicilio;Mercado Pago;;;;02/05/2025;05/05/2025;Vestido Madison (S);148000;1;;Móvil;;;;Sí;;;;;
5456;cliente_0120@ejemplo.com;02/05/2025 10:58:15;Abierta;Recibido;Enviado;ARS;190000.0;0.0;0.0;190000.0;;;;;;;;;;Nordelta;;Gran Buenos Aires;Argentina;Correo Argentino Clasico - Envio a domicilio;Mercado Pago;;;;02/05/2025;05/05/2025;Jeans Richi (38, Azul);95000;1;;Móvil;;;;Sí;;;;;
5456;cliente_0120@ejemplo.com;;;;;;;;;;;;;;;;;;;;;;;;;;;;;;Jeans Richi (38, Celeste);95000;1;;;;;;Sí;;;;;
5455;cliente_1205@ejemplo.com;02/05/2025 00:14:28;Abierta;Recibido;Enviado;ARS;180000.0;18000.0;0.0;162000.0;;;;;;;;;;La Capital;;Santa Fe;Argentina;Punto de retiro;Mercado Pago;REGALODENIM;;;02/05/2025;05/05/2025;Blazer Carel (M);180000;1;;Móvil;;;;Sí;;;;;
5454;cliente_1071@ejemplo.com;01/05/2025 22:44:51;Abierta;Recibido;Enviado;ARS;175000.0;17500.0;0.0;157500.0;;;;;;;;;;San Isidro;;Gran Buenos Aires;Argentina;Correo Argentino Clasico - Envio a domicilio;Mercado Pago;REGALODENIM;;;01/05/2025;05/05/2025;Sena (XL);175000;1;;Móvil;;;;Sí;;;;;
5453;cliente_0170@ejemplo.com;01/05/2025 12:43:05;Abierta;Recibido;Enviado;ARS;95000.0;0.0;4318.0;99318.0;;;;;;;;;;Escobar;;Gran Buenos Aires;Argentina;Punto de retiro;Mercado Pago;;;;01/05/2025;05/05/2025;Vestido Catalina (M);95000;1;;Móvil;;;;Sí;;;;;
5452;cliente_1206@ejemplo.com;01/05/2025 01:09:03;Abierta;Recibido;Enviado;ARS;50000.0;0.0;0.0;50000.0;;;;;;;;;;Capital Federal;;Capital Federal;Argentina;Envio en moto CABA;Transferencia o depósito bancario;;;;05/05/2025;07/05/2025;Jeans Cami (XL);50000;1;;Móvil;;;;Sí;;;;;
5448;cliente_1154@ejemplo.com;29/04/2025 20:59:49;Abierta;Recibido;Enviado;ARS;735000.0;0.0;0.0;735000.0;;;;;;;;;;Capital Federal;;Capital Federal;Argentina;Punto de retiro;Mercado Pago;;;;29/04/2025;30/04/2025;Vestido Zaira (Azul, XL);145000;1;1780;Móvil;;;;Sí;;;;;
5448;cliente_1154@ejemplo.com;;;;;;;;;;;;;;;;;;;;;;;;;;;;;;Jeans Jordan (46);120000;1;;;;;;Sí;;;;;
5448;cliente_1154@ejemplo.com;;;;;;;;;;;;;;;;;;;;;;;;;;;;;;Blazer Carel (XL);180000;1;;;;;;Sí;;;;;
5448;cliente_1154@ejemplo.com;;;;;;;;;;;;;;;;;;;;;;;;;;;;;;Trench Blair (L);290000;1;;;;;;Sí;;;;;
5446;cliente_1207@ejemplo.com;29/04/2025 14:42:58;Abierta;Recibido;Enviado;ARS;150000.0;0.0;0.0;150000.0;;;;;;;;;;Capital Federal;;Capital Federal;Argentina;Envio en moto CABA;Transferencia o depósito bancario;;;;29/04/2025;05/05/2025;Vestido Koko (M);150000;1;1662;Móvil;;;;Sí;;;;;
5445;cliente_1104@ejemplo.com;29/04/2025 10:30:25;Abierta;Recibido;Enviado;ARS;150000.0;0.0;0.0;150000.0;;;;;;;;;;Capital Federal;;Capital Federal;Argentina;Envio en moto CABA;Mercado Pago;;;;29/04/2025;29/04/2025;Vestido Koko (L);150000;1;1662;Móvil;;;;Sí;;;;;
5444;cliente_1208@ejemplo.com;29/04/2025 00:05:29;Abierta;Recibido;Enviado;ARS;135000.0;0.0;0.0;135000.0;;;;;;;;;;Pilar;;Gran Buenos Aires;Argentina;Correo Argentino Clasico - Envio a domicilio;Mercado Pago;;;;29/04/2025;30/04/2025;Fini (S);135000;1;;Móvil;;;;Sí;;;;;
5443;cliente_0715@ejemplo.com;28/04/2025 19:35:23;Abierta;Recibido;Enviado;ARS;225000.0;0.0;0.0;225000.0;;;;;;;;;;Carmen dePatagonés;;Buenos Aires;Argentina;Correo Argentino Clasico - Envio a domicilio;Mercado Pago;;;;28/04/2025;30/04/2025;Vestido Magda (XL);70000;1;1725;Móvil;;;;Sí;;;;;
5443;cliente_0715@ejemplo.com;;;;;;;;;;;;;;;;;;;;;;;;;;;;;;Vestido Pilcro (XL);155000;1;;;;;;Sí;;;;;
5442;cliente_1209@ejemplo.com;28/04/2025 18:10:56;Abierta;Recibido;Enviado;ARS;65000.0;0.0;7065.0;72065.0;;;;;;;;;;Pilar villa rosa;;Gran Buenos Aires;Argentina;Correo Argentino Clasico - Envio a domicilio;Mercado Pago;;;;28/04/2025;30/04/2025;Vestido Cristal (L);65000;1;;Móvil;;;;Sí;;;;;
5441;cliente_0345@ejemplo.com;28/04/2025 16:28:13;Abierta;Recibido;Enviado;ARS;95000.0;0.0;9139.0;104139.0;;;;;;;;;;Chubut;;Chubut;Argentina;Correo Argentino Clasico - Envio a domicilio;Mercado Pago;;;;28/04/2025;30/04/2025;Jeans Richi (44, Celeste);95000;1;;Móvil;;;;Sí;;;;;
5440;cliente_1210@ejemplo.com;28/04/2025 16:06:18;Abierta;Recibido;Enviado;ARS;180000.0;42500.0;0.0;137500.0;;;;;;;;;;San Antonio sur,Comandante Fontana;;Formosa;Argentina;Correo Argentino Clasico - Envio a domicilio;Mercado Pago;;;;28/04/2025;30/04/2025;Arlet (46);95000;1;1762;Móvil;;;;Sí;;;;;
5440;cliente_1210@ejemplo.com;;;;;;;;;;;;;;;;;;;;;;;;;;;;;;Calix (46);85000;1;1747;;;;;Sí;;;;;
5439;cliente_1211@ejemplo.com;28/04/2025 13:37:34;Abierta;Recibido;Enviado;ARS;113000.0;0.0;6077.0;119077.0;;;;;;;;;;Necochea;;Buenos Aires;Argentina;Punto de retiro;Mercado Pago;;;;28/04/2025;30/04/2025;Louis (42);55000;1;;Móvil;;;;Sí;;;;;
5439;cliente_1211@ejemplo.com;;;;;;;;;;;;;;;;;;;;;;;;;;;;;;Chaleco Noya (S);58000;1;;;;;;Sí;;;;;
5438;cliente_0406@ejemplo.com;28/04/2025 10:48:28;Abierta;Recibido;Enviado;ARS;180000.0;42500.0;0.0;137500.0;;;;;;;;;;Capital Federal;;Capital Federal;Argentina;Envio en moto CABA;Mercado Pago;;;;28/04/2025;05/05/2025;Calix (42);85000;1;1747;Web;;;;Sí;;;;;
5438;cliente_0406@ejemplo.com;;;;;;;;;;;;;;;;;;;;;;;;;;;;;;Arlet (44);95000;1;1762;;;;;Sí;;;;;
5437;cliente_1212@ejemplo.com;27/04/2025 23:10:42;Abierta;Recibido;Enviado;ARS;470000.0;42500.0;0.0;427500.0;;;;;;;;;;Comodoro Rivadavia;;Chubut;Argentina;Correo Argentino Clasico - Envio a domicilio;Mercado Pago;;;;27/04/2025;28/04/2025;Enzo (38);85000;1;1748;Móvil;;;;Sí;;;;;
5437;cliente_1212@ejemplo.com;;;;;;;;;;;;;;;;;;;;;;;;;;;;;;Arlet (38);95000;1;1762;;;;;Sí;;;;;
5437;cliente_1212@ejemplo.com;;;;;;;;;;;;;;;;;;;;;;;;;;;;;;Trench Blair (S);290000;1;;;;;;Sí;;;;;
5436;cliente_1213@ejemplo.com;27/04/2025 21:57:49;Abierta;Recibido;Enviado;ARS;55000.0;0.0;5241.0;60241.0;;;;;;;;;;Bahia Blanca;;Buenos Aires;Argentina;Punto de retiro;Mercado Pago;;;;27/04/2025;28/04/2025;Louis (40);55000;1;;Móvil;;;;Sí;;;;;
5435;cliente_1214@ejemplo.com;27/04/2025 15:51:16;Abierta;Recibido;Enviado;ARS;150000.0;0.0;0.0;150000.0;;;;;;;;;;Capital;;Córdoba;Argentina;Punto de retiro;Mercado Pago;;;;27/04/2025;28/04/2025;Vestido Koko (S);150000;1;1662;Móvil;;;;Sí;;;;;
5434;cliente_1215@ejemplo.com;27/04/2025 11:51:21;Abierta;Recibido;Enviado;ARS;365000.0;47500.0;0.0;317500.0;;;;;;;;;;Plottier;;Neuquén;Argentina;Correo Argentino Clasico - Envio a domicilio;Transferencia o depósito bancario;;;;28/04/2025;28/04/2025;Jeans Jordan (44);120000;1;;Móvil;;;;Sí;;;;;
5434;cliente_1215@ejemplo.com;;;;;;;;;;;;;;;;;;;;;;;;;;;;;;Vestido Koko (XL);150000;1;1662;;;;;Sí;;;;;
5434;cliente_1215@ejemplo.com;;;;;;;;;;;;;;;;;;;;;;;;;;;;;;Arlet (44);95000;1;1762;;;;;Sí;;;;;
5431;cliente_0938@ejemplo.com;25/04/2025 20:33:04;Abierta;Recibido;Enviado;ARS;160000.0;0.0;0.0;160000.0;;;;;;;;;;Santa Fe;;Santa Fe;Argentina;Correo Argentino Clasico - Envio a domicilio;Mercado Pago;;;;25/04/2025;28/04/2025;Ornella (L);160000;1;;Móvil;;;;Sí;;;;;
5430;cliente_1216@ejemplo.com;25/04/2025 17:44:24;Abierta;Recibido;Enviado;ARS;180000.0;0.0;0.0;180000.0;;;;;;;;;;Berazategui;;Gran Buenos Aires;Argentina;Punto de retiro;Mercado Pago;;;;25/04/2025;28/04/2025;Blazer Carel (XL);180000;1;;Móvil;;;;Sí;;;;;
5429;cliente_1217@ejemplo.com;25/04/2025 08:01:33;Abierta;Recibido;Enviado;ARS;170000.0;42500.0;16499.0;143999.0;;;;;;;;;;La Matanza;;Gran Buenos Aires;Argentina;Correo Argentino Clasico - Envio a domicilio;Mercado Pago;;;;25/04/2025;28/04/2025;Calix (46);85000;1;1747;Móvil;;;;Sí;;;;;
5429;cliente_1217@ejemplo.com;;;;;;;;;;;;;;;;;;;;;;;;;;;;;;Enzo (46);85000;1;1748;;;;;Sí;;;;;
5428;cliente_0691@ejemplo.com;24/04/2025 23:55:50;Abierta;Recibido;Enviado;ARS;505000.0;0.0;0.0;505000.0;;;;;;;;;;San Clemente Del Tuyu;;Buenos Aires;Argentina;Correo Argentino Clasico - Envio a domicilio;Mercado Pago;;;;24/04/2025;28/04/2025;Carola (XL);120000;1;;Móvil;;;;Sí;;;;;
5428;cliente_0691@ejemplo.com;;;;;;;;;;;;;;;;;;;;;;;;;;;;;;Trench Blair (L);290000;1;;;;;;Sí;;;;;
5428;cliente_0691@ejemplo.com;;;;;;;;;;;;;;;;;;;;;;;;;;;;;;Arlet (46);95000;1;1762;;;;;Sí;;;;;
5427;cliente_1218@ejemplo.com;24/04/2025 02:12:44;Abierta;Recibido;Enviado;ARS;595000.0;0.0;0.0;595000.0;;;;;;;;;;Mendoza;;Mendoza;Argentina;Correo Argentino Clasico - Envio a domicilio;Transferencia o depósito bancario;;;;24/04/2025;24/04/2025;Enzo (46);85000;1;1748;Web;;;;Sí;;;;;
5427;cliente_1218@ejemplo.com;;;;;;;;;;;;;;;;;;;;;;;;;;;;;;Overall Taylor (L);180000;1;;;;;;Sí;;;;;
5427;cliente_1218@ejemplo.com;;;;;;;;;;;;;;;;;;;;;;;;;;;;;;New Taylor (L);175000;1;;;;;;Sí;;;;;
5427;cliente_1218@ejemplo.com;;;;;;;;;;;;;;;;;;;;;;;;;;;;;;Francesca (XL);155000;1;;;;;;Sí;;;;;
5426;cliente_1219@ejemplo.com;23/04/2025 17:27:14;Abierta;Recibido;Enviado;ARS;85000.0;0.0;13520.0;98520.0;;;;;;;;;;Avellaneda santa fe;;Santa Fe;Argentina;Correo Argentino Clasico - Envio a domicilio;Mercado Pago;;;;23/04/2025;25/04/2025;Calix Snow (44);85000;1;1767;Móvil;;;;Sí;;;;;
5425;cliente_1220@ejemplo.com;22/04/2025 20:24:10;Abierta;Recibido;Enviado;ARS;135000.0;0.0;0.0;135000.0;;;;;;;;;;Buenos Aires ;;Gran Buenos Aires;Argentina;Correo Argentino Clasico - Envio a domicilio;Transferencia o depósito bancario;;;;23/04/2025;23/04/2025;Fini (L);135000;1;;Móvil;;;;Sí;;;;;
5424;cliente_1154@ejemplo.com;22/04/2025 15:18:26;Abierta;Recibido;Enviado;ARS;275000.0;0.0;0.0;275000.0;;;;;;;;;;Capital Federal;;Capital Federal;Argentina;Punto de retiro;Mercado Pago;;;;22/04/2025;23/04/2025;Vestido Zaira (Azul, XL);145000;1;1780;Móvil;;;;Sí;;;;;
5424;cliente_1154@ejemplo.com;;;;;;;;;;;;;;;;;;;;;;;;;;;;;;Vestido Cristal (XL);80000;1;;;;;;Sí;;;;;
5424;cliente_1154@ejemplo.com;;;;;;;;;;;;;;;;;;;;;;;;;;;;;;Jean Eugenia (44);50000;1;;;;;;Sí;;;;;
5423;cliente_1221@ejemplo.com;22/04/2025 11:09:10;Abierta;Recibido;Enviado;ARS;165000.0;0.0;0.0;165000.0;;;;;;;;;;Rosario;;Santa Fe;Argentina;Correo Argentino Clasico - Envio a domicilio;Mercado Pago;;;;22/04/2025;23/04/2025;Calix Snow (36);85000;1;1767;Móvil;;;;Sí;;;;;
5423;cliente_1221@ejemplo.com;;;;;;;;;;;;;;;;;;;;;;;;;;;;;;Irina (L);80000;1;;;;;;Sí;;;;;
5422;cliente_1079@ejemplo.com;22/04/2025 09:34:49;Abierta;Recibido;Enviado;ARS;265000.0;0.0;0.0;265000.0;;;;;;;;;;Ituzaingo;;Gran Buenos Aires;Argentina;Correo Argentino Clasico - Envio a domicilio;Mercado Pago;;;;22/04/2025;23/04/2025;Blazer Carel (M);180000;1;;Móvil;;;;Sí;;;;;
5422;cliente_1079@ejemplo.com;;;;;;;;;;;;;;;;;;;;;;;;;;;;;;Calix (40);85000;1;1747;;;;;Sí;;;;;
5421;cliente_1222@ejemplo.com;22/04/2025 07:56:38;Abierta;Recibido;Enviado;ARS;150000.0;0.0;0.0;150000.0;;;;;;;;;;Capital Federal;;Capital Federal;Argentina;Envio en moto CABA;Mercado Pago;;;;22/04/2025;24/04/2025;Vestido Koko (XL);150000;1;1662;Móvil;;;;Sí;;;;;
5419;cliente_1223@ejemplo.com;20/04/2025 19:53:15;Abierta;Recibido;Enviado;ARS;355000.0;0.0;0.0;355000.0;;;;;;;;;;Capital Federal;;Capital Federal;Argentina;Envio en moto CABA;Mercado Pago;;;;20/04/2025;24/04/2025;Eiffel (XL);180000;1;;Móvil;;;;Sí;;;;;
5419;cliente_1223@ejemplo.com;;;;;;;;;;;;;;;;;;;;;;;;;;;;;;New Taylor (XL);175000;1;;;;;;Sí;;;;;
5418;cliente_0907@ejemplo.com;19/04/2025 15:59:59;Abierta;Recibido;Enviado;ARS;160000.0;0.0;0.0;160000.0;;;;;;;;;;Salta;;Salta;Argentina;Correo Argentino Clasico - Envio a domicilio;Mercado Pago;;;;19/04/2025;23/04/2025;Ornella (XL);160000;1;;Móvil;;;;Sí;;;;;
5417;cliente_1224@ejemplo.com;18/04/2025 22:32:58;Abierta;Recibido;Enviado;ARS;89000.0;0.0;5715.0;94715.0;;;;;;;;;;Formosa;;Formosa;Argentina;Punto de retiro;Mercado Pago;;;;18/04/2025;23/04/2025;Catalina (L);89000;1;;Móvil;;;;Sí;;;;;
5415;cliente_1225@ejemplo.com;16/04/2025 12:08:53;Abierta;Recibido;Enviado;ARS;90000.0;0.0;0.0;90000.0;;;;;;;;;;Capital Federal;;Capital Federal;Argentina;Envio en moto CABA;Mercado Pago;;;;16/04/2025;24/04/2025;Jesi (XL);90000;1;;Móvil;;;;Sí;;;;;
5414;cliente_1226@ejemplo.com;16/04/2025 09:22:30;Abierta;Recibido;Enviado;ARS;85000.0;0.0;10307.0;95307.0;;;;;;;;;;Buenos Aires ;;Gran Buenos Aires;Argentina;Correo Argentino Clasico - Envio a domicilio;Mercado Pago;;;;16/04/2025;16/04/2025;Calix (46);85000;1;1747;Móvil;;;;Sí;;;;;
5412;cliente_1004@ejemplo.com;15/04/2025 17:47:05;Abierta;Recibido;Enviado;ARS;190000.0;47500.0;0.0;142500.0;;;;;;;;;;Lomas de Zamora ;;Gran Buenos Aires;Argentina;Correo Argentino Clasico - Envio a domicilio;Mercado Pago;;;;15/04/2025;16/04/2025;Jeans Richi (46, Celeste);95000;1;;Móvil;;;;Sí;;;;;
5412;cliente_1004@ejemplo.com;;;;;;;;;;;;;;;;;;;;;;;;;;;;;;Jeans Richi (46, Azul);95000;1;;;;;;Sí;;;;;
5411;cliente_1227@ejemplo.com;15/04/2025 16:26:57;Abierta;Recibido;Enviado;ARS;180000.0;42500.0;0.0;137500.0;;;;;;;;;;Balcarce;;Buenos Aires;Argentina;Correo Argentino Clasico - Envio a domicilio;Mercado Pago;;;;15/04/2025;16/04/2025;Calix (46);85000;1;1747;Móvil;;;;Sí;;;;;
5411;cliente_1227@ejemplo.com;;;;;;;;;;;;;;;;;;;;;;;;;;;;;;Arlet (46);95000;1;1762;;;;;Sí;;;;;
5410;cliente_1228@ejemplo.com;15/04/2025 09:19:17;Abierta;Recibido;Enviado;ARS;149000.0;0.0;0.0;149000.0;;;;;;;;;;Rawson;;Chubut;Argentina;Correo Argentino Clasico - Envio a domicilio;Mercado Pago;;;;15/04/2025;15/04/2025;Catalina (XL);89000;1;;Móvil;;;;Sí;;;;;
5410;cliente_1228@ejemplo.com;;;;;;;;;;;;;;;;;;;;;;;;;;;;;;Jean Blake (42);60000;1;;;;;;Sí;;;;;
5409;cliente_1229@ejemplo.com;14/04/2025 23:26:08;Abierta;Recibido;Enviado;ARS;80000.0;0.0;0.0;80000.0;;;;;;;;;;Capital Federal;;Capital Federal;Argentina;Envio en moto CABA;Mercado Pago;;;;14/04/2025;25/04/2025;Catsuit Charly negro (S);80000;1;;Móvil;;;;Sí;;;;;
5408;cliente_1230@ejemplo.com;14/04/2025 23:10:36;Abierta;Recibido;Enviado;ARS;120000.0;0.0;5241.0;125241.0;;;;;;;;;;Paraná;;Entre Ríos;Argentina;Punto de retiro;Mercado Pago;;;;14/04/2025;15/04/2025;Overall Donatella (L);120000;1;;Móvil;;;;Sí;;;;;
5407;cliente_1231@ejemplo.com;14/04/2025 17:04:02;Abierta;Recibido;Enviado;ARS;135000.0;0.0;0.0;135000.0;;;;;;;;;;Oliva;;Córdoba;Argentina;Correo Argentino Clasico - Envio a domicilio;Mercado Pago;;;;14/04/2025;15/04/2025;Fini (M);135000;1;;Móvil;;;;Sí;;;;;
5406;cliente_1232@ejemplo.com;14/04/2025 14:52:30;Abierta;Recibido;Enviado;ARS;165000.0;0.0;0.0;165000.0;;;;;;;;;;Avellaneda;;Gran Buenos Aires;Argentina;Correo Argentino Clasico - Envio a domicilio;Mercado Pago;;;;14/04/2025;15/04/2025;Milo (M);165000;1;;Móvil;;;;Sí;;;;;
5405;cliente_0397@ejemplo.com;14/04/2025 13:57:56;Abierta;Recibido;Enviado;ARS;240000.0;0.0;0.0;240000.0;;;;;;;;;;Paraná;;Entre Ríos;Argentina;Punto de retiro;Mercado Pago;;;;14/04/2025;15/04/2025;Calix (46);85000;1;1747;Móvil;;;;Sí;;;;;
5405;cliente_0397@ejemplo.com;;;;;;;;;;;;;;;;;;;;;;;;;;;;;;Máxima (XL);155000;1;;;;;;Sí;;;;;
5404;cliente_1061@ejemplo.com;14/04/2025 13:05:18;Abierta;Recibido;Enviado;ARS;165000.0;0.0;0.0;165000.0;;;;;;;;;;Campana;;Buenos Aires;Argentina;Punto de retiro;Mercado Pago;;;;14/04/2025;15/04/2025;Milo (XL);165000;1;;Móvil;;;;Sí;;;;;
5403;cliente_0755@ejemplo.com;14/04/2025 12:33:37;Abierta;Recibido;Enviado;ARS;160000.0;0.0;0.0;160000.0;;;;;;;;;;Ciudad san Luis ;;San Luis;Argentina;Correo Argentino Clasico - Envio a domicilio;Mercado Pago;;;;14/04/2025;15/04/2025;Seven (UNICO);65000;1;1661;Móvil;;;;Sí;;;;;
5403;cliente_0755@ejemplo.com;;;;;;;;;;;;;;;;;;;;;;;;;;;;;;Jeans Richi (46, Azul);95000;1;;;;;;Sí;;;;;
5402;cliente_1233@ejemplo.com;14/04/2025 11:07:23;Abierta;Recibido;Enviado;ARS;165000.0;0.0;0.0;165000.0;;;;;;;;;;Lanus;;Gran Buenos Aires;Argentina;Correo Argentino Clasico - Envio a domicilio;Mercado Pago;;;;14/04/2025;15/04/2025;Milo (L);165000;1;;Móvil;;;;Sí;;;;;
5400;cliente_1234@ejemplo.com;12/04/2025 16:57:53;Abierta;Recibido;Enviado;ARS;300000.0;42500.0;0.0;257500.0;;;;;;;;;;Nordelta;;Gran Buenos Aires;Argentina;Correo Argentino Clasico - Envio a domicilio;Mercado Pago;;;;12/04/2025;15/04/2025;Seven (UNICO);65000;2;1661;Móvil;;;;Sí;;;;;
5400;cliente_1234@ejemplo.com;;;;;;;;;;;;;;;;;;;;;;;;;;;;;;Calix (44);85000;1;1747;;;;;Sí;;;;;
5400;cliente_1234@ejemplo.com;;;;;;;;;;;;;;;;;;;;;;;;;;;;;;Enzo (44);85000;1;1748;;;;;Sí;;;;;
5399;cliente_1235@ejemplo.com;12/04/2025 16:52:59;Abierta;Recibido;Enviado;ARS;260000.0;0.0;0.0;260000.0;;;;;;;;;;Gobernador Virasoro;;Corrientes;Argentina;Correo Argentino Clasico - Envio a domicilio;Mercado Pago;;;;12/04/2025;15/04/2025;Louis (44);80000;1;;Móvil;;;;Sí;;;;;
5399;cliente_1235@ejemplo.com;;;;;;;;;;;;;;;;;;;;;;;;;;;;;;Blazer Carel (XL);180000;1;;;;;;Sí;;;;;
5398;cliente_1236@ejemplo.com;12/04/2025 10:11:12;Abierta;Recibido;Enviado;ARS;99000.0;0.0;8372.01;107372.01;;;;;;;;;;Reconquista ;;Santa Fe;Argentina;Correo Argentino Clasico - Envio a domicilio;Mercado Pago;;;;12/04/2025;15/04/2025;Angelina (M);99000;1;;Móvil;;;;Sí;;;;;
5397;cliente_1237@ejemplo.com;12/04/2025 09:26:02;Abierta;Recibido;Enviado;ARS;245000.0;0.0;0.0;245000.0;;;;;;;;;;Bolivar;;Buenos Aires;Argentina;Correo Argentino Clasico - Envio a domicilio;Mercado Pago;;;;12/04/2025;15/04/2025;Marion (L);120000;1;;Móvil;;;;Sí;;;;;
5397;cliente_1237@ejemplo.com;;;;;;;;;;;;;;;;;;;;;;;;;;;;;;Vestido Fina (L);125000;1;1788;;;;;Sí;;;;;
5396;cliente_1238@ejemplo.com;11/04/2025 06:39:47;Abierta;Recibido;Enviado;ARS;169000.0;0.0;0.0;169000.0;;;;;;;;;;Capital Federal;;Capital Federal;Argentina;Envio en moto CABA;Mercado Pago;;;;11/04/2025;25/04/2025;Magda (XL);80000;1;1725;Móvil;;;;Sí;;;;;
5396;cliente_1238@ejemplo.com;;;;;;;;;;;;;;;;;;;;;;;;;;;;;;Catalina (XL);89000;1;;;;;;Sí;;;;;
5395;cliente_1060@ejemplo.com;10/04/2025 15:20:28;Abierta;Recibido;Enviado;ARS;89000.0;0.0;4318.0;93318.0;;;;;;;;;;Avellaneda;;Gran Buenos Aires;Argentina;Punto de retiro;Mercado Pago;;;;10/04/2025;15/04/2025;Catalina (S);89000;1;;Móvil;;;;Sí;;;;;
5394;cliente_1061@ejemplo.com;10/04/2025 13:25:28;Abierta;Recibido;Enviado;ARS;120000.0;0.0;6070.01;126070.01;;;;;;;;;;Campana;;Buenos Aires;Argentina;Punto de retiro;Mercado Pago;;;;10/04/2025;15/04/2025;Carola (M);120000;1;;Móvil;;;;Sí;;;;;
5393;cliente_1239@ejemplo.com;10/04/2025 11:14:32;Abierta;Recibido;Enviado;ARS;75000.0;0.0;7065.0;82065.0;;;;;;;;;;Almirante Brown;;Gran Buenos Aires;Argentina;Correo Argentino Clasico - Envio a domicilio;Mercado Pago;;;;10/04/2025;11/04/2025;Vivianne (L);75000;1;;Móvil;;;;Sí;;;;;
5392;cliente_1237@ejemplo.com;10/04/2025 10:57:26;Abierta;Recibido;Enviado;ARS;265000.0;42500.0;0.0;222500.0;;;;;;;;;;Bolivar;;Buenos Aires;Argentina;Correo Argentino Clasico - Envio a domicilio;Mercado Pago;;;;10/04/2025;11/04/2025;Arlet (44);95000;1;1762;Móvil;;;;Sí;;;;;
5392;cliente_1237@ejemplo.com;;;;;;;;;;;;;;;;;;;;;;;;;;;;;;Louis (44);85000;1;;;;;;Sí;;;;;
5392;cliente_1237@ejemplo.com;;;;;;;;;;;;;;;;;;;;;;;;;;;;;;Calix Snow (44);85000;1;1767;;;;;Sí;;;;;
5391;cliente_1240@ejemplo.com;09/04/2025 17:26:20;Abierta;Recibido;Enviado;ARS;85000.0;0.0;9139.0;94139.0;;;;;;;;;;Rawson;;Chubut;Argentina;Correo Argentino Clasico - Envio a domicilio;Mercado Pago;;;;09/04/2025;11/04/2025;Louis (40);85000;1;;Móvil;;;;Sí;;;;;
5390;cliente_1241@ejemplo.com;09/04/2025 07:20:59;Abierta;Recibido;Enviado;ARS;360000.0;0.0;0.0;360000.0;;;;;;;;;;La Plata;;Buenos Aires;Argentina;Punto de retiro;Mercado Pago;;;;09/04/2025;11/04/2025;Vestido Angel (L);70000;1;;Móvil;;;;Sí;;;;;
5390;cliente_1241@ejemplo.com;;;;;;;;;;;;;;;;;;;;;;;;;;;;;;Vestido Zaira (Celeste, L);145000;1;1780;;;;;Sí;;;;;
5390;cliente_1241@ejemplo.com;;;;;;;;;;;;;;;;;;;;;;;;;;;;;;Jackie (L);145000;1;;;;;;Sí;;;;;
5389;cliente_1225@ejemplo.com;08/04/2025 20:59:55;Abierta;Recibido;Enviado;ARS;170000.0;42500.0;0.0;127500.0;;;;;;;;;;Capital Federal;;Capital Federal;Argentina;Envio en moto CABA;Mercado Pago;;;;08/04/2025;10/04/2025;Calix Snow (42);85000;1;1767;Móvil;;;;Sí;;;;;
5389;cliente_1225@ejemplo.com;;;;;;;;;;;;;;;;;;;;;;;;;;;;;;Calix (42);85000;1;1747;;;;;Sí;;;;;
5388;cliente_1226@ejemplo.com;08/04/2025 14:51:23;Abierta;Recibido;Enviado;ARS;190000.0;47500.0;0.0;142500.0;;;;;;;;;;Ituzaingo;;Gran Buenos Aires;Argentina;Correo Argentino Clasico - Envio a domicilio;Mercado Pago;;;;08/04/2025;11/04/2025;Arlet (46);95000;1;1762;Móvil;;;;Sí;;;;;
5388;cliente_1226@ejemplo.com;;;;;;;;;;;;;;;;;;;;;;;;;;;;;;Jeans Richi (46, Celeste);95000;1;;;;;;Sí;;;;;
5387;cliente_1242@ejemplo.com;08/04/2025 10:10:48;Abierta;Recibido;Enviado;ARS;85000.0;0.0;4318.0;89318.0;;;;;;;;;;Capital Federal;;Capital Federal;Argentina;Punto de retiro;Mercado Pago;;;;08/04/2025;11/04/2025;Louis (46);85000;1;;Móvil;;;;Sí;;;;;
5384;cliente_1243@ejemplo.com;07/04/2025 17:09:49;Abierta;Recibido;Enviado;ARS;160000.0;0.0;0.0;160000.0;;;;;;;;;;Capital ;;Catamarca;Argentina;Correo Argentino Clasico - Envio a domicilio;Mercado Pago;;;;07/04/2025;11/04/2025;Ornella (XL);160000;1;;Móvil;;;;Sí;;;;;
5382;cliente_1244@ejemplo.com;06/04/2025 13:06:44;Abierta;Recibido;Enviado;ARS;75000.0;0.0;0.0;75000.0;;;;;;;;;;Capital Federal;;Capital Federal;Argentina;Envio en moto CABA;Mercado Pago;;;;06/04/2025;10/04/2025;Vivianne (L);75000;1;;Móvil;;;;Sí;;;;;
5381;cliente_1245@ejemplo.com;06/04/2025 12:12:41;Abierta;Recibido;Enviado;ARS;160000.0;0.0;0.0;160000.0;;;;;;;;;;Concepcion;;Tucumán;Argentina;Correo Argentino Clasico - Envio a domicilio;Mercado Pago;;;;06/04/2025;08/04/2025;Ornella (M);160000;1;;Móvil;;;;Sí;;;;;
5380;cliente_1246@ejemplo.com;06/04/2025 11:22:13;Abierta;Recibido;Enviado;ARS;150000.0;0.0;0.0;150000.0;;;;;;;;;;Bs As;;Gran Buenos Aires;Argentina;Correo Argentino Clasico - Envio a domicilio;Mercado Pago;;;;06/04/2025;08/04/2025;Mandy (M);150000;1;;Móvil;;;;Sí;;;;;
5379;cliente_0894@ejemplo.com;06/04/2025 09:40:15;Abierta;Recibido;Enviado;ARS;320000.0;0.0;0.0;320000.0;;;;;;;;;;Pilar.dpto.  Rio Segundo;;Córdoba;Argentina;Correo Argentino Clasico - Envio a domicilio;Mercado Pago;;;;06/04/2025;08/04/2025;Campera Xuxa (XL);235000;1;;Móvil;;;;Sí;;;;;
5379;cliente_0894@ejemplo.com;;;;;;;;;;;;;;;;;;;;;;;;;;;;;;Cami (L);85000;1;;;;;;Sí;;;;;
5377;cliente_1178@ejemplo.com;05/04/2025 14:14:42;Abierta;Recibido;Enviado;ARS;180000.0;42500.0;0.0;137500.0;;;;;;;;;;Doctor Manuel Belgrano;;Jujuy;Argentina;Punto de retiro;Mercado Pago;;;;05/04/2025;08/04/2025;Arlet (42);95000;1;1762;Móvil;;;;Sí;;;;;
5377;cliente_1178@ejemplo.com;;;;;;;;;;;;;;;;;;;;;;;;;;;;;;Enzo (40);85000;1;1748;;;;;Sí;;;;;
5375;cliente_1247@ejemplo.com;04/04/2025 20:48:27;Abierta;Recibido;Enviado;ARS;175000.0;0.0;0.0;175000.0;;;;;;;;;;Cordoba;;Córdoba;Argentina;Correo Argentino Clasico - Envio a domicilio;Mercado Pago;;;;04/04/2025;08/04/2025;Campera Susana (Negro);175000;1;;Móvil;;;;Sí;;;;;
5374;cliente_1248@ejemplo.com;04/04/2025 18:06:26;Abierta;Recibido;Enviado;ARS;190000.0;47500.0;0.0;142500.0;;;;;;;;;;Resistencia;;Chaco;Argentina;Correo Argentino Clasico - Envio a domicilio;Mercado Pago;;;;04/04/2025;08/04/2025;Jeans Richi (38, Azul);95000;1;;Móvil;;;;Sí;;;;;
5374;cliente_1248@ejemplo.com;;;;;;;;;;;;;;;;;;;;;;;;;;;;;;Jeans Richi (40, Azul);95000;1;;;;;;Sí;;;;;
5373;cliente_1224@ejemplo.com;03/04/2025 22:45:09;Abierta;Recibido;Enviado;ARS;315000.0;0.0;0.0;315000.0;;;;;;;;;;Formosa;;Formosa;Argentina;Correo Argentino Clasico - Envio a domicilio;Mercado Pago;;;;03/04/2025;08/04/2025;Francesca (M);155000;1;;Móvil;;;;Sí;;;;;
5373;cliente_1224@ejemplo.com;;;;;;;;;;;;;;;;;;;;;;;;;;;;;;Ornella (M);160000;1;;;;;;Sí;;;;;
5372;cliente_0158@ejemplo.com;03/04/2025 21:38:25;Abierta;Recibido;Enviado;ARS;170000.0;42500.0;0.0;127500.0;;;;;;;;;;Capital Federal;;Capital Federal;Argentina;Envio en moto CABA;Mercado Pago;;;;03/04/2025;07/04/2025;Enzo (42);85000;1;1748;Móvil;;;;Sí;;;;;
5372;cliente_0158@ejemplo.com;;;;;;;;;;;;;;;;;;;;;;;;;;;;;;Calix Snow (36);85000;1;1767;;;;;Sí;;;;;
5371;cliente_0120@ejemplo.com;02/04/2025 23:10:10;Abierta;Recibido;Enviado;ARS;180000.0;0.0;0.0;180000.0;;;;;;;;;;Nordelta;;Gran Buenos Aires;Argentina;Correo Argentino Clasico - Envio a domicilio;Mercado Pago;;;;02/04/2025;08/04/2025;Enzo (40);85000;1;1748;Móvil;;;;Sí;;;;;
5371;cliente_0120@ejemplo.com;;;;;;;;;;;;;;;;;;;;;;;;;;;;;;Jeans Richi (38, Celeste);95000;1;;;;;;Sí;;;;;
5370;cliente_1249@ejemplo.com;02/04/2025 20:42:54;Abierta;Recibido;Enviado;ARS;310000.0;0.0;0.0;310000.0;;;;;;;;;;Lomas de Zamora ;;Gran Buenos Aires;Argentina;Correo Argentino Clasico - Envio a domicilio;Mercado Pago;;;;02/04/2025;03/04/2025;Campera Xuxa (M);235000;1;;Móvil;;;;Sí;;;;;
5370;cliente_1249@ejemplo.com;;;;;;;;;;;;;;;;;;;;;;;;;;;;;;Short Jackes (M, Azul);75000;1;;;;;;Sí;;;;;
5369;cliente_1250@ejemplo.com;02/04/2025 20:33:33;Abierta;Recibido;Enviado;ARS;190000.0;0.0;0.0;190000.0;;;;;;;;;;Capital Federal;;Capital Federal;Argentina;Envio en moto CABA;Mercado Pago;;;;02/04/2025;04/04/2025;Jean Eugenia (44);50000;1;;Móvil;;;;Sí;;;;;
5369;cliente_1250@ejemplo.com;;;;;;;;;;;;;;;;;;;;;;;;;;;;;;Calix (46);85000;1;1747;;;;;Sí;;;;;
5369;cliente_1250@ejemplo.com;;;;;;;;;;;;;;;;;;;;;;;;;;;;;;Lotus (L);55000;1;1677;;;;;Sí;;;;;
5368;cliente_0170@ejemplo.com;01/04/2025 20:52:18;Abierta;Recibido;Enviado;ARS;218000.0;0.0;0.0;218000.0;;;;;;;;;;Escobar ;;Gran Buenos Aires;Argentina;Correo Argentino Clasico - Envio a domicilio;Mercado Pago;;;;01/04/2025;03/04/2025;Vestido Alesia (S);150000;1;1789;Móvil;;;;Sí;;;;;
5368;cliente_0170@ejemplo.com;;;;;;;;;;;;;;;;;;;;;;;;;;;;;;Idole (M);68000;1;;;;;;Sí;;;;;
5367;cliente_1251@ejemplo.com;01/04/2025 14:44:30;Abierta;Recibido;Enviado;ARS;275000.0;0.0;0.0;275000.0;;;;;;;;;;San miguel;;Gran Buenos Aires;Argentina;Correo Argentino Clasico - Envio a domicilio;Mercado Pago;;;;01/04/2025;03/04/2025;Arlet (44);95000;1;1762;Web;;;;Sí;;;;;
5367;cliente_1251@ejemplo.com;;;;;;;;;;;;;;;;;;;;;;;;;;;;;;Overall Makena (Azul, XL);180000;1;;;;;;Sí;;;;;
5365;cliente_1252@ejemplo.com;01/04/2025 11:42:35;Abierta;Recibido;Enviado;ARS;140000.0;0.0;0.0;140000.0;;;;;;;;;;Capital Federal;;Capital Federal;Argentina;Envio en moto CABA;Mercado Pago;;;;01/04/2025;04/04/2025;Louis (42);85000;1;;Web;;;;Sí;;;;;
5365;cliente_1252@ejemplo.com;;;;;;;;;;;;;;;;;;;;;;;;;;;;;;Lotus (S);55000;1;1677;;;;;Sí;;;;;
5364;cliente_1253@ejemplo.com;01/04/2025 02:12:05;Abierta;Recibido;Enviado;ARS;160000.0;0.0;0.0;160000.0;;;;;;;;;;Rosario;;Santa Fe;Argentina;Correo Argentino Clasico - Envio a domicilio;Mercado Pago;;;;01/04/2025;01/04/2025;Ornella (XL);160000;1;;Móvil;;;;Sí;;;;;
5363;cliente_1254@ejemplo.com;31/03/2025 19:36:32;Abierta;Recibido;Enviado;ARS;135000.0;0.0;0.0;135000.0;;;;;;;;;;Eduardo Castex;;La Pampa;Argentina;Correo Argentino Clasico - Envio a domicilio;Mercado Pago;;;;31/03/2025;01/04/2025;Fini (M);135000;1;;Móvil;;;;Sí;;;;;
5361;cliente_1255@ejemplo.com;31/03/2025 12:46:55;Abierta;Recibido;Enviado;ARS;465000.0;0.0;0.0;465000.0;;;;;;;;;;Perico ;;Jujuy;Argentina;Correo Argentino Clasico - Envio a domicilio;Mercado Pago;;;;31/03/2025;01/04/2025;Vestido Koko (XL);150000;1;1662;Móvil;;;;Sí;;;;;
5361;cliente_1255@ejemplo.com;;;;;;;;;;;;;;;;;;;;;;;;;;;;;;Azucena (XL);135000;1;;;;;;Sí;;;;;
5361;cliente_1255@ejemplo.com;;;;;;;;;;;;;;;;;;;;;;;;;;;;;;Overall Makena (Celeste, XL);180000;1;;;;;;Sí;;;;;
5360;cliente_1256@ejemplo.com;31/03/2025 12:39:31;Abierta;Recibido;Enviado;ARS;113000.0;0.0;7704.0;120704.0;;;;;;;;;;Guillermo E Hudson;;Gran Buenos Aires;Argentina;Correo Argentino Clasico - Envio a domicilio;Mercado Pago;;;;31/03/2025;01/04/2025;Chaleco Noya (M);58000;1;;Móvil;;;;Sí;;;;;
5360;cliente_1256@ejemplo.com;;;;;;;;;;;;;;;;;;;;;;;;;;;;;;Lotus (M);55000;1;1677;;;;;Sí;;;;;
5359;cliente_1257@ejemplo.com;30/03/2025 15:46:32;Abierta;Recibido;Enviado;ARS;265000.0;0.0;0.0;265000.0;;;;;;;;;;Itati;;Corrientes;Argentina;Correo Argentino Clasico - Envio a domicilio;Mercado Pago;;;;30/03/2025;31/03/2025;Blazer Carel (M);180000;1;;Móvil;;;;Sí;;;;;
5359;cliente_1257@ejemplo.com;;;;;;;;;;;;;;;;;;;;;;;;;;;;;;Calix (42);85000;1;1747;;;;;Sí;;;;;
5357;cliente_1258@ejemplo.com;29/03/2025 12:39:06;Abierta;Recibido;Enviado;ARS;180000.0;0.0;0.0;180000.0;;;;;;;;;;Bahia Blanca;;Buenos Aires;Argentina;Punto de retiro;Mercado Pago;;;;29/03/2025;31/03/2025;Overall Taylor (L);180000;1;;Web;;;;Sí;;;;;
5356;cliente_1176@ejemplo.com;29/03/2025 03:07:45;Abierta;Recibido;Enviado;ARS;235000.0;0.0;0.0;235000.0;;;;;;;;;;Quilmes;;Gran Buenos Aires;Argentina;Punto de retiro;Mercado Pago;;;;29/03/2025;31/03/2025;Campera Xuxa (M);235000;1;;Móvil;;;;Sí;;;;;
5355;cliente_0158@ejemplo.com;28/03/2025 13:03:19;Abierta;Recibido;Enviado;ARS;170000.0;42500.0;0.0;127500.0;;;;;;;;;;Capital Federal;;Capital Federal;Argentina;Envio en moto CABA;Mercado Pago;;;;28/03/2025;31/03/2025;Louis (42);85000;1;;Móvil;;;;Sí;;;;;
5355;cliente_0158@ejemplo.com;;;;;;;;;;;;;;;;;;;;;;;;;;;;;;Calix (44);85000;1;1747;;;;;Sí;;;;;
5354;cliente_1259@ejemplo.com;28/03/2025 09:55:46;Abierta;Recibido;Enviado;ARS;235000.0;0.0;0.0;235000.0;;;;;;;;;;Coronel Rosales;;Buenos Aires;Argentina;Punto de retiro;Transferencia o depósito bancario;;;;28/03/2025;28/03/2025;Campera Xuxa (XL);235000;1;;Móvil;;;;Sí;;;;;
5353;cliente_1260@ejemplo.com;28/03/2025 08:16:08;Abierta;Recibido;Enviado;ARS;180000.0;0.0;0.0;180000.0;;;;;;;;;;Capital Federal;;Capital Federal;Argentina;Envio en moto CABA;Mercado Pago;;;;28/03/2025;28/03/2025;Enzo (46);85000;1;1748;Móvil;;;;Sí;;;;;
5353;cliente_1260@ejemplo.com;;;;;;;;;;;;;;;;;;;;;;;;;;;;;;Arlet (46);95000;1;1762;;;;;Sí;;;;;
5352;cliente_1261@ejemplo.com;27/03/2025 21:53:20;Abierta;Recibido;Enviado;ARS;160000.0;0.0;0.0;160000.0;;;;;;;;;;Villa rosa ;;Gran Buenos Aires;Argentina;Correo Argentino Clasico - Envio a domicilio;Mercado Pago;;;;27/03/2025;28/03/2025;Ciro (L);160000;1;;Móvil;;;;Sí;;;;;
5351;cliente_1262@ejemplo.com;26/03/2025 06:26:58;Abierta;Recibido;Enviado;ARS;180000.0;0.0;0.0;180000.0;;;;;;;;;;Catamarca ;;Catamarca;Argentina;Correo Argentino Clasico - Envio a domicilio;Mercado Pago;;;;26/03/2025;31/03/2025;Blazer Carel (S);180000;1;;Móvil;;;;Sí;;;;;
5348;cliente_1263@ejemplo.com;25/03/2025 22:20:49;Abierta;Recibido;Enviado;ARS;157000.0;0.0;0.0;157000.0;;;;;;;;;;Capital Federal;;Capital Federal;Argentina;Envio en moto CABA;Mercado Pago;;;;25/03/2025;27/03/2025;Catsuit Charly negro (S);85000;1;;Móvil;;;;Sí;;;;;
5348;cliente_1263@ejemplo.com;;;;;;;;;;;;;;;;;;;;;;;;;;;;;;Catsuit Fame (S);72000;1;;;;;;Sí;;;;;
5347;cliente_1264@ejemplo.com;25/03/2025 21:39:54;Abierta;Recibido;Enviado;ARS;155000.0;0.0;0.0;155000.0;;;;;;;;;;La plata;;Buenos Aires;Argentina;Punto de retiro;Mercado Pago;;;;25/03/2025;27/03/2025;Francesca (XL);155000;1;;Móvil;;;;Sí;;;;;
5346;cliente_1265@ejemplo.com;25/03/2025 21:31:21;Abierta;Recibido;Enviado;ARS;90000.0;0.0;8372.01;98372.01;;;;;;;;;;La Plata;;Buenos Aires;Argentina;Correo Argentino Clasico - Envio a domicilio;Mercado Pago;;;;25/03/2025;26/03/2025;Jesi (XL);90000;1;;Móvil;;;;Sí;;;;;
5345;cliente_1266@ejemplo.com;25/03/2025 19:04:33;Abierta;Recibido;Enviado;ARS;58000.0;0.0;9075.0;67075.0;;;;;;;;;;Juan jose Castelli;;Chaco;Argentina;Correo Argentino Clasico - Envio a domicilio;Mercado Pago;;;;25/03/2025;26/03/2025;Chaleco Noya (S);58000;1;;Móvil;;;;Sí;;;;;
5344;cliente_1267@ejemplo.com;25/03/2025 17:34:13;Abierta;Recibido;Enviado;ARS;170000.0;0.0;0.0;170000.0;;;;;;;;;;Formosa Capital;;Formosa;Argentina;Correo Argentino Clasico - Envio a domicilio;Mercado Pago;;;;25/03/2025;27/03/2025;Vestido Serena (S);170000;1;;Móvil;;;;Sí;;;;;
5343;cliente_0608@ejemplo.com;24/03/2025 20:27:25;Abierta;Recibido;Enviado;ARS;175000.0;0.0;0.0;175000.0;;;;;;;;;;Beccar;;Gran Buenos Aires;Argentina;Correo Argentino Clasico - Envio a domicilio;Mercado Pago;;;;24/03/2025;27/03/2025;New Taylor (M);175000;1;;Móvil;;;;Sí;;;;;
5342;cliente_1268@ejemplo.com;23/03/2025 21:51:22;Abierta;Recibido;Enviado;ARS;170000.0;0.0;0.0;170000.0;;;;;;;;;;Capital Federal;;Capital Federal;Argentina;Envio en moto CABA;Mercado Pago;;;;23/03/2025;28/03/2025;Catsuits Jana (XL);170000;1;;Móvil;;;;Sí;;;;;
5341;cliente_0998@ejemplo.com;23/03/2025 18:35:07;Abierta;Recibido;Enviado;ARS;175000.0;0.0;0.0;175000.0;;;;;;;;;;Malvinas Argentinas;;Gran Buenos Aires;Argentina;Punto de retiro;Mercado Pago;;;;23/03/2025;26/03/2025;Sena (XL);175000;1;;Móvil;;;;Sí;;;;;
5340;cliente_1269@ejemplo.com;23/03/2025 17:42:55;Abierta;Recibido;Enviado;ARS;255000.0;0.0;0.0;255000.0;;;;;;;;;;Jacinto arauz la pampa ;;La Pampa;Argentina;Punto de retiro;Mercado Pago;;;;23/03/2025;26/03/2025;Arlet (42);95000;1;1762;Móvil;;;;Sí;;;;;
5340;cliente_1269@ejemplo.com;;;;;;;;;;;;;;;;;;;;;;;;;;;;;;Ornella (L);160000;1;;;;;;Sí;;;;;
5339;cliente_1270@ejemplo.com;23/03/2025 12:04:30;Abierta;Recibido;Enviado;ARS;120000.0;0.0;4318.0;124318.0;;;;;;;;;;San Isidro;;Gran Buenos Aires;Argentina;Punto de retiro;Mercado Pago;;;;23/03/2025;27/03/2025;Nadine (L);120000;1;;Móvil;;;;Sí;;;;;
5337;cliente_1271@ejemplo.com;22/03/2025 16:18:35;Abierta;Recibido;Enviado;ARS;160000.0;0.0;0.0;160000.0;;;;;;;;;;Capital Federal;;Capital Federal;Argentina;Envio en moto CABA;Mercado Pago;;;;22/03/2025;28/03/2025;Ornella (L);160000;1;;Móvil;;;;Sí;;;;;
5336;cliente_1272@ejemplo.com;22/03/2025 14:37:52;Abierta;Recibido;Enviado;ARS;180000.0;0.0;0.0;180000.0;;;;;;;;;;María Susana;;Santa Fe;Argentina;Correo Argentino Clasico - Envio a domicilio;Mercado Pago;;;;22/03/2025;26/03/2025;Heidi (M);180000;1;;Móvil;;;;Sí;;;;;
5335;cliente_0220@ejemplo.com;22/03/2025 12:05:59;Abierta;Recibido;Enviado;ARS;235000.0;0.0;0.0;235000.0;;;;;;;;;;Rosario;;Santa Fe;Argentina;Correo Argentino Clasico - Envio a domicilio;Mercado Pago;;;;22/03/2025;26/03/2025;Campera Xuxa (M);235000;1;;Móvil;;;;Sí;;;;;
5334;cliente_1154@ejemplo.com;21/03/2025 18:41:20;Abierta;Recibido;Enviado;ARS;180000.0;0.0;0.0;180000.0;;;;;;;;;;Capital Federal;;Capital Federal;Argentina;Punto de retiro;Mercado Pago;;;;21/03/2025;27/03/2025;Blazer Carel (XL);180000;1;;Móvil;;;;Sí;;;;;
5333;cliente_1273@ejemplo.com;21/03/2025 16:48:31;Abierta;Recibido;Enviado;ARS;160000.0;0.0;0.0;160000.0;;;;;;;;;;Cosquin;;Córdoba;Argentina;Correo Argentino Clasico - Envio a domicilio;Mercado Pago;;;;21/03/2025;27/03/2025;Ciro (M);160000;1;;Móvil;;;;Sí;;;;;
5332;cliente_1148@ejemplo.com;21/03/2025 08:57:15;Abierta;Recibido;Enviado;ARS;263000.0;0.0;0.0;263000.0;;;;;;;;;;Concordia;;Entre Ríos;Argentina;Correo Argentino Clasico - Envio a domicilio;Mercado Pago;;;;21/03/2025;26/03/2025;Louis (44);85000;1;;Móvil;;;;Sí;;;;;
5332;cliente_1148@ejemplo.com;;;;;;;;;;;;;;;;;;;;;;;;;;;;;;Chaleco Noya (M);58000;1;;;;;;Sí;;;;;
5332;cliente_1148@ejemplo.com;;;;;;;;;;;;;;;;;;;;;;;;;;;;;;Ula (L);120000;1;;;;;;Sí;;;;;
5331;cliente_1274@ejemplo.com;20/03/2025 23:52:53;Abierta;Recibido;Enviado;ARS;65000.0;0.0;5241.0;70241.0;;;;;;;;;;Rosario;;Santa Fe;Argentina;Punto de retiro;Mercado Pago;;;;20/03/2025;26/03/2025;Ambar (S);65000;1;;Móvil;;;;Sí;;;;;
5330;cliente_1275@ejemplo.com;20/03/2025 17:11:06;Abierta;Recibido;Enviado;ARS;85000.0;0.0;0.0;85000.0;;;;;;;;;;Capital Federal;;Capital Federal;Argentina;Envio en moto CABA;Mercado Pago;;;;20/03/2025;28/03/2025;Catsuit Olimpea (L);85000;1;1728;Móvil;;;;Sí;;;;;
5329;cliente_1276@ejemplo.com;20/03/2025 12:20:26;Abierta;Recibido;Enviado;ARS;143000.0;0.0;0.0;143000.0;;;;;;;;;;Rosario de Lerma;;Salta;Argentina;Correo Argentino Clasico - Envio a domicilio;Mercado Pago;;;;20/03/2025;26/03/2025;Louis (44);85000;1;;Web;;;;Sí;;;;;
5329;cliente_1276@ejemplo.com;;;;;;;;;;;;;;;;;;;;;;;;;;;;;;Chaleco Noya (M);58000;1;;;;;;Sí;;;;;
5328;cliente_1277@ejemplo.com;20/03/2025 04:58:30;Abierta;Recibido;Enviado;ARS;180000.0;0.0;0.0;180000.0;;;;;;;;;;Andalgala;;Catamarca;Argentina;Correo Argentino Clasico - Envio a domicilio;Mercado Pago;;;;20/03/2025;26/03/2025;Blazer Carel (XL);180000;1;;Móvil;;;;Sí;;;;;
5327;cliente_0375@ejemplo.com;19/03/2025 12:06:23;Abierta;Recibido;Enviado;ARS;374000.0;0.0;9000.0;383000.0;;;;;;;;;;Capital Federal;;Capital Federal;Argentina;Envio en moto CABA;Mercado Pago;;;;19/03/2025;19/03/2025;Vestido Cristal (XL);99000;1;;Móvil;;;;Sí;;;;;
5327;cliente_0375@ejemplo.com;;;;;;;;;;;;;;;;;;;;;;;;;;;;;;Rachel (XL);140000;1;;;;;;Sí;;;;;
5327;cliente_0375@ejemplo.com;;;;;;;;;;;;;;;;;;;;;;;;;;;;;;Vestido Zaira (Azul, XL);135000;1;1780;;;;;Sí;;;;;
5325;cliente_1278@ejemplo.com;17/03/2025 22:19:46;Abierta;Recibido;Enviado;ARS;75000.0;0.0;8372.01;83372.01;;;;;;;;;;Laborde;;Córdoba;Argentina;Correo Argentino Clasico - Envio a domicilio;Mercado Pago;;;;17/03/2025;19/03/2025;Charlotte (XL);75000;1;;Móvil;;;;Sí;;;;;
5324;cliente_0375@ejemplo.com;17/03/2025 20:24:39;Abierta;Recibido;Enviado;ARS;208000.0;0.0;9000.0;217000.0;;;;;;;;;;Capital Federal;;Capital Federal;Argentina;Envio en moto CABA;Mercado Pago;;;;17/03/2025;18/03/2025;Francesca (XL);140000;1;;Móvil;;;;Sí;;;;;
5324;cliente_0375@ejemplo.com;;;;;;;;;;;;;;;;;;;;;;;;;;;;;;Idole (XL);68000;1;;;;;;Sí;;;;;
5323;cliente_1279@ejemplo.com;17/03/2025 12:49:46;Abierta;Recibido;Enviado;ARS;174000.0;0.0;8606.0;182606.0;;;;;;;;;;Coronel Brandsen;;Buenos Aires;Argentina;Correo Argentino Clasico - Envio a domicilio;Mercado Pago;;;;17/03/2025;19/03/2025;Louis (44);79000;1;;Móvil;;;;Sí;;;;;
5323;cliente_1279@ejemplo.com;;;;;;;;;;;;;;;;;;;;;;;;;;;;;;Arlet (44);95000;1;1762;;;;;Sí;;;;;
5322;cliente_1154@ejemplo.com;17/03/2025 12:13:51;Abierta;Recibido;Enviado;ARS;170000.0;0.0;4318.0;174318.0;;;;;;;;;;Capital Federal;;Capital Federal;Argentina;Punto de retiro;Mercado Pago;;;;17/03/2025;19/03/2025;Overall Makena (Celeste, XL);170000;1;;Móvil;;;;Sí;;;;;
5321;cliente_1280@ejemplo.com;17/03/2025 11:09:55;Abierta;Recibido;Enviado;ARS;95000.0;0.0;8372.01;103372.01;;;;;;;;;;Necochea;;Buenos Aires;Argentina;Correo Argentino Clasico - Envio a domicilio;Mercado Pago;;;;17/03/2025;18/03/2025;Jeans Richi (40, Azul);95000;1;;Móvil;;;;Sí;;;;;
5320;cliente_1225@ejemplo.com;17/03/2025 09:38:11;Abierta;Recibido;Enviado;ARS;150000.0;0.0;9000.0;159000.0;;;;;;;;;;Capital Federal;;Capital Federal;Argentina;Envio en moto CABA;Mercado Pago;;;;17/03/2025;18/03/2025;Milo (M);150000;1;;Móvil;;;;Sí;;;;;
5317;cliente_1281@ejemplo.com;16/03/2025 20:53:26;Abierta;Recibido;Enviado;ARS;227000.0;0.0;9000.0;236000.0;;;;;;;;;;Capital Federal;;Capital Federal;Argentina;Envio en moto CABA;Mercado Pago;;;;16/03/2025;18/03/2025;Vivianne (L);75000;1;;Móvil;;;;Sí;;;;;
5317;cliente_1281@ejemplo.com;;;;;;;;;;;;;;;;;;;;;;;;;;;;;;Ornella (L);152000;1;;;;;;Sí;;;;;
5316;cliente_1282@ejemplo.com;16/03/2025 18:59:21;Abierta;Recibido;Enviado;ARS;135000.0;0.0;8372.01;143372.01;;;;;;;;;;Larroque ;;Entre Ríos;Argentina;Correo Argentino Clasico - Envio a domicilio;Mercado Pago;;;;16/03/2025;18/03/2025;Vestido Zaira (Celeste, M);135000;1;1780;Móvil;;;;Sí;;;;;
5315;cliente_1283@ejemplo.com;16/03/2025 15:38:45;Abierta;Recibido;Enviado;ARS;150000.0;0.0;9139.0;159139.0;;;;;;;;;;Salta ;;Salta;Argentina;Correo Argentino Clasico - Envio a domicilio;Mercado Pago;;;;16/03/2025;18/03/2025;Campera Hybrid Denim (Blanco);150000;1;;Móvil;;;;Sí;;;;;
5314;cliente_1284@ejemplo.com;16/03/2025 11:52:29;Abierta;Recibido;Enviado;ARS;89000.0;0.0;9075.0;98075.0;;;;;;;;;;San Miguel de Tucumán;;Tucumán;Argentina;Correo Argentino Clasico - Envio a domicilio;Mercado Pago;;;;16/03/2025;18/03/2025;Jesi (L);89000;1;;Móvil;;;;Sí;;;;;
5313;cliente_0789@ejemplo.com;16/03/2025 09:57:51;Abierta;Recibido;Enviado;ARS;179000.0;0.0;9356.0;188356.0;;;;;;;;;;Beltran;;Santiago del Estero;Argentina;Correo Argentino Clasico - Envio a domicilio;Mercado Pago;;;;16/03/2025;18/03/2025;Ashlyn (XL);99000;1;;Móvil;;;;Sí;;;;;
5313;cliente_0789@ejemplo.com;;;;;;;;;;;;;;;;;;;;;;;;;;;;;;Jeans Richi (46, Celeste);80000;1;;;;;;Sí;;;;;
5311;cliente_1285@ejemplo.com;14/03/2025 22:30:54;Abierta;Recibido;Enviado;ARS;165000.0;0.0;5241.0;170241.0;;;;;;;;;;Paraná;;Entre Ríos;Argentina;Punto de retiro;Mercado Pago;;;;14/03/2025;18/03/2025;Overall Donatella (M);165000;1;;Móvil;;;;Sí;;;;;
5310;cliente_1286@ejemplo.com;14/03/2025 14:10:59;Abierta;Recibido;Enviado;ARS;95000.0;0.0;9139.0;104139.0;;;;;;;;;;Caleta  oliva ;;Santa Cruz;Argentina;Correo Argentino Clasico - Envio a domicilio;Mercado Pago;;;;14/03/2025;18/03/2025;Arlet (40);95000;1;1762;Móvil;;;;Sí;;;;;
5309;cliente_1287@ejemplo.com;14/03/2025 11:15:44;Abierta;Recibido;Enviado;ARS;35000.0;0.0;5241.0;40241.0;;;;;;;;;;La Capital;;Santa Fe;Argentina;Punto de retiro;Mercado Pago;;;;14/03/2025;18/03/2025;Vestido Melody 529 20/02 (S);35000;1;;Móvil;;;;Sí;;;;;
5308;cliente_1252@ejemplo.com;14/03/2025 10:54:40;Abierta;Recibido;Enviado;ARS;273500.0;0.0;0.0;273500.0;;;;;;;;;;Capital Federal;;Capital Federal;Argentina;Correo Argentino Clasico - Envio a domicilio;Mercado Pago;;;;14/03/2025;18/03/2025;Chaleco Noya (M);59500;1;;Móvil;;;;Sí;;;;;
5308;cliente_1252@ejemplo.com;;;;;;;;;;;;;;;;;;;;;;;;;;;;;;Louis (44);79000;1;;;;;;Sí;;;;;
5308;cliente_1252@ejemplo.com;;;;;;;;;;;;;;;;;;;;;;;;;;;;;;Marilyn (L);135000;1;;;;;;Sí;;;;;
5307;cliente_1288@ejemplo.com;14/03/2025 02:47:31;Abierta;Recibido;Enviado;ARS;69000.0;0.0;9075.0;78075.0;;;;;;;;;;Posadas;;Misiones;Argentina;Correo Argentino Clasico - Envio a domicilio;Transferencia o depósito bancario;;;;20/03/2025;28/03/2025;Corset Roma (XL);69000;1;;Móvil;;;;Sí;;;;;
5306;cliente_1289@ejemplo.com;13/03/2025 20:29:54;Abierta;Recibido;Enviado;ARS;138000.0;35000.0;9059.0;112059.0;;;;;;;;;;General Pueyrredón;;Buenos Aires;Argentina;Correo Argentino Clasico - Envio a domicilio;Mercado Pago;;;;13/03/2025;18/03/2025;Vestido Zaira 20 20/04 (XL);35000;1;;Móvil;;;;Sí;;;;;
5306;cliente_1289@ejemplo.com;;;;;;;;;;;;;;;;;;;;;;;;;;;;;;Short Jackes 50 42/04 (XL);48000;1;;;;;;Sí;;;;;
5306;cliente_1289@ejemplo.com;;;;;;;;;;;;;;;;;;;;;;;;;;;;;;Catsuit Vito 235 10/03 (XL);55000;1;;;;;;Sí;;;;;
5304;cliente_1290@ejemplo.com;13/03/2025 14:37:31;Abierta;Recibido;Enviado;ARS;290000.0;0.0;0.0;290000.0;;;;;;;;;;Almirante Brown;;Gran Buenos Aires;Argentina;Correo Argentino Clasico - Envio a domicilio;Mercado Pago;;;;13/03/2025;18/03/2025;Short Jackes (S, Azul);80000;1;;Móvil;;;;Sí;;;;;
5304;cliente_1290@ejemplo.com;;;;;;;;;;;;;;;;;;;;;;;;;;;;;;Campera Xuxa (S);210000;1;;;;;;Sí;;;;;
5303;cliente_1291@ejemplo.com;13/03/2025 09:34:21;Abierta;Recibido;Enviado;ARS;210000.0;0.0;4318.0;214318.0;;;;;;;;;;Capital Federal;;Capital Federal;Argentina;Punto de retiro;Mercado Pago;;;;13/03/2025;18/03/2025;Campera Xuxa (S);210000;1;;Móvil;;;;Sí;;;;;
5298;cliente_1292@ejemplo.com;11/03/2025 19:14:52;Abierta;Recibido;Enviado;ARS;80750.0;0.0;5657.0;86407.0;;;;;;;;;;San Isidro;;Gran Buenos Aires;Argentina;Punto de retiro;Mercado Pago;;;;11/03/2025;18/03/2025;Calix Snow (38);80750;1;1767;Móvil;;;;Sí;;;;;
5297;cliente_1293@ejemplo.com;11/03/2025 17:07:13;Abierta;Recibido;Enviado;ARS;160000.0;0.0;4318.0;164318.0;;;;;;;;;;Capital Federal;;Capital Federal;Argentina;Punto de retiro;Mercado Pago;;;;11/03/2025;18/03/2025;Vestido Melody (L);160000;1;;Móvil;;;;Sí;;;;;
5295;cliente_1294@ejemplo.com;11/03/2025 10:15:17;Abierta;Recibido;Enviado;ARS;289000.0;0.0;0.0;289000.0;;;;;;;;;;Junín de los Andes;;Neuquén;Argentina;Correo Argentino Clasico - Envio a domicilio;Mercado Pago;;;;11/03/2025;12/03/2025;Louis (46);79000;1;;Móvil;;;;Sí;;;;;
5295;cliente_1294@ejemplo.com;;;;;;;;;;;;;;;;;;;;;;;;;;;;;;Campera Xuxa (XL);210000;1;;;;;;Sí;;;;;
5294;cliente_1295@ejemplo.com;11/03/2025 09:38:13;Abierta;Recibido;Enviado;ARS;79000.0;0.0;9000.0;88000.0;;;;;;;;;;Capital Federal;;Capital Federal;Argentina;Envio en moto CABA;Mercado Pago;;;;11/03/2025;13/03/2025;Louis (44);79000;1;;Móvil;;;;Sí;;;;;
5293;cliente_0375@ejemplo.com;10/03/2025 12:03:54;Abierta;Recibido;Enviado;ARS;152000.0;0.0;7065.0;159065.0;;;;;;;;;;Capital Federal;;Capital Federal;Argentina;Correo Argentino Clasico - Envio a domicilio;Mercado Pago;;;;10/03/2025;12/03/2025;Ornella (XL);152000;1;;Móvil;;;;Sí;;;;;
5292;cliente_1296@ejemplo.com;10/03/2025 11:10:57;Abierta;Recibido;Enviado;ARS;135000.0;0.0;7065.0;142065.0;;;;;;;;;;Buenos Aires;;Gran Buenos Aires;Argentina;Correo Argentino Clasico - Envio a domicilio;Mercado Pago;;;;10/03/2025;12/03/2025;Antonella (L);135000;1;;Web;;;;Sí;;;;;
5291;cliente_0600@ejemplo.com;10/03/2025 07:54:53;Abierta;Recibido;Enviado;ARS;45000.0;0.0;5241.0;50241.0;;;;;;;;;;Ensenada;;Buenos Aires;Argentina;Punto de retiro;Mercado Pago;;;;10/03/2025;12/03/2025;Mini Ginebra 542 50/04 (L);45000;1;;Móvil;;;;Sí;;;;;
5289;cliente_0265@ejemplo.com;09/03/2025 21:48:22;Abierta;Recibido;Enviado;ARS;179000.0;50000.0;7496.0;136496.0;;;;;;;;;;San juan;;San Juan;Argentina;Punto de retiro;Mercado Pago;;;;09/03/2025;12/03/2025;Mini Ginebra 546 50/04 (M);50000;1;;Móvil;;;;Sí;;;;;
5289;cliente_0265@ejemplo.com;;;;;;;;;;;;;;;;;;;;;;;;;;;;;;Vestido Rachel 518 20/02 (L);70000;1;;;;;;Sí;;;;;
5289;cliente_0265@ejemplo.com;;;;;;;;;;;;;;;;;;;;;;;;;;;;;;Catsuit Vainilla 326 10/02 (L);59000;1;;;;;;Sí;;;;;
5288;cliente_1297@ejemplo.com;09/03/2025 18:46:01;Abierta;Recibido;Enviado;ARS;79000.0;0.0;5241.0;84241.0;;;;;;;;;;General Pueyrredón;;Buenos Aires;Argentina;Punto de retiro;Mercado Pago;;;;09/03/2025;12/03/2025;Louis (46);79000;1;;Móvil;;;;Sí;;;;;
5286;cliente_1298@ejemplo.com;09/03/2025 10:59:33;Abierta;Recibido;Enviado;ARS;255000.0;0.0;0.0;255000.0;;;;;;;;;;Punilla;;Córdoba;Argentina;Punto de retiro;Mercado Pago;;;;09/03/2025;12/03/2025;Vito (M);95000;1;;Web;;;;Sí;;;;;
5286;cliente_1298@ejemplo.com;;;;;;;;;;;;;;;;;;;;;;;;;;;;;;Vestido Cleo (M);160000;1;1771;;;;;Sí;;;;;
5284;cliente_0326@ejemplo.com;08/03/2025 23:08:03;Abierta;Recibido;Enviado;ARS;40000.0;0.0;4318.0;44318.0;;;;;;;;;;Capital Federal;;Capital Federal;Argentina;Punto de retiro;Transferencia o depósito bancario;;;;10/03/2025;12/03/2025;Vestidos Zaira 29 20/02 (L);40000;1;;Móvil;;;;Sí;;;;;
5283;cliente_1299@ejemplo.com;08/03/2025 19:58:23;Abierta;Recibido;Enviado;ARS;115000.0;30000.0;4713.99;89713.99;;;;;;;;;;Capital Federal;;Capital Federal;Argentina;Punto de retiro;Mercado Pago;;;;08/03/2025;12/03/2025;Vestido Zaira 5 20/04 (M);40000;1;;Web;;;;Sí;;;;;
5283;cliente_1299@ejemplo.com;;;;;;;;;;;;;;;;;;;;;;;;;;;;;;Vestido Melody 515 20/03 (S);45000;1;;;;;;Sí;;;;;
5283;cliente_1299@ejemplo.com;;;;;;;;;;;;;;;;;;;;;;;;;;;;;;Vestido New Gardenia 200 20/03 (M);30000;1;;;;;;Sí;;;;;
5280;cliente_1300@ejemplo.com;07/03/2025 23:27:17;Abierta;Recibido;Enviado;ARS;100000.0;0.0;5241.0;105241.0;;;;;;;;;;Rosario;;Santa Fe;Argentina;Punto de retiro;Mercado Pago;;;;07/03/2025;12/03/2025;Muestra Zaira 420 70/01 (S);100000;1;;Móvil;;;;Sí;;;;;
5279;cliente_1301@ejemplo.com;07/03/2025 17:06:34;Abierta;Recibido;Enviado;ARS;120000.0;0.0;5948.0;125948.0;;;;;;;;;;Sarmiento;;Chubut;Argentina;Punto de retiro;Mercado Pago;;;;07/03/2025;12/03/2025;Keaton (S);120000;1;;Móvil;;;;Sí;;;;;
5278;cliente_1302@ejemplo.com;07/03/2025 11:32:55;Abierta;Recibido;Enviado;ARS;130000.0;25000.0;10153.0;115153.0;;;;;;;;;;Yerba Buena ;;Tucumán;Argentina;Correo Argentino Clasico - Envio a domicilio;Mercado Pago;;;;07/03/2025;12/03/2025;Vestido Pilcro 610 20/04 (S);70000;1;;Móvil;;;;Sí;;;;;
5278;cliente_1302@ejemplo.com;;;;;;;;;;;;;;;;;;;;;;;;;;;;;;Vestido Zaira 18 20/04 (XL);35000;1;;;;;;Sí;;;;;
5278;cliente_1302@ejemplo.com;;;;;;;;;;;;;;;;;;;;;;;;;;;;;;Vestido New Gardenia 198 20/04 (L);25000;1;;;;;;Sí;;;;;
5275;cliente_1303@ejemplo.com;07/03/2025 09:43:28;Abierta;Recibido;Enviado;ARS;95000.0;0.0;8372.01;103372.01;;;;;;;;;;Colonia Ensayo;;Entre Ríos;Argentina;Correo Argentino Clasico - Envio a domicilio;Mercado Pago;;;;07/03/2025;07/03/2025;Arlet (42);95000;1;1762;Móvil;;;;Sí;;;;;
5274;cliente_1304@ejemplo.com;07/03/2025 08:41:06;Abierta;Recibido;Enviado;ARS;55000.0;0.0;8000.0;63000.0;;;;;;;;;;Capital Federal;;Capital Federal;Argentina;Envio en moto CABA;Mercado Pago;;;;07/03/2025;11/03/2025;Catsuit Destroyed 410 10/03 (S);55000;1;;Móvil;;;;Sí;;;;;
5273;cliente_1305@ejemplo.com;07/03/2025 08:34:37;Abierta;Recibido;Enviado;ARS;287000.0;0.0;0.0;287000.0;;;;;;;;;;Comodoro rivadavia;;Chubut;Argentina;Correo Argentino Clasico - Envio a domicilio;Mercado Pago;;;;07/03/2025;07/03/2025;Marilyn (XL);135000;1;;Móvil;;;;Sí;;;;;
5273;cliente_1305@ejemplo.com;;;;;;;;;;;;;;;;;;;;;;;;;;;;;;Ornella (XL);152000;1;;;;;;Sí;;;;;
5270;cliente_1306@ejemplo.com;06/03/2025 19:16:38;Abierta;Recibido;Enviado;ARS;160000.0;0.0;5948.0;165948.0;;;;;;;;;;Capital;;Salta;Argentina;Punto de retiro;Mercado Pago;;;;06/03/2025;07/03/2025;Farrel (S);160000;1;;Móvil;;;;Sí;;;;;
5269;cliente_1307@ejemplo.com;06/03/2025 17:41:27;Abierta;Recibido;Enviado;ARS;39000.0;0.0;7065.0;46065.0;;;;;;;;;;Pilar;;Gran Buenos Aires;Argentina;Correo Argentino Clasico - Envio a domicilio;Mercado Pago;;;;06/03/2025;07/03/2025;Pantlon Richie 278 30/03 (42);39000;1;;Móvil;;;;Sí;;;;;
5265;cliente_1308@ejemplo.com;06/03/2025 12:35:36;Abierta;Recibido;Enviado;ARS;150000.0;0.0;6666.99;156666.99;;;;;;;;;;Rosario;;Santa Fe;Argentina;Punto de retiro;Mercado Pago;;;;06/03/2025;07/03/2025;Mandy (M);150000;1;;Móvil;;;;Sí;;;;;
5264;cliente_0724@ejemplo.com;06/03/2025 10:30:08;Abierta;Recibido;Enviado;ARS;50000.0;0.0;7065.0;57065.0;;;;;;;;;;Quilmes ;;Gran Buenos Aires;Argentina;Correo Argentino Clasico - Envio a domicilio;Mercado Pago;;;;06/03/2025;07/03/2025;Pantalón Fiona (L);50000;1;;Móvil;;;;Sí;;;;;
5262;cliente_1309@ejemplo.com;06/03/2025 07:49:27;Abierta;Recibido;Enviado;ARS;75000.0;0.0;8000.0;83000.0;;;;;;;;;;Capital Federal;;Capital Federal;Argentina;Envio en moto CABA;Mercado Pago;;;;06/03/2025;11/03/2025;Pantalon Richie 275 30/04 (44);30000;1;;Móvil;;;;Sí;;;;;
5262;cliente_1309@ejemplo.com;;;;;;;;;;;;;;;;;;;;;;;;;;;;;;Vestido Melody 514 20/03 (XL);45000;1;;;;;;Sí;;;;;
5261;cliente_1310@ejemplo.com;06/03/2025 01:27:33;Abierta;Recibido;Enviado;ARS;90000.0;25000.0;4713.99;69713.99;;;;;;;;;;Capital Federal;;Capital Federal;Argentina;Punto de retiro;Mercado Pago;;;;06/03/2025;07/03/2025;Vestido New Gardenia 196 20/04 (M);25000;1;;Web;;;;Sí;;;;;
5261;cliente_1310@ejemplo.com;;;;;;;;;;;;;;;;;;;;;;;;;;;;;;Lotus 565 60/02 (S);30000;1;;;;;;Sí;;;;;
5261;cliente_1310@ejemplo.com;;;;;;;;;;;;;;;;;;;;;;;;;;;;;;Vestido Melody 526 20/03 (M);35000;1;;;;;;Sí;;;;;
5260;cliente_0789@ejemplo.com;05/03/2025 23:23:06;Abierta;Recibido;Enviado;ARS;185000.0;0.0;9356.0;194356.0;;;;;;;;;;Beltran;;Santiago del Estero;Argentina;Correo Argentino Clasico - Envio a domicilio;Mercado Pago;;;;05/03/2025;07/03/2025;Túnica Natasha (L);90000;1;;Móvil;;;;Sí;;;;;
5260;cliente_0789@ejemplo.com;;;;;;;;;;;;;;;;;;;;;;;;;;;;;;Arlet (42);95000;1;1762;;;;;Sí;;;;;
5259;cliente_0739@ejemplo.com;05/03/2025 22:24:34;Abierta;Recibido;Enviado;ARS;310000.0;90000.0;6666.99;226666.99;;;;;;;;;;Tres Arroyos;;Buenos Aires;Argentina;Punto de retiro;Mercado Pago;;;;05/03/2025;07/03/2025;Catsuit Ciro 400 70/02 (S);100000;1;;Móvil;;;;Sí;;;;;
5259;cliente_0739@ejemplo.com;;;;;;;;;;;;;;;;;;;;;;;;;;;;;;Makena 406 10/03 (S);90000;1;;;;;;Sí;;;;;
5259;cliente_0739@ejemplo.com;;;;;;;;;;;;;;;;;;;;;;;;;;;;;;Vestido Madison 525 20/02 (S);120000;1;;;;;;Sí;;;;;
5258;cliente_1311@ejemplo.com;05/03/2025 22:00:08;Abierta;Recibido;Enviado;ARS;100000.0;0.0;4318.0;104318.0;;;;;;;;;;Lomas de Zamora;;Gran Buenos Aires;Argentina;Punto de retiro;Transferencia o depósito bancario;;;;06/03/2025;07/03/2025;Overall Makena 558 10/03 (L);100000;1;;Móvil;;;;Sí;;;;;
5257;cliente_0394@ejemplo.com;05/03/2025 20:51:14;Abierta;Recibido;Enviado;ARS;136000.0;0.0;8606.0;144606.0;;;;;;;;;;Coreoba;;Córdoba;Argentina;Correo Argentino Clasico - Envio a domicilio;Mercado Pago;;;;05/03/2025;07/03/2025;Falda Irina 352 50/03 (L);67000;1;;Móvil;;;;Sí;;;;;
5257;cliente_0394@ejemplo.com;;;;;;;;;;;;;;;;;;;;;;;;;;;;;;Corset Roma (L);69000;1;;;;;;Sí;;;;;
5251;cliente_1312@ejemplo.com;05/03/2025 14:05:46;Abierta;Recibido;Enviado;ARS;40000.0;0.0;9075.0;49075.0;;;;;;;;;;Goya;;Corrientes;Argentina;Correo Argentino Clasico - Envio a domicilio;Mercado Pago;;;;05/03/2025;07/03/2025;Vestido Penelope - 109 20/03 (XL);40000;1;;Móvil;;;;Sí;;;;;
5250;cliente_1313@ejemplo.com;05/03/2025 12:55:32;Abierta;Recibido;Enviado;ARS;175000.0;0.0;8000.0;183000.0;;;;;;;;;;Capital Federal;;Capital Federal;Argentina;Envio en moto CABA;Mercado Pago;;;;05/03/2025;06/03/2025;New Taylor (L);175000;1;;Móvil;;;;Sí;;;;;
5248;cliente_1314@ejemplo.com;04/03/2025 23:24:33;Abierta;Recibido;Enviado;ARS;152000.0;0.0;4318.0;156318.0;;;;;;;;;;Merlo;;Gran Buenos Aires;Argentina;Punto de retiro;Mercado Pago;;;;04/03/2025;06/03/2025;Ornella (S);152000;1;;Móvil;;;;Sí;;;;;
5247;cliente_0982@ejemplo.com;04/03/2025 13:08:45;Abierta;Recibido;Enviado;ARS;125000.0;40000.0;4713.99;89713.99;;;;;;;;;;Capital Federal;;Capital Federal;Argentina;Punto de retiro;Mercado Pago;;;;04/03/2025;06/03/2025;Pantalon Enzo 294 30/03 (46);40000;1;;Móvil;;;;Sí;;;;;
5247;cliente_0982@ejemplo.com;;;;;;;;;;;;;;;;;;;;;;;;;;;;;;Vestido Penelope - 102 20/04 (XL);45000;1;;;;;;Sí;;;;;
5247;cliente_0982@ejemplo.com;;;;;;;;;;;;;;;;;;;;;;;;;;;;;;Pantalon Richie 279 30/02 (46);40000;1;;;;;;Sí;;;;;
5246;cliente_0013@ejemplo.com;04/03/2025 10:07:03;Abierta;Recibido;Enviado;ARS;238000.0;74000.0;12556.0;176556.0;;;;;;;;;;25 de Mayo;;La Pampa;Argentina;Correo Argentino Clasico - Envio a domicilio;Mercado Pago;;;;04/03/2025;06/03/2025;Enterito Simona 413 80/04 (L);45000;1;;Móvil;;;;Sí;;;;;
5246;cliente_0013@ejemplo.com;;;;;;;;;;;;;;;;;;;;;;;;;;;;;;Pantalon Calix 288 30/03 (36);40000;1;;;;;;Sí;;;;;
5246;cliente_0013@ejemplo.com;;;;;;;;;;;;;;;;;;;;;;;;;;;;;;Pantalon Richie 272 30/03 (38);39000;1;;;;;;Sí;;;;;
5246;cliente_0013@ejemplo.com;;;;;;;;;;;;;;;;;;;;;;;;;;;;;;Catsuit Aurora 245 10/04 (M);39000;1;;;;;;Sí;;;;;
5246;cliente_0013@ejemplo.com;;;;;;;;;;;;;;;;;;;;;;;;;;;;;;Catsuit Vito 220 10/04 (L);40000;1;;;;;;Sí;;;;;
5246;cliente_0013@ejemplo.com;;;;;;;;;;;;;;;;;;;;;;;;;;;;;;Vestido Zaira 24 20/02 (L);35000;1;;;;;;Sí;;;;;
5245;cliente_1315@ejemplo.com;04/03/2025 09:18:01;Abierta;Recibido;Enviado;ARS;155000.0;25000.0;10153.0;140153.0;;;;;;;;;;Cutral Co;;Neuquén;Argentina;Correo Argentino Clasico - Envio a domicilio;Mercado Pago;;;;04/03/2025;06/03/2025;Vestido New Gardenia 253 20/03 (M);25000;1;;Móvil;;;;Sí;;;;;
5245;cliente_1315@ejemplo.com;;;;;;;;;;;;;;;;;;;;;;;;;;;;;;Vestido Zaira 11 20/04 (M);40000;1;;;;;;Sí;;;;;
5245;cliente_1315@ejemplo.com;;;;;;;;;;;;;;;;;;;;;;;;;;;;;;Blazzer Carel Celeste 370 40/03 (M);90000;1;;;;;;Sí;;;;;
5244;cliente_1316@ejemplo.com;03/03/2025 23:30:16;Abierta;Recibido;Enviado;ARS;164000.0;39000.0;7920.0;132920.0;;;;;;;;;;San Isidro;;Gran Buenos Aires;Argentina;Correo Argentino Clasico - Envio a domicilio;Mercado Pago;;;;03/03/2025;06/03/2025;Muestra 398 70/02 (L);70000;1;;Móvil;;;;Sí;;;;;
5244;cliente_1316@ejemplo.com;;;;;;;;;;;;;;;;;;;;;;;;;;;;;;Pantalon Richie 274 30/03 (46);39000;1;;;;;;Sí;;;;;
5244;cliente_1316@ejemplo.com;;;;;;;;;;;;;;;;;;;;;;;;;;;;;;Vestido Penelope - 111 20/04 (XL);55000;1;;;;;;Sí;;;;;
5243;cliente_1164@ejemplo.com;03/03/2025 18:07:37;Abierta;Recibido;Enviado;ARS;79000.0;0.0;8372.01;87372.01;;;;;;;;;;Porteña ;;Córdoba;Argentina;Correo Argentino Clasico - Envio a domicilio;Mercado Pago;;;;03/03/2025;06/03/2025;Louis (42);79000;1;;Móvil;;;;Sí;;;;;
5242;cliente_1164@ejemplo.com;03/03/2025 17:51:22;Abierta;Recibido;Enviado;ARS;59500.0;0.0;8372.01;67872.01;;;;;;;;;;Porteña;;Córdoba;Argentina;Correo Argentino Clasico - Envio a domicilio;Mercado Pago;;;;03/03/2025;06/03/2025;Chaleco Noya (L);59500;1;;Móvil;;;;Sí;;;;;
5241;cliente_1317@ejemplo.com;03/03/2025 15:30:53;Abierta;Recibido;Enviado;ARS;602000.0;110000.0;0.0;492000.0;;;;;;;;;;Tres de Febrero;;Gran Buenos Aires;Argentina;Correo Argentino Clasico - Envio a domicilio;Mercado Pago;;;;03/03/2025;13/03/2025;Olivia (L);75000;1;;Web;;;;Sí;;;;;
5241;cliente_1317@ejemplo.com;;;;;;;;;;;;;;;;;;;;;;;;;;;;;;Pantalón Fiona (M);50000;1;;;;;;Sí;;;;;
5241;cliente_1317@ejemplo.com;;;;;;;;;;;;;;;;;;;;;;;;;;;;;;Lotus (M);55000;1;1677;;;;;Sí;;;;;
5241;cliente_1317@ejemplo.com;;;;;;;;;;;;;;;;;;;;;;;;;;;;;;Catsuit Fame (L);72000;1;;;;;;Sí;;;;;
5241;cliente_1317@ejemplo.com;;;;;;;;;;;;;;;;;;;;;;;;;;;;;;Makena 307 10/03 (L);120000;1;;;;;;Sí;;;;;
5241;cliente_1317@ejemplo.com;;;;;;;;;;;;;;;;;;;;;;;;;;;;;;Melody 503 20/03 (M);120000;1;;;;;;Sí;;;;;
5241;cliente_1317@ejemplo.com;;;;;;;;;;;;;;;;;;;;;;;;;;;;;;Blazzer Carel Celeste 422 70/02 (M);110000;1;;;;;;Sí;;;;;
5239;cliente_1318@ejemplo.com;03/03/2025 12:49:04;Abierta;Recibido;Enviado;ARS;102000.0;32000.0;4713.99;74713.99;;;;;;;;;;Berazategui;;Gran Buenos Aires;Argentina;Punto de retiro;Mercado Pago;;;;03/03/2025;06/03/2025;Pantalon Louis 263 30/03 (40);32000;1;;Web;;;;Sí;;;;;
5239;cliente_1318@ejemplo.com;;;;;;;;;;;;;;;;;;;;;;;;;;;;;;Pantalon Richie 281 30/02 (40);35000;1;;;;;;Sí;;;;;
5239;cliente_1318@ejemplo.com;;;;;;;;;;;;;;;;;;;;;;;;;;;;;;Pantalon Enzo 291 30/04 (38);35000;1;;;;;;Sí;;;;;
5238;cliente_1319@ejemplo.com;03/03/2025 12:09:50;Abierta;Recibido;Enviado;ARS;79000.0;0.0;9075.0;88075.0;;;;;;;;;;Rincón de los Sauces ;;Neuquén;Argentina;Correo Argentino Clasico - Envio a domicilio;Mercado Pago;;;;03/03/2025;06/03/2025;Louis (42);79000;1;;Móvil;;;;Sí;;;;;
5235;cliente_1320@ejemplo.com;02/03/2025 22:21:07;Abierta;Recibido;Enviado;ARS;170000.0;0.0;4318.0;174318.0;;;;;;;;;;San Isidro;;Gran Buenos Aires;Argentina;Punto de retiro;Mercado Pago;;;;02/03/2025;06/03/2025;Vestido Pilcro (M);170000;1;;Móvil;;;;Sí;;;;;
5234;cliente_1321@ejemplo.com;02/03/2025 21:27:59;Abierta;Recibido;Enviado;ARS;175000.0;0.0;7065.0;182065.0;;;;;;;;;;Grand Bourg;;Gran Buenos Aires;Argentina;Correo Argentino Clasico - Envio a domicilio;Mercado Pago;;;;05/03/2025;06/03/2025;Blazer Carel (XL);175000;1;;Móvil;;;;Sí;;;;;
5233;cliente_1322@ejemplo.com;02/03/2025 17:38:52;Abierta;Recibido;Enviado;ARS;270000.0;0.0;0.0;270000.0;;;;;;;;;;Resistencia;;Chaco;Argentina;Correo Argentino Clasico - Envio a domicilio;Transferencia o depósito bancario;;;;02/03/2025;06/03/2025;Arlet (46);95000;1;1762;Móvil;;;;Sí;;;;;
5233;cliente_1322@ejemplo.com;;;;;;;;;;;;;;;;;;;;;;;;;;;;;;Blazer Carel (XL);175000;1;;;;;;Sí;;;;;
5231;cliente_1323@ejemplo.com;02/03/2025 17:16:32;Abierta;Recibido;Enviado;ARS;159750.0;0.0;11800.0;171550.0;;;;;;;;;;Pilar;;Gran Buenos Aires;Argentina;Correo Argentino Clasico - Envio a domicilio;Mercado Pago;;;;02/03/2025;06/03/2025;Calix (44);80750;1;1747;Móvil;;;;Sí;;;;;
5231;cliente_1323@ejemplo.com;;;;;;;;;;;;;;;;;;;;;;;;;;;;;;Louis (44);79000;1;;;;;;Sí;;;;;
5230;cliente_0345@ejemplo.com;02/03/2025 13:28:05;Abierta;Recibido;Enviado;ARS;90000.0;0.0;9139.0;99139.0;;;;;;;;;;Chubut;;Chubut;Argentina;Correo Argentino Clasico - Envio a domicilio;Mercado Pago;;;;02/03/2025;06/03/2025;Muestra 419 10/01 (L);90000;1;;Móvil;;;;Sí;;;;;
5229;cliente_1324@ejemplo.com;02/03/2025 12:02:16;Abierta;Recibido;Enviado;ARS;60000.0;0.0;4318.0;64318.0;;;;;;;;;;Lanus;;Gran Buenos Aires;Argentina;Punto de retiro;Mercado Pago;;;;02/03/2025;06/03/2025;Catsuit Venecia 301 10/02 (XL);60000;1;;Móvil;;;;Sí;;;;;
5228;cliente_1325@ejemplo.com;02/03/2025 11:40:59;Abierta;Recibido;Enviado;ARS;50000.0;0.0;12556.0;62556.0;;;;;;;;;;San Nicolas ;;Buenos Aires;Argentina;Correo Argentino Clasico - Envio a domicilio;Mercado Pago;;;;02/03/2025;06/03/2025;Jean Eugenia (42);50000;1;;Móvil;;;;Sí;;;;;
5227;cliente_0755@ejemplo.com;02/03/2025 11:01:55;Abierta;Recibido;Enviado;ARS;385000.0;0.0;0.0;385000.0;;;;;;;;;;Ciudad san Luis ;;San Luis;Argentina;Correo Argentino Clasico - Envio a domicilio;Mercado Pago;;;;02/03/2025;06/03/2025;Vestido Penelope - 105 20/02 (XL);50000;1;;Móvil;;;;Sí;;;;;
5227;cliente_0755@ejemplo.com;;;;;;;;;;;;;;;;;;;;;;;;;;;;;;Vestido Serena (XL);170000;1;;;;;;Sí;;;;;
5227;cliente_0755@ejemplo.com;;;;;;;;;;;;;;;;;;;;;;;;;;;;;;Eiffel (XL);165000;1;;;;;;Sí;;;;;
5226;cliente_1326@ejemplo.com;02/03/2025 10:33:43;Abierta;Recibido;Enviado;ARS;170000.0;0.0;4318.0;174318.0;;;;;;;;;;Tigre;;Gran Buenos Aires;Argentina;Punto de retiro;Mercado Pago;;;;02/03/2025;06/03/2025;Overall Makena (Celeste, XL);170000;1;;Móvil;;;;Sí;;;;;
5225;cliente_1327@ejemplo.com;02/03/2025 00:42:32;Abierta;Recibido;Enviado;ARS;90000.0;0.0;5715.0;95715.0;;;;;;;;;;General Alvear;;Mendoza;Argentina;Punto de retiro;Mercado Pago;;;;02/03/2025;06/03/2025;Túnica Natasha (L);90000;1;;Móvil;;;;Sí;;;;;
5224;cliente_1328@ejemplo.com;01/03/2025 22:31:11;Abierta;Recibido;Enviado;ARS;217000.0;67000.0;12556.0;162556.0;;;;;;;;;;Córdoba ;;Córdoba;Argentina;Correo Argentino Clasico - Envio a domicilio;Mercado Pago;;;;01/03/2025;06/03/2025;Pantalon Louis 265 30/03 (40);32000;1;;Móvil;;;;Sí;;;;;
5224;cliente_1328@ejemplo.com;;;;;;;;;;;;;;;;;;;;;;;;;;;;;;Catsuit Aurora 247 10/03 (L);39000;1;;;;;;Sí;;;;;
5224;cliente_1328@ejemplo.com;;;;;;;;;;;;;;;;;;;;;;;;;;;;;;Catsuits Virna 214 10/03 (XL);38000;1;;;;;;Sí;;;;;
5224;cliente_1328@ejemplo.com;;;;;;;;;;;;;;;;;;;;;;;;;;;;;;Vestido Zaira 30 20/02 (L);38000;1;;;;;;Sí;;;;;
5224;cliente_1328@ejemplo.com;;;;;;;;;;;;;;;;;;;;;;;;;;;;;;Pantalon fiona 285 30/02 (XL);35000;1;;;;;;Sí;;;;;
5224;cliente_1328@ejemplo.com;;;;;;;;;;;;;;;;;;;;;;;;;;;;;;Catsuits Vito 217 10/03 (XL);35000;1;;;;;;Sí;;;;;
5222;cliente_1329@ejemplo.com;01/03/2025 12:21:17;Abierta;Recibido;Enviado;ARS;40000.0;0.0;8000.0;48000.0;;;;;;;;;;Capital Federal;;Capital Federal;Argentina;Envio en moto CABA;Mercado Pago;;;;01/03/2025;06/03/2025;Vestido Zaira 1 20/03 (L);40000;1;;Móvil;;;;Sí;;;;;
5221;cliente_1248@ejemplo.com;01/03/2025 09:49:39;Abierta;Recibido;Enviado;ARS;400000.0;45000.0;0.0;355000.0;;;;;;;;;;Resistencia;;Chaco;Argentina;Correo Argentino Clasico - Envio a domicilio;Mercado Pago;;;;01/03/2025;06/03/2025;Jeans Richi (38, Celeste);95000;1;;Móvil;;;;Sí;;;;;
5221;cliente_1248@ejemplo.com;;;;;;;;;;;;;;;;;;;;;;;;;;;;;;Margot Verde 336 10/03 (S);60000;1;;;;;;Sí;;;;;
5221;cliente_1248@ejemplo.com;;;;;;;;;;;;;;;;;;;;;;;;;;;;;;Muestra 440 70/01 (M);90000;1;;;;;;Sí;;;;;
5221;cliente_1248@ejemplo.com;;;;;;;;;;;;;;;;;;;;;;;;;;;;;;Vestido Nadine - 133 20/02 (S);45000;1;;;;;;Sí;;;;;
5221;cliente_1248@ejemplo.com;;;;;;;;;;;;;;;;;;;;;;;;;;;;;;Blazzer Carel Celeste 423 40/02 (S);110000;1;;;;;;Sí;;;;;
5220;cliente_1330@ejemplo.com;01/03/2025 09:28:35;Abierta;Recibido;Enviado;ARS;142000.0;38000.0;7496.0;111496.0;;;;;;;;;;San Miguel de Tucumán;;Tucumán;Argentina;Punto de retiro;Mercado Pago;;;;01/03/2025;06/03/2025;Catsuit Vito 237 10/04 (L);38000;1;;Móvil;;;;Sí;;;;;
5220;cliente_1330@ejemplo.com;;;;;;;;;;;;;;;;;;;;;;;;;;;;;;Enterito Simona 412 80/02 (L);45000;1;;;;;;Sí;;;;;
5220;cliente_1330@ejemplo.com;;;;;;;;;;;;;;;;;;;;;;;;;;;;;;Catsuit Venecia 323 10/02 (M);59000;1;;;;;;Sí;;;;;
5218;cliente_1331@ejemplo.com;01/03/2025 04:59:30;Abierta;Recibido;Enviado;ARS;152000.0;0.0;10153.0;162153.0;;;;;;;;;;La Rioja capital;;La Rioja;Argentina;Correo Argentino Clasico - Envio a domicilio;Transferencia o depósito bancario;;;;06/03/2025;07/03/2025;Catsuit Charly negro 250 10/03 (M);35000;1;;Móvil;;;;Sí;;;;;
5218;cliente_1331@ejemplo.com;;;;;;;;;;;;;;;;;;;;;;;;;;;;;;Catsuit Fame (L);72000;1;;;;;;Sí;;;;;
5218;cliente_1331@ejemplo.com;;;;;;;;;;;;;;;;;;;;;;;;;;;;;;Catsuit Charly Rosa 240 10/02 (M);45000;1;;;;;;Sí;;;;;
5216;cliente_0739@ejemplo.com;28/02/2025 17:52:00;Abierta;Recibido;Enviado;ARS;220000.0;65000.0;6666.99;161666.99;;;;;;;;;;Tres Arroyos;;Buenos Aires;Argentina;Punto de retiro;Mercado Pago;;;;28/02/2025;06/03/2025;Muestra 489 70/02 (S);65000;1;;Móvil;;;;Sí;;;;;
5216;cliente_0739@ejemplo.com;;;;;;;;;;;;;;;;;;;;;;;;;;;;;;Blazzer Carel Celeste 371 40/04 (M);90000;1;;;;;;Sí;;;;;
5216;cliente_0739@ejemplo.com;;;;;;;;;;;;;;;;;;;;;;;;;;;;;;Short Jackes 394 70/01 (S);65000;1;;;;;;Sí;;;;;
5213;cliente_1332@ejemplo.com;28/02/2025 10:56:31;Abierta;Recibido;Enviado;ARS;105000.0;0.0;7065.0;112065.0;;;;;;;;;;San Justo;;Gran Buenos Aires;Argentina;Correo Argentino Clasico - Envio a domicilio;Mercado Pago;;;;28/02/2025;28/02/2025;Madison 390 70/01 (L);105000;1;;Móvil;;;;Sí;;;;;
5212;cliente_0038@ejemplo.com;28/02/2025 09:37:36;Abierta;Recibido;Enviado;ARS;135000.0;0.0;4318.0;139318.0;;;;;;;;;;Quilmes;;Gran Buenos Aires;Argentina;Punto de retiro;Mercado Pago;;;;28/02/2025;28/02/2025;Vestido Zaira (Azul, L);135000;1;1780;Móvil;;;;Sí;;;;;
5211;cliente_1244@ejemplo.com;27/02/2025 23:09:23;Abierta;Recibido;Enviado;ARS;85000.0;0.0;8000.0;93000.0;;;;;;;;;;Capital Federal;;Capital Federal;Argentina;Envio en moto CABA;Mercado Pago;;;;27/02/2025;06/03/2025;Vestido Penelope - 107 20/03 (L);45000;1;;Móvil;;;;Sí;;;;;
5211;cliente_1244@ejemplo.com;;;;;;;;;;;;;;;;;;;;;;;;;;;;;;Falda Zoe 355 50/02 (L);40000;1;;;;;;Sí;;;;;
5210;cliente_1333@ejemplo.com;27/02/2025 20:03:52;Abierta;Recibido;Enviado;ARS;50000.0;0.0;9075.0;59075.0;;;;;;;;;;San Luis ;;San Luis;Argentina;Correo Argentino Clasico - Envio a domicilio;Mercado Pago;;;;27/02/2025;28/02/2025;Pantalón Fiona (XL);50000;1;;Móvil;;;;Sí;;;;;
5207;cliente_1317@ejemplo.com;27/02/2025 14:41:20;Abierta;Recibido;Enviado;ARS;461000.0;0.0;0.0;461000.0;;;;;;;;;;Tres de Frbrero;;Gran Buenos Aires;Argentina;Correo Argentino Clasico - Envio a domicilio;Mercado Pago;;;;27/02/2025;28/02/2025;Shor jackes 50 50/03 (L);20000;1;;Web;;;;Sí;;;;;
5207;cliente_1317@ejemplo.com;;;;;;;;;;;;;;;;;;;;;;;;;;;;;;Catsuit Olimpea 411 10/02 (L);55000;1;;;;;;Sí;;;;;
5207;cliente_1317@ejemplo.com;;;;;;;;;;;;;;;;;;;;;;;;;;;;;;Enterito Simona 415 80/03 (M);38000;1;;;;;;Sí;;;;;
5207;cliente_1317@ejemplo.com;;;;;;;;;;;;;;;;;;;;;;;;;;;;;;Catsuit Margot 417 10/04 (S);45000;1;;;;;;Sí;;;;;
5207;cliente_1317@ejemplo.com;;;;;;;;;;;;;;;;;;;;;;;;;;;;;;Enterito Simona 414 80/04 (M);38000;1;;;;;;Sí;;;;;
5207;cliente_1317@ejemplo.com;;;;;;;;;;;;;;;;;;;;;;;;;;;;;;Falda Zoe 359 50/03 (M);45000;1;;;;;;Sí;;;;;
5207;cliente_1317@ejemplo.com;;;;;;;;;;;;;;;;;;;;;;;;;;;;;;Vestido Zaira 28 20/02 (M);40000;1;;;;;;Sí;;;;;
5207;cliente_1317@ejemplo.com;;;;;;;;;;;;;;;;;;;;;;;;;;;;;;Vestido Jazmin 351 20/04 (S);35000;1;;;;;;Sí;;;;;
5207;cliente_1317@ejemplo.com;;;;;;;;;;;;;;;;;;;;;;;;;;;;;;Catsuit Venecia 304 10/03 (L);45000;1;;;;;;Sí;;;;;
5207;cliente_1317@ejemplo.com;;;;;;;;;;;;;;;;;;;;;;;;;;;;;;Vestido Cleo 333 20/03 (M);55000;1;;;;;;Sí;;;;;
5207;cliente_1317@ejemplo.com;;;;;;;;;;;;;;;;;;;;;;;;;;;;;;Corset Ambar 344 30/04 (XL);45000;1;;;;;;Sí;;;;;
5206;cliente_1334@ejemplo.com;27/02/2025 13:17:37;Abierta;Recibido;Enviado;ARS;35000.0;0.0;8372.01;43372.01;;;;;;;;;;Victoria ;;Entre Ríos;Argentina;Correo Argentino Clasico - Envio a domicilio;Mercado Pago;;;;27/02/2025;28/02/2025;Catsuit Charly Rosa 241 10/02 (L);35000;1;;Móvil;;;;Sí;;;;;
5205;cliente_0593@ejemplo.com;27/02/2025 12:31:23;Abierta;Recibido;Enviado;ARS;28000.0;0.0;4318.0;32318.0;;;;;;;;;;Lomas de Zamora;;Gran Buenos Aires;Argentina;Punto de retiro;Mercado Pago;;;;27/02/2025;28/02/2025;Catuits Fame 249 10/02 (S);28000;1;;Móvil;;;;Sí;;;;;
5204;cliente_1324@ejemplo.com;27/02/2025 00:17:39;Abierta;Recibido;Enviado;ARS;35000.0;0.0;4318.0;39318.0;;;;;;;;;;Lanus;;Gran Buenos Aires;Argentina;Punto de retiro;Mercado Pago;;;;27/02/2025;28/02/2025;Vestido Zaira 23 20/04 (XL);35000;1;;Móvil;;;;Sí;;;;;
5203;cliente_1335@ejemplo.com;26/02/2025 23:36:34;Abierta;Recibido;Enviado;ARS;170000.0;0.0;8372.01;178372.01;;;;;;;;;;Villa santa rosa;;Córdoba;Argentina;Correo Argentino Clasico - Envio a domicilio;Mercado Pago;;;;26/02/2025;28/02/2025;Vestido Pilcro (XL);170000;1;;Móvil;;;;Sí;;;;;
5201;cliente_1336@ejemplo.com;26/02/2025 19:11:47;Abierta;Recibido;Enviado;ARS;38000.0;0.0;8372.01;46372.01;;;;;;;;;;Bahia Blanca;;Buenos Aires;Argentina;Correo Argentino Clasico - Envio a domicilio;Mercado Pago;;;;26/02/2025;28/02/2025;Pantalon Richie 271 30/03 (42);38000;1;;Móvil;;;;Sí;;;;;
5200;cliente_1317@ejemplo.com;26/02/2025 15:41:32;Abierta;Recibido;Enviado;ARS;278000.0;0.0;0.0;278000.0;;;;;;;;;;Tres de Frbrero;;Gran Buenos Aires;Argentina;Correo Argentino Clasico - Envio a domicilio;Mercado Pago;;;;26/02/2025;28/02/2025;Pantalon Enzo 295 30/03 (40);40000;1;;Web;;;;Sí;;;;;
5200;cliente_1317@ejemplo.com;;;;;;;;;;;;;;;;;;;;;;;;;;;;;;Pantalon Fiona 284 30/02 (M);45000;1;;;;;;Sí;;;;;
5200;cliente_1317@ejemplo.com;;;;;;;;;;;;;;;;;;;;;;;;;;;;;;Vestido New Gardenia 199 20/03 (M);25000;1;;;;;;Sí;;;;;
5200;cliente_1317@ejemplo.com;;;;;;;;;;;;;;;;;;;;;;;;;;;;;;Vestido Many - 136 20/04 (M);45000;1;;;;;;Sí;;;;;
5200;cliente_1317@ejemplo.com;;;;;;;;;;;;;;;;;;;;;;;;;;;;;;Pantalon Louis 266 30/04 (40);28000;1;;;;;;Sí;;;;;
5200;cliente_1317@ejemplo.com;;;;;;;;;;;;;;;;;;;;;;;;;;;;;;Pantalon Louis 264 30/03 (40);32000;1;;;;;;Sí;;;;;
5200;cliente_1317@ejemplo.com;;;;;;;;;;;;;;;;;;;;;;;;;;;;;;Vestido New Gardenia 251 20/03 (M);25000;1;;;;;;Sí;;;;;
5200;cliente_1317@ejemplo.com;;;;;;;;;;;;;;;;;;;;;;;;;;;;;;Catsuit Vito 238 10/04 (M);38000;1;;;;;;Sí;;;;;
5198;cliente_1337@ejemplo.com;26/02/2025 13:48:06;Abierta;Recibido;Enviado;ARS;55000.0;0.0;4318.0;59318.0;;;;;;;;;;Pilar;;Gran Buenos Aires;Argentina;Punto de retiro;Mercado Pago;;;;26/02/2025;28/02/2025;Overall jesi 229 10/03 (L);55000;1;;Móvil;;;;Sí;;;;;
5197;cliente_1338@ejemplo.com;26/02/2025 12:28:14;Abierta;Recibido;Enviado;ARS;100000.0;0.0;7496.0;107496.0;;;;;;;;;;San Miguel de Tucumán;;Tucumán;Argentina;Punto de retiro;Mercado Pago;;;;26/02/2025;28/02/2025;Pantalon Louis 267 30/04 (46);30000;1;;Web;;;;Sí;;;;;
5197;cliente_1338@ejemplo.com;;;;;;;;;;;;;;;;;;;;;;;;;;;;;;Pantalon Enzo 293 30/03 (46);40000;1;;;;;;Sí;;;;;
5197;cliente_1338@ejemplo.com;;;;;;;;;;;;;;;;;;;;;;;;;;;;;;Pantalon Richie 276 30/02 (46);30000;1;;;;;;Sí;;;;;
5196;cliente_1339@ejemplo.com;26/02/2025 10:16:55;Abierta;Recibido;Enviado;ARS;80000.0;0.0;4591.0;84591.0;;;;;;;;;;Moron;;Gran Buenos Aires;Argentina;Punto de retiro;Mercado Pago;;;;26/02/2025;28/02/2025;Vestido Penelope - 112 20/04 (XL);45000;1;;Móvil;;;;Sí;;;;;
5196;cliente_1339@ejemplo.com;;;;;;;;;;;;;;;;;;;;;;;;;;;;;;Vestido Zaira 17 20/04 (XL);35000;1;;;;;;Sí;;;;;
5193;cliente_1340@ejemplo.com;26/02/2025 08:27:04;Abierta;Recibido;Enviado;ARS;290000.0;0.0;0.0;290000.0;;;;;;;;;;Bahia Blanca;;Buenos Aires;Argentina;Punto de retiro;Mercado Pago;;;;26/02/2025;28/02/2025;Short Jackes (M, Azul);80000;1;;Móvil;;;;Sí;;;;;
5193;cliente_1340@ejemplo.com;;;;;;;;;;;;;;;;;;;;;;;;;;;;;;Campera Xuxa (S);210000;1;;;;;;Sí;;;;;
5192;cliente_1341@ejemplo.com;26/02/2025 02:39:33;Abierta;Recibido;Enviado;ARS;48000.0;0.0;5715.0;53715.0;;;;;;;;;;Godoy Cruz ;;Mendoza;Argentina;Punto de retiro;Transferencia o depósito bancario;;;;26/02/2025;28/02/2025;Vestido Mandy - 119 20/03 (M);48000;1;;Móvil;;;;Sí;;;;;
5191;cliente_0044@ejemplo.com;26/02/2025 01:32:50;Abierta;Recibido;Enviado;ARS;30000.0;0.0;8372.01;38372.01;;;;;;;;;;Bigand;;Santa Fe;Argentina;Correo Argentino Clasico - Envio a domicilio;Mercado Pago;;;;26/02/2025;28/02/2025;Pantalon Richie 277 30/02 (42);30000;1;;Móvil;;;;Sí;;;;;
5190;cliente_0522@ejemplo.com;26/02/2025 00:13:39;Abierta;Recibido;Enviado;ARS;45000.0;0.0;4318.0;49318.0;;;;;;;;;;Capital Federal;;Capital Federal;Argentina;Punto de retiro;Mercado Pago;;;;26/02/2025;28/02/2025;Pantalon Zara Acid 296 30/04 (44);45000;1;;Móvil;;;;Sí;;;;;
5189;cliente_1317@ejemplo.com;25/02/2025 23:50:26;Abierta;Recibido;Enviado;ARS;429000.0;0.0;0.0;429000.0;;;;;;;;;;Tres de Frbrero;;Gran Buenos Aires;Argentina;Correo Argentino Clasico - Envio a domicilio;Mercado Pago;;;;25/02/2025;28/02/2025;Vestido Cala - 144 20/04 (M);20000;1;;Web;;;;Sí;;;;;
5189;cliente_1317@ejemplo.com;;;;;;;;;;;;;;;;;;;;;;;;;;;;;;Vestido Zaira 31 20/02 (S);38000;1;;;;;;Sí;;;;;
5189;cliente_1317@ejemplo.com;;;;;;;;;;;;;;;;;;;;;;;;;;;;;;Pantalon Enzo 292 30/03 (44);40000;1;;;;;;Sí;;;;;
5189;cliente_1317@ejemplo.com;;;;;;;;;;;;;;;;;;;;;;;;;;;;;;Vestido Gaia 193 20/04 (S);20000;1;;;;;;Sí;;;;;
5189;cliente_1317@ejemplo.com;;;;;;;;;;;;;;;;;;;;;;;;;;;;;;Pantalon Calix 289 30/03 (42);50000;1;;;;;;Sí;;;;;
5189;cliente_1317@ejemplo.com;;;;;;;;;;;;;;;;;;;;;;;;;;;;;;Pantalon Calix 290 30/03 (44);40000;1;;;;;;Sí;;;;;
5189;cliente_1317@ejemplo.com;;;;;;;;;;;;;;;;;;;;;;;;;;;;;;Vestido Zaira 2 20/03 (M);35000;1;;;;;;Sí;;;;;
5189;cliente_1317@ejemplo.com;;;;;;;;;;;;;;;;;;;;;;;;;;;;;;Catsuits Virna 213 10/03 (XL);38000;1;;;;;;Sí;;;;;
5189;cliente_1317@ejemplo.com;;;;;;;;;;;;;;;;;;;;;;;;;;;;;;New Taylor 222 10/04 (M);55000;1;;;;;;Sí;;;;;
5189;cliente_1317@ejemplo.com;;;;;;;;;;;;;;;;;;;;;;;;;;;;;;Pantalon Richie 270 30/02 (44);38000;1;;;;;;Sí;;;;;
5189;cliente_1317@ejemplo.com;;;;;;;;;;;;;;;;;;;;;;;;;;;;;;Catsuit Venecia 302 10/02 (M);55000;1;;;;;;Sí;;;;;
5187;cliente_1342@ejemplo.com;25/02/2025 19:54:23;Abierta;Recibido;Enviado;ARS;105000.0;0.0;6575.0;111575.0;;;;;;;;;;Chilecito;;La Rioja;Argentina;Punto de retiro;Mercado Pago;;;;25/02/2025;28/02/2025;Tunica Natasha- 162 20/04 (L);50000;1;;Móvil;;;;Sí;;;;;
5187;cliente_1342@ejemplo.com;;;;;;;;;;;;;;;;;;;;;;;;;;;;;;Overall jesi 228 10/03 (XL);55000;1;;;;;;Sí;;;;;
5186;cliente_1343@ejemplo.com;25/02/2025 15:10:48;Abierta;Recibido;Enviado;ARS;60000.0;0.0;5241.0;65241.0;;;;;;;;;;Realico;;La Pampa;Argentina;Punto de retiro;Mercado Pago;;;;25/02/2025;28/02/2025;Tunica Natasha - 160 20/03 (M);60000;1;;Móvil;;;;Sí;;;;;
5185;cliente_1344@ejemplo.com;25/02/2025 09:54:17;Abierta;Recibido;Enviado;ARS;152000.0;0.0;5948.0;157948.0;;;;;;;;;;Deseado;;Santa Cruz;Argentina;Punto de retiro;Mercado Pago;;;;25/02/2025;25/02/2025;Ornella (L);152000;1;;Móvil;;;;Sí;;;;;
5184;cliente_1345@ejemplo.com;24/02/2025 22:24:52;Abierta;Recibido;Enviado;ARS;265000.0;0.0;0.0;265000.0;;;;;;;;;;Capital Federal;;Capital Federal;Argentina;Correo Argentino Clasico - Envio a domicilio;Mercado Pago;;;;24/02/2025;25/02/2025;Vestido Isabella 184 20/03 (M);45000;1;;Móvil;;;;Sí;;;;;
5184;cliente_1345@ejemplo.com;;;;;;;;;;;;;;;;;;;;;;;;;;;;;;Vestido Rache 500 20/03 (M);75000;1;;;;;;Sí;;;;;
5184;cliente_1345@ejemplo.com;;;;;;;;;;;;;;;;;;;;;;;;;;;;;;Pantalon Fiona 286 30/03 (S);40000;1;;;;;;Sí;;;;;
5184;cliente_1345@ejemplo.com;;;;;;;;;;;;;;;;;;;;;;;;;;;;;;Pantalon Arlet 283 30/03 (44);60000;1;;;;;;Sí;;;;;
5184;cliente_1345@ejemplo.com;;;;;;;;;;;;;;;;;;;;;;;;;;;;;;Vestido Cristal 179 20/03 (S);45000;1;;;;;;Sí;;;;;
5183;cliente_1287@ejemplo.com;24/02/2025 14:49:55;Abierta;Recibido;Enviado;ARS;40000.0;0.0;5241.0;45241.0;;;;;;;;;;La Capital;;Santa Fe;Argentina;Punto de retiro;Mercado Pago;;;;24/02/2025;25/02/2025;Vestido Gaia 195 20/04 (S);40000;1;;Móvil;;;;Sí;;;;;
5182;cliente_1243@ejemplo.com;24/02/2025 13:33:41;Abierta;Recibido;Enviado;ARS;170000.0;0.0;9075.0;179075.0;;;;;;;;;;Capital ;;Catamarca;Argentina;Correo Argentino Clasico - Envio a domicilio;Mercado Pago;;;;24/02/2025;25/02/2025;Madison (XL);170000;1;;Móvil;;;;Sí;;;;;
5181;cliente_0755@ejemplo.com;23/02/2025 22:41:41;Abierta;Recibido;Enviado;ARS;110000.0;0.0;5715.0;115715.0;;;;;;;;;;La Capital;;San Luis;Argentina;Punto de retiro;Mercado Pago;;;;23/02/2025;25/02/2025;Angelina (M);110000;1;;Móvil;;;;Sí;;;;;
5179;cliente_1346@ejemplo.com;23/02/2025 16:06:03;Abierta;Recibido;Enviado;ARS;170000.0;0.0;4318.0;174318.0;;;;;;;;;;Capital Federal;;Capital Federal;Argentina;Punto de retiro;Transferencia o depósito bancario;;;;24/02/2025;25/02/2025;Vestido Pilcro (L);170000;1;;Móvil;;;;Sí;;;;;
5178;cliente_0589@ejemplo.com;23/02/2025 16:04:43;Abierta;Recibido;Enviado;ARS;75000.0;0.0;4318.0;79318.0;;;;;;;;;;Vicente López;;Gran Buenos Aires;Argentina;Punto de retiro;Mercado Pago;;;;23/02/2025;25/02/2025;Olivia (L);75000;1;;Móvil;;;;Sí;;;;;
5177;cliente_1347@ejemplo.com;23/02/2025 14:35:52;Abierta;Recibido;Enviado;ARS;85000.0;0.0;9075.0;94075.0;;;;;;;;;;San Juan ;;San Juan;Argentina;Correo Argentino Clasico - Envio a domicilio;Mercado Pago;;;;23/02/2025;25/02/2025;Vestido Nadine - 132 20/03 (L);85000;1;;Móvil;;;;Sí;;;;;
5175;cliente_0292@ejemplo.com;23/02/2025 12:37:23;Abierta;Recibido;Enviado;ARS;80000.0;0.0;9139.0;89139.0;;;;;;;;;;Rio gallegos ;;Santa Cruz;Argentina;Correo Argentino Clasico - Envio a domicilio;Mercado Pago;;;;23/02/2025;25/02/2025;Vestido Zelda - 122 20/03 (S);80000;1;;Móvil;;;;Sí;;;;;
5174;cliente_1338@ejemplo.com;23/02/2025 12:00:21;Abierta;Recibido;Enviado;ARS;113000.0;0.0;6575.0;119575.0;;;;;;;;;;San Miguel de Tucumán;;Tucumán;Argentina;Punto de retiro;Mercado Pago;;;;23/02/2025;26/02/2025;Vestido Ashlyn 189 20/03 (XL);45000;1;;Móvil;;;;Sí;;;;;
5174;cliente_1338@ejemplo.com;;;;;;;;;;;;;;;;;;;;;;;;;;;;;;Overall Jesi 230 10/04 (XL);68000;1;;;;;;Sí;;;;;
5173;cliente_1348@ejemplo.com;23/02/2025 11:45:44;Abierta;Recibido;Enviado;ARS;150000.0;0.0;4591.0;154591.0;;;;;;;;;;Avellaneda;;Gran Buenos Aires;Argentina;Punto de retiro;Transferencia o depósito bancario;;;;24/02/2025;25/02/2025;Vestido Koko (XL);150000;1;1662;Móvil;;;;Sí;;;;;
5172;cliente_1349@ejemplo.com;22/02/2025 23:25:16;Abierta;Recibido;Enviado;ARS;154000.0;0.0;9356.0;163356.0;;;;;;;;;;Chos Malal;;Neuquén;Argentina;Correo Argentino Clasico - Envio a domicilio;Mercado Pago;;;;22/02/2025;25/02/2025;Catsuit Helen (L);75000;1;1645;Móvil;;;;Sí;;;;;
5172;cliente_1349@ejemplo.com;;;;;;;;;;;;;;;;;;;;;;;;;;;;;;Isabella (L);79000;1;;;;;;Sí;;;;;
5171;cliente_1328@ejemplo.com;22/02/2025 21:25:44;Abierta;Recibido;Enviado;ARS;260000.0;0.0;0.0;260000.0;;;;;;;;;;Córdoba ;;Córdoba;Argentina;Correo Argentino Clasico - Envio a domicilio;Transferencia o depósito bancario;;;;23/02/2025;25/02/2025;Catsuit Helen (L);75000;1;1645;Móvil;;;;Sí;;;;;
5171;cliente_1328@ejemplo.com;;;;;;;;;;;;;;;;;;;;;;;;;;;;;;Catsuit Fame (L);72000;1;;;;;;Sí;;;;;
5171;cliente_1328@ejemplo.com;;;;;;;;;;;;;;;;;;;;;;;;;;;;;;Vestido Isabella 182 20/03 (L);45000;1;;;;;;Sí;;;;;
5171;cliente_1328@ejemplo.com;;;;;;;;;;;;;;;;;;;;;;;;;;;;;;Overall Jesi 227 10/02 (XL);68000;1;;;;;;Sí;;;;;
5170;cliente_1300@ejemplo.com;22/02/2025 15:59:16;Abierta;Recibido;Enviado;ARS;170000.0;0.0;5241.0;175241.0;;;;;;;;;;Rosario;;Santa Fe;Argentina;Punto de retiro;Mercado Pago;;;;22/02/2025;25/02/2025;Overall Makena (Azul, S);170000;1;;Móvil;;;;Sí;;;;;
5168;cliente_0982@ejemplo.com;22/02/2025 06:40:14;Abierta;Recibido;Enviado;ARS;170000.0;0.0;4318.0;174318.0;;;;;;;;;;Capital Federal;;Capital Federal;Argentina;Punto de retiro;Mercado Pago;;;;22/02/2025;25/02/2025;Vestido Pilcro (L);170000;1;;Móvil;;;;Sí;;;;;
5167;cliente_0375@ejemplo.com;21/02/2025 20:52:16;Abierta;Recibido;Enviado;ARS;147000.0;0.0;8000.0;155000.0;;;;;;;;;;Capital Federal;;Capital Federal;Argentina;Envio en moto CABA;Mercado Pago;;;;21/02/2025;26/02/2025;Catsuit Fame (XL);72000;1;;Móvil;;;;Sí;;;;;
5167;cliente_0375@ejemplo.com;;;;;;;;;;;;;;;;;;;;;;;;;;;;;;Catsuit Charly beige (XL);75000;1;;;;;;Sí;;;;;
5166;cliente_1350@ejemplo.com;21/02/2025 16:04:19;Abierta;Recibido;Enviado;ARS;75000.0;0.0;6077.0;81077.0;;;;;;;;;;Río Cuarto;;Córdoba;Argentina;Punto de retiro;Mercado Pago;;;;21/02/2025;25/02/2025;Vestido Gigi - 150 20/03 (S);30000;1;;Móvil;;;;Sí;;;;;
5166;cliente_1350@ejemplo.com;;;;;;;;;;;;;;;;;;;;;;;;;;;;;;Vestido Cristal 180 20/04 (S);45000;1;;;;;;Sí;;;;;
5165;cliente_1351@ejemplo.com;21/02/2025 15:00:27;Abierta;Recibido;Enviado;ARS;80750.0;0.0;9581.0;90331.0;;;;;;;;;;Tres de Febrero;;Gran Buenos Aires;Argentina;Correo Argentino Clasico - Envio a domicilio;Mercado Pago;;;;21/02/2025;25/02/2025;Enzo (40);80750;1;1748;Web;;;;Sí;;;;;
5164;cliente_0473@ejemplo.com;21/02/2025 00:57:59;Abierta;Recibido;Enviado;ARS;130000.0;0.0;7051.0;137051.0;;;;;;;;;;Escalante;;Chubut;Argentina;Punto de retiro;Mercado Pago;;;;21/02/2025;21/02/2025;Catsuits Virna 215 10/03 (XL);65000;1;;Web;;;;Sí;;;;;
5164;cliente_0473@ejemplo.com;;;;;;;;;;;;;;;;;;;;;;;;;;;;;;Vestido Zaira 9 20/04 (XL);65000;1;;;;;;Sí;;;;;
5163;cliente_0485@ejemplo.com;20/02/2025 20:07:47;Abierta;Recibido;Enviado;ARS;65000.0;0.0;4318.0;69318.0;;;;;;;;;;Lanus;;Gran Buenos Aires;Argentina;Punto de retiro;Mercado Pago;;;;20/02/2025;21/02/2025;Catsuits Vito 218 10/03 (M);65000;1;;Móvil;;;;Sí;;;;;
5162;cliente_1332@ejemplo.com;20/02/2025 14:37:23;Abierta;Recibido;Enviado;ARS;175000.0;0.0;7065.0;182065.0;;;;;;;;;;San Justo;;Gran Buenos Aires;Argentina;Correo Argentino Clasico - Envio a domicilio;Mercado Pago;;;;20/02/2025;21/02/2025;New Taylor (L);175000;1;;Móvil;;;;Sí;;;;;
5161;cliente_0845@ejemplo.com;20/02/2025 12:50:27;Abierta;Recibido;Enviado;ARS;135000.0;0.0;7065.0;142065.0;;;;;;;;;;Pilar del este;;Gran Buenos Aires;Argentina;Correo Argentino Clasico - Envio a domicilio;Mercado Pago;;;;20/02/2025;21/02/2025;Vestido Zaira (Azul, M);135000;1;1780;Móvil;;;;Sí;;;;;
5160;cliente_1352@ejemplo.com;20/02/2025 12:10:49;Abierta;Recibido;Enviado;ARS;170000.0;0.0;9075.0;179075.0;;;;;;;;;;Aluminé ;;Neuquén;Argentina;Correo Argentino Clasico - Envio a domicilio;Mercado Pago;;;;20/02/2025;21/02/2025;Catsuits Jana (M);170000;1;;Móvil;;;;Sí;;;;;
5158;cliente_1310@ejemplo.com;20/02/2025 10:47:15;Abierta;Recibido;Enviado;ARS;105000.0;0.0;4591.0;109591.0;;;;;;;;;;Capital Federal;;Capital Federal;Argentina;Punto de retiro;Mercado Pago;;;;20/02/2025;21/02/2025;Vestido Cala- 145 20/03 (S);45000;1;;Web;;;;Sí;;;;;
5158;cliente_1310@ejemplo.com;;;;;;;;;;;;;;;;;;;;;;;;;;;;;;Vestido Keaton - 130 20/03 (S);60000;1;;;;;;Sí;;;;;
5157;cliente_1353@ejemplo.com;19/02/2025 23:09:29;Abierta;Recibido;Enviado;ARS;60000.0;0.0;7065.0;67065.0;;;;;;;;;;Pilar;;Gran Buenos Aires;Argentina;Correo Argentino Clasico - Envio a domicilio;Mercado Pago;;;;19/02/2025;20/02/2025;Vestido Juliette - 137 20/03 (M);60000;1;;Móvil;;;;Sí;;;;;
5156;cliente_1354@ejemplo.com;19/02/2025 22:21:59;Abierta;Recibido;Enviado;ARS;120000.0;0.0;8000.0;128000.0;;;;;;;;;;Capital Federal;;Capital Federal;Argentina;Envio en moto CABA;Mercado Pago;;;;19/02/2025;26/02/2025;Vestido Jazmin - 147 20/01 (S);40000;1;;Móvil;;;;Sí;;;;;
5156;cliente_1354@ejemplo.com;;;;;;;;;;;;;;;;;;;;;;;;;;;;;;Vestido Zelda - 121 20/02 (M);80000;1;;;;;;Sí;;;;;
5155;cliente_0739@ejemplo.com;19/02/2025 21:41:46;Abierta;Recibido;Enviado;ARS;130000.0;0.0;6077.0;136077.0;;;;;;;;;;Tres Arroyos;;Buenos Aires;Argentina;Punto de retiro;Mercado Pago;;;;19/02/2025;20/02/2025;Vestido Chanel - 143 20/02 (S);65000;1;;Móvil;;;;Sí;;;;;
5155;cliente_0739@ejemplo.com;;;;;;;;;;;;;;;;;;;;;;;;;;;;;;Vestido Zaira 6 20/04 (S);65000;1;;;;;;Sí;;;;;
5154;cliente_1355@ejemplo.com;19/02/2025 21:03:32;Abierta;Recibido;Enviado;ARS;65000.0;0.0;4318.0;69318.0;;;;;;;;;;José Clemente Paz;;Gran Buenos Aires;Argentina;Punto de retiro;Mercado Pago;;;;19/02/2025;20/02/2025;Vestido Zaira 21 20/04 (XL);65000;1;;Móvil;;;;Sí;;;;;
5153;cliente_1356@ejemplo.com;19/02/2025 20:40:48;Abierta;Recibido;Enviado;ARS;174000.0;0.0;4591.0;178591.0;;;;;;;;;;Vicente López;;Gran Buenos Aires;Argentina;Punto de retiro;Mercado Pago;;;;19/02/2025;20/02/2025;Short Jackes 50 43/04 (XL);56000;1;;Móvil;;;;Sí;;;;;
5153;cliente_1356@ejemplo.com;;;;;;;;;;;;;;;;;;;;;;;;;;;;;;Vestido Olivia - 124 20/04 (XL);58000;1;;;;;;Sí;;;;;
5153;cliente_1356@ejemplo.com;;;;;;;;;;;;;;;;;;;;;;;;;;;;;;Vestido Keaton - 129 20/02 (XL);60000;1;;;;;;Sí;;;;;
5152;cliente_0699@ejemplo.com;19/02/2025 19:58:10;Abierta;Recibido;Enviado;ARS;75000.0;0.0;4318.0;79318.0;;;;;;;;;;San Miguel;;Gran Buenos Aires;Argentina;Punto de retiro;Mercado Pago;;;;19/02/2025;20/02/2025;Virna (L);75000;1;;Móvil;;;;Sí;;;;;
5151;cliente_1357@ejemplo.com;19/02/2025 19:31:16;Abierta;Recibido;Enviado;ARS;90000.0;0.0;5241.0;95241.0;;;;;;;;;;General San Martin;;Córdoba;Argentina;Punto de retiro;Mercado Pago;;;;19/02/2025;20/02/2025;New Taylor 223 10/02 (M);90000;1;223 10/02;Móvil;;;;Sí;;;;;
5149;cliente_0974@ejemplo.com;19/02/2025 17:04:10;Abierta;Recibido;Enviado;ARS;50000.0;0.0;4318.0;54318.0;;;;;;;;;;Campana;;Buenos Aires;Argentina;Punto de retiro;Transferencia o depósito bancario;;;;20/02/2025;20/02/2025;Pantalón Fiona (XL);50000;1;;Móvil;;;;Sí;;;;;
5148;cliente_1358@ejemplo.com;19/02/2025 14:34:43;Abierta;Recibido;Enviado;ARS;45000.0;0.0;4318.0;49318.0;;;;;;;;;;Capital Federal;;Capital Federal;Argentina;Punto de retiro;Mercado Pago;;;;19/02/2025;20/02/2025;Vestido Ashlyn 190 20/02 (L);45000;1;;Móvil;;;;Sí;;;;;
5146;cliente_1237@ejemplo.com;19/02/2025 08:56:14;Abierta;Recibido;Enviado;ARS;290000.0;0.0;0.0;290000.0;;;;;;;;;;Bolivar;;Buenos Aires;Argentina;Correo Argentino Clasico - Envio a domicilio;Mercado Pago;;;;19/02/2025;20/02/2025;Short Jackes (M, Azul);80000;1;;Móvil;;;;Sí;;;;;
5146;cliente_1237@ejemplo.com;;;;;;;;;;;;;;;;;;;;;;;;;;;;;;Campera Xuxa (L);210000;1;;;;;;Sí;;;;;
5144;cliente_1359@ejemplo.com;18/02/2025 22:51:47;Abierta;Recibido;Enviado;ARS;314000.0;0.0;0.0;314000.0;;;;;;;;;;San Nicolás ;;Buenos Aires;Argentina;Correo Argentino Clasico - Envio a domicilio;Mercado Pago;;;;18/02/2025;20/02/2025;Giuli (S);39000;1;;Móvil;;;;Sí;;;;;
5144;cliente_1359@ejemplo.com;;;;;;;;;;;;;;;;;;;;;;;;;;;;;;Vestido Zaira (Azul, S);135000;1;1780;;;;;Sí;;;;;
5144;cliente_1359@ejemplo.com;;;;;;;;;;;;;;;;;;;;;;;;;;;;;;Francesca (S);140000;1;;;;;;Sí;;;;;
5143;cliente_1293@ejemplo.com;18/02/2025 22:07:27;Abierta;Recibido;Enviado;ARS;43000.0;0.0;4318.0;47318.0;;;;;;;;;;Capital Federal;;Capital Federal;Argentina;Punto de retiro;Mercado Pago;;;;18/02/2025;20/02/2025;New Magnolia (S);43000;1;;Móvil;;;;Sí;;;;;
5142;cliente_1360@ejemplo.com;18/02/2025 18:42:57;Abierta;Recibido;Enviado;ARS;79000.0;0.0;9139.0;88139.0;;;;;;;;;;San Pedro;;Jujuy;Argentina;Correo Argentino Clasico - Envio a domicilio;Mercado Pago;;;;18/02/2025;20/02/2025;Louis (46);79000;1;;Móvil;;;;Sí;;;;;
5141;cliente_0447@ejemplo.com;18/02/2025 15:40:58;Abierta;Recibido;Enviado;ARS;39000.0;0.0;8372.01;47372.01;;;;;;;;;;Villaguay ;;Entre Ríos;Argentina;Correo Argentino Clasico - Envio a domicilio;Mercado Pago;;;;18/02/2025;20/02/2025;Giuli (S);39000;1;;Móvil;;;;Sí;;;;;
5140;cliente_1361@ejemplo.com;18/02/2025 15:05:46;Abierta;Recibido;Enviado;ARS;210000.0;0.0;8000.0;218000.0;;;;;;;;;;Capital Federal;;Capital Federal;Argentina;Envio en moto CABA;Mercado Pago;;;;18/02/2025;21/02/2025;Campera Xuxa (M);210000;1;;Web;;;;Sí;;;;;
5139;cliente_1362@ejemplo.com;18/02/2025 09:33:46;Abierta;Recibido;Enviado;ARS;79000.0;0.0;5241.0;84241.0;;;;;;;;;;Concordia;;Entre Ríos;Argentina;Punto de retiro;Mercado Pago;;;;18/02/2025;20/02/2025;Louis (42);79000;1;;Móvil;;;;Sí;;;;;
5137;cliente_0894@ejemplo.com;17/02/2025 10:07:10;Abierta;Recibido;Enviado;ARS;150000.0;0.0;8606.0;158606.0;;;;;;;;;;Pilar.dpto rio segundo. Cordoba;;Córdoba;Argentina;Correo Argentino Clasico - Envio a domicilio;Mercado Pago;;;;17/02/2025;20/02/2025;Vestido Koko (XL);150000;1;1662;Móvil;;;;Sí;;;;;
5136;cliente_1363@ejemplo.com;17/02/2025 10:01:03;Abierta;Recibido;Enviado;ARS;210000.0;0.0;4318.0;214318.0;;;;;;;;;;Lanus;;Gran Buenos Aires;Argentina;Punto de retiro;Transferencia o depósito bancario;;;;18/02/2025;20/02/2025;Campera Xuxa (L);210000;1;;Móvil;;;;Sí;;;;;
5135;cliente_0977@ejemplo.com;16/02/2025 23:38:46;Abierta;Recibido;Enviado;ARS;88000.0;0.0;4591.0;92591.0;;;;;;;;;;Ezeiza;;Gran Buenos Aires;Argentina;Punto de retiro;Mercado Pago;;;;16/02/2025;18/02/2025;New Magnolia (S);43000;1;;Móvil;;;;Sí;;;;;
5135;cliente_0977@ejemplo.com;;;;;;;;;;;;;;;;;;;;;;;;;;;;;;Lotus (S);45000;1;1677;;;;;Sí;;;;;
5134;cliente_1364@ejemplo.com;16/02/2025 20:14:48;Abierta;Recibido;Enviado;ARS;243750.0;0.0;19707.0;263457.0;;;;;;;;;;Tucumán ;;Tucumán;Argentina;Correo Argentino Clasico - Envio a domicilio;Mercado Pago;;;;16/02/2025;18/02/2025;Enzo (40);80750;1;1748;Móvil;;;;Sí;;;;;
5134;cliente_1364@ejemplo.com;;;;;;;;;;;;;;;;;;;;;;;;;;;;;;Arlet (42);95000;1;1762;;;;;Sí;;;;;
5134;cliente_1364@ejemplo.com;;;;;;;;;;;;;;;;;;;;;;;;;;;;;;Idole (L);68000;1;;;;;;Sí;;;;;
5133;cliente_1365@ejemplo.com;16/02/2025 13:33:14;Abierta;Recibido;Enviado;ARS;100000.0;0.0;5241.0;105241.0;;;;;;;;;;Paraná;;Entre Ríos;Argentina;Punto de retiro;Mercado Pago;;;;16/02/2025;18/02/2025;Túnica Natasha (L);100000;1;;Móvil;;;;Sí;;;;;
5132;cliente_1366@ejemplo.com;16/02/2025 12:32:54;Abierta;Recibido;Enviado;ARS;135000.0;0.0;7065.0;142065.0;;;;;;;;;;Lomas de Zamora;;Gran Buenos Aires;Argentina;Correo Argentino Clasico - Envio a domicilio;Mercado Pago;;;;16/02/2025;18/02/2025;Marilyn (S);135000;1;;Móvil;;;;Sí;;;;;
5131;cliente_1367@ejemplo.com;16/02/2025 12:32:52;Abierta;Recibido;Enviado;ARS;67500.0;0.0;8372.01;75872.01;;;;;;;;;;Mar del Plata ;;Buenos Aires;Argentina;Correo Argentino Clasico - Envio a domicilio;Mercado Pago;;;;16/02/2025;18/02/2025;Virna (L);67500;1;;Móvil;;;;Sí;;;;;
5128;cliente_1368@ejemplo.com;14/02/2025 13:23:15;Abierta;Recibido;Enviado;ARS;67500.0;0.0;7065.0;74565.0;;;;;;;;;;Capital Federal;;Capital Federal;Argentina;Correo Argentino Clasico - Envio a domicilio;Mercado Pago;;;;14/02/2025;14/02/2025;Catsuit Fame (M);67500;1;;Móvil;;;;Sí;;;;;
5127;cliente_1369@ejemplo.com;14/02/2025 09:51:36;Abierta;Recibido;Enviado;ARS;170000.0;0.0;5715.0;175715.0;;;;;;;;;;Confluencia;;Neuquén;Argentina;Punto de retiro;Mercado Pago;;;;14/02/2025;14/02/2025;Vestido Pilcro (L);170000;1;;Móvil;;;;Sí;;;;;
5126;cliente_1370@ejemplo.com;13/02/2025 21:23:32;Abierta;Recibido;Enviado;ARS;152000.0;0.0;8372.01;160372.01;;;;;;;;;;Pueblo: Macachín la Pampa ;;La Pampa;Argentina;Correo Argentino Clasico - Envio a domicilio;Mercado Pago;;;;13/02/2025;14/02/2025;Ornella (L);152000;1;;Móvil;;;;Sí;;;;;
5125;cliente_1371@ejemplo.com;13/02/2025 15:23:16;Abierta;Recibido;Enviado;ARS;135000.0;0.0;8372.01;143372.01;;;;;;;;;;San Jeronimo Norte;;Santa Fe;Argentina;Correo Argentino Clasico - Envio a domicilio;Mercado Pago;;;;13/02/2025;14/02/2025;Vestido Zaira (Azul, M);135000;1;1780;Móvil;;;;Sí;;;;;
5124;cliente_1372@ejemplo.com;13/02/2025 00:40:53;Abierta;Recibido;Enviado;ARS;39000.0;0.0;8372.01;47372.01;;;;;;;;;;Córdoba;;Córdoba;Argentina;Correo Argentino Clasico - Envio a domicilio;Mercado Pago;;;;13/02/2025;14/02/2025;Giuli (L);39000;1;;Móvil;;;;Sí;;;;;
5122;cliente_1373@ejemplo.com;12/02/2025 23:00:41;Abierta;Recibido;Enviado;ARS;150000.0;0.0;4591.0;154591.0;;;;;;;;;;Campana;;Buenos Aires;Argentina;Punto de retiro;Mercado Pago;;;;12/02/2025;14/02/2025;Vestido Koko (M);150000;1;1662;Móvil;;;;Sí;;;;;
5121;cliente_1374@ejemplo.com;12/02/2025 18:44:56;Abierta;Recibido;Enviado;ARS;175000.0;0.0;7704.0;182704.0;;;;;;;;;;Juan Maria Gutierrez;;Gran Buenos Aires;Argentina;Correo Argentino Clasico - Envio a domicilio;Mercado Pago;;;;12/02/2025;14/02/2025;Arlet (46);95000;1;1762;Móvil;;;;Sí;;;;;
5121;cliente_1374@ejemplo.com;;;;;;;;;;;;;;;;;;;;;;;;;;;;;;Naomi (46);80000;1;1781;;;;;Sí;;;;;
5120;cliente_1375@ejemplo.com;12/02/2025 16:47:50;Abierta;Recibido;Enviado;ARS;80000.0;0.0;5715.0;85715.0;;;;;;;;;;Tafí Viejo;;Tucumán;Argentina;Punto de retiro;Mercado Pago;;;;12/02/2025;14/02/2025;Irina (M);80000;1;;Móvil;;;;Sí;;;;;
5119;cliente_1376@ejemplo.com;12/02/2025 13:54:28;Abierta;Recibido;Enviado;ARS;205000.0;0.0;8606.0;213606.0;;;;;;;;;;San jose;;Entre Ríos;Argentina;Correo Argentino Clasico - Envio a domicilio;Mercado Pago;;;;12/02/2025;14/02/2025;Catsuit Helen (L);120000;1;1645;Móvil;;;;Sí;;;;;
5119;cliente_1376@ejemplo.com;;;;;;;;;;;;;;;;;;;;;;;;;;;;;;Catsuit Olimpea (L);85000;1;1728;;;;;Sí;;;;;
5118;cliente_1377@ejemplo.com;12/02/2025 10:55:51;Abierta;Recibido;Enviado;ARS;135000.0;0.0;9075.0;144075.0;;;;;;;;;;San Miguel de Tucumán;;Tucumán;Argentina;Correo Argentino Clasico - Envio a domicilio;Mercado Pago;;;;12/02/2025;14/02/2025;Fini (XL);135000;1;;Móvil;;;;Sí;;;;;
5117;cliente_1378@ejemplo.com;12/02/2025 08:25:14;Abierta;Recibido;Enviado;ARS;100000.0;0.0;4318.0;104318.0;;;;;;;;;;Quilmes;;Gran Buenos Aires;Argentina;Punto de retiro;Mercado Pago;;;;12/02/2025;12/02/2025;Vestido Cristal (L);100000;1;;Móvil;;;;Sí;;;;;
5116;cliente_1379@ejemplo.com;11/02/2025 20:01:15;Abierta;Recibido;Enviado;ARS;79000.0;0.0;4318.0;83318.0;;;;;;;;;;San Miguel;;Gran Buenos Aires;Argentina;Punto de retiro;Mercado Pago;;;;11/02/2025;12/02/2025;Louis (44);79000;1;;Móvil;;;;Sí;;;;;
5115;cliente_1380@ejemplo.com;11/02/2025 17:04:18;Abierta;Recibido;Enviado;ARS;75000.0;0.0;7065.0;82065.0;;;;;;;;;;Lomas De Zamora ;;Gran Buenos Aires;Argentina;Correo Argentino Clasico - Envio a domicilio;Mercado Pago;;;;11/02/2025;12/02/2025;Zoe (M);75000;1;;Móvil;;;;Sí;;;;;
5114;cliente_1381@ejemplo.com;10/02/2025 18:57:15;Abierta;Recibido;Enviado;ARS;170000.0;0.0;7065.0;177065.0;;;;;;;;;;San Miguel;;Gran Buenos Aires;Argentina;Correo Argentino Clasico - Envio a domicilio;Mercado Pago;;;;10/02/2025;12/02/2025;Vestido Pilcro (L);170000;1;;Móvil;;;;Sí;;;;;
5112;cliente_1382@ejemplo.com;10/02/2025 00:17:02;Abierta;Recibido;Enviado;ARS;79000.0;0.0;8372.01;87372.01;;;;;;;;;;Bell Ville ;;Córdoba;Argentina;Correo Argentino Clasico - Envio a domicilio;Mercado Pago;;;;10/02/2025;10/02/2025;Louis (46);79000;1;;Móvil;;;;Sí;;;;;
5111;cliente_1383@ejemplo.com;09/02/2025 20:19:09;Abierta;Recibido;Enviado;ARS;80750.0;0.0;14008.0;94758.0;;;;;;;;;;Resistencia ;;Chaco;Argentina;Correo Argentino Clasico - Envio a domicilio;Mercado Pago;;;;09/02/2025;10/02/2025;Calix (42);80750;1;1747;Móvil;;;;Sí;;;;;
5110;cliente_0327@ejemplo.com;09/02/2025 13:47:42;Abierta;Recibido;Enviado;ARS;152000.0;0.0;5241.0;157241.0;;;;;;;;;;Rosario;;Santa Fe;Argentina;Punto de retiro;Mercado Pago;;;;09/02/2025;10/02/2025;Ornella (M);152000;1;;Web;;;;Sí;;;;;
5109;cliente_1384@ejemplo.com;08/02/2025 22:18:56;Abierta;Recibido;Enviado;ARS;80000.0;8000.0;4318.0;76318.0;;;;;;;;;;Vicente López;;Gran Buenos Aires;Argentina;Punto de retiro;Mercado Pago;BONUS WEST;;;08/02/2025;10/02/2025;Short Jackes (M, Azul);80000;1;;Web;;;;Sí;;;;;
5108;cliente_1385@ejemplo.com;08/02/2025 20:41:37;Abierta;Recibido;Enviado;ARS;163000.0;16300.0;6077.0;152777.0;;;;;;;;;;La Capital;;Santa Fe;Argentina;Punto de retiro;Mercado Pago;BONUS WEST;;;08/02/2025;10/02/2025;New Magnolia (S);43000;1;;Móvil;;;;Sí;;;;;
5108;cliente_1385@ejemplo.com;;;;;;;;;;;;;;;;;;;;;;;;;;;;;;Keaton (S);120000;1;;;;;;Sí;;;;;
5107;cliente_1386@ejemplo.com;08/02/2025 16:05:35;Abierta;Recibido;Enviado;ARS;80000.0;0.0;4318.0;84318.0;;;;;;;;;;José Clemente Paz;;Gran Buenos Aires;Argentina;Punto de retiro;Mercado Pago;;;;08/02/2025;10/02/2025;Jeans Richi (44, Azul);80000;1;;Móvil;;;;Sí;;;;;
5106;cliente_1244@ejemplo.com;08/02/2025 14:49:05;Abierta;Recibido;Enviado;ARS;170000.0;0.0;7065.0;177065.0;;;;;;;;;;Capital Federal;;Capital Federal;Argentina;Correo Argentino Clasico - Envio a domicilio;Mercado Pago;;;;08/02/2025;10/02/2025;Vestido Pilcro (L);170000;1;;Móvil;;;;Sí;;;;;
5105;cliente_1387@ejemplo.com;07/02/2025 22:23:38;Abierta;Recibido;Enviado;ARS;110000.0;0.0;8372.01;118372.01;;;;;;;;;;La Plata ;;Buenos Aires;Argentina;Correo Argentino Clasico - Envio a domicilio;Mercado Pago;;;;07/02/2025;10/02/2025;Angelina (M);110000;1;;Móvil;;;;Sí;;;;;
5104;cliente_0724@ejemplo.com;07/02/2025 10:36:52;Abierta;Recibido;Enviado;ARS;79000.0;0.0;7065.0;86065.0;;;;;;;;;;Quilmes ;;Gran Buenos Aires;Argentina;Correo Argentino Clasico - Envio a domicilio;Mercado Pago;;;;07/02/2025;10/02/2025;Louis (44);79000;1;;Móvil;;;;Sí;;;;;
5102;cliente_0765@ejemplo.com;05/02/2025 22:07:37;Abierta;Recibido;Enviado;ARS;135000.0;0.0;5715.0;140715.0;;;;;;;;;;Capital;;La Rioja;Argentina;Punto de retiro;Mercado Pago;;;;05/02/2025;06/02/2025;Libre (L);135000;1;;Móvil;;;;Sí;;;;;
5101;cliente_1388@ejemplo.com;05/02/2025 10:52:37;Abierta;Recibido;Enviado;ARS;170000.0;0.0;9075.0;179075.0;;;;;;;;;;Lules;;Tucumán;Argentina;Correo Argentino Clasico - Envio a domicilio;Mercado Pago;;;;05/02/2025;06/02/2025;Catsuits Jana (M);170000;1;;Móvil;;;;Sí;;;;;
5100;cliente_1389@ejemplo.com;04/02/2025 21:54:35;Abierta;Recibido;Enviado;ARS;170000.0;0.0;8372.01;178372.01;;;;;;;;;;Urdinarrain ;;Entre Ríos;Argentina;Correo Argentino Clasico - Envio a domicilio;Mercado Pago;;;;04/02/2025;06/02/2025;Vestido Pilcro (XL);170000;1;;Móvil;;;;Sí;;;;;
5099;cliente_1390@ejemplo.com;04/02/2025 21:28:30;Abierta;Recibido;Enviado;ARS;762500.0;0.0;8000.0;770500.0;;;;;;;;;;Capital Federal;;Capital Federal;Argentina;Envio en moto CABA;Mercado Pago;;;;04/02/2025;07/02/2025;Virna (L);67500;1;;Móvil;;;;Sí;;;;;
5099;cliente_1390@ejemplo.com;;;;;;;;;;;;;;;;;;;;;;;;;;;;;;Catsuit Aurora (L);75000;1;;;;;;Sí;;;;;
5099;cliente_1390@ejemplo.com;;;;;;;;;;;;;;;;;;;;;;;;;;;;;;Charlotte (L);75000;1;;;;;;Sí;;;;;
5099;cliente_1390@ejemplo.com;;;;;;;;;;;;;;;;;;;;;;;;;;;;;;Minerva (M);135000;1;;;;;;Sí;;;;;
5099;cliente_1390@ejemplo.com;;;;;;;;;;;;;;;;;;;;;;;;;;;;;;Overall Makena (Celeste, L);170000;1;;;;;;Sí;;;;;
5099;cliente_1390@ejemplo.com;;;;;;;;;;;;;;;;;;;;;;;;;;;;;;Marion (M);120000;1;;;;;;Sí;;;;;
5099;cliente_1390@ejemplo.com;;;;;;;;;;;;;;;;;;;;;;;;;;;;;;Opium Black (L);120000;1;;;;;;Sí;;;;;
5098;cliente_1391@ejemplo.com;04/02/2025 20:29:09;Abierta;Recibido;Enviado;ARS;135000.0;0.0;8372.01;143372.01;;;;;;;;;;Santa Rosa;;La Pampa;Argentina;Correo Argentino Clasico - Envio a domicilio;Mercado Pago;;;;04/02/2025;06/02/2025;Jackie (L);135000;1;;Móvil;;;;Sí;;;;;
5097;cliente_1392@ejemplo.com;04/02/2025 12:05:57;Abierta;Recibido;Enviado;ARS;96000.0;0.0;7065.0;103065.0;;;;;;;;;;Vicente López ;;Gran Buenos Aires;Argentina;Correo Argentino Clasico - Envio a domicilio;Mercado Pago;;;;04/02/2025;06/02/2025;Vito (S);96000;1;;Móvil;;;;Sí;;;;;
5096;cliente_1393@ejemplo.com;04/02/2025 10:47:50;Abierta;Recibido;Enviado;ARS;80000.0;0.0;8372.01;88372.01;;;;;;;;;;Necochea;;Buenos Aires;Argentina;Correo Argentino Clasico - Envio a domicilio;Mercado Pago;;;;04/02/2025;06/02/2025;Jeans Richi (44, Celeste);80000;1;;Móvil;;;;Sí;;;;;
5095;cliente_1394@ejemplo.com;03/02/2025 20:17:13;Abierta;Recibido;Enviado;ARS;287000.0;0.0;6575.0;293575.0;;;;;;;;;;Confluencia;;Neuquén;Argentina;Punto de retiro;Mercado Pago;;;;03/02/2025;06/02/2025;Ornella (M);152000;1;;Móvil;;;;Sí;;;;;
5095;cliente_1394@ejemplo.com;;;;;;;;;;;;;;;;;;;;;;;;;;;;;;Jackie (M);135000;1;;;;;;Sí;;;;;
5094;cliente_0170@ejemplo.com;03/02/2025 18:05:05;Abierta;Recibido;Enviado;ARS;160000.0;16000.0;4318.0;148318.0;;;;;;;;;;Escobar;;Gran Buenos Aires;Argentina;Punto de retiro;Mercado Pago;BONUS WEST;;;03/02/2025;06/02/2025;Vestido Cleo (M);160000;1;1771;Móvil;;;;Sí;;;;;
5093;cliente_1395@ejemplo.com;03/02/2025 13:48:05;Abierta;Recibido;Enviado;ARS;35000.0;0.0;7065.0;42065.0;;;;;;;;;;Lanus;;Gran Buenos Aires;Argentina;Correo Argentino Clasico - Envio a domicilio;Mercado Pago;;;;03/02/2025;06/02/2025;Top Euforia (L);35000;1;;Móvil;;;;Sí;;;;;
5091;cliente_1396@ejemplo.com;02/02/2025 16:45:46;Abierta;Recibido;Enviado;ARS;80000.0;0.0;9075.0;89075.0;;;;;;;;;;Mendoza ;;Mendoza;Argentina;Correo Argentino Clasico - Envio a domicilio;Mercado Pago;;;;02/02/2025;04/02/2025;Short Jackes (XL, Azul);80000;1;;Móvil;;;;Sí;;;;;
5090;cliente_1149@ejemplo.com;01/02/2025 20:34:54;Abierta;Recibido;Enviado;ARS;152000.0;0.0;9075.0;161075.0;;;;;;;;;;Cutralco ;;Neuquén;Argentina;Correo Argentino Clasico - Envio a domicilio;Mercado Pago;;;;01/02/2025;04/02/2025;Ornella (XL);152000;1;;Móvil;;;;Sí;;;;;
5088;cliente_1397@ejemplo.com;31/01/2025 23:06:01;Abierta;Recibido;Enviado;ARS;79000.0;0.0;5715.0;84715.0;;;;;;;;;;Chicligasta;;Tucumán;Argentina;Punto de retiro;Mercado Pago;;;;31/01/2025;04/02/2025;Louis (38);79000;1;;Móvil;;;;Sí;;;;;
5087;cliente_1398@ejemplo.com;31/01/2025 07:37:08;Abierta;Recibido;Enviado;ARS;170000.0;0.0;7065.0;177065.0;;;;;;;;;;San isidro;;Gran Buenos Aires;Argentina;Correo Argentino Clasico - Envio a domicilio;Mercado Pago;;;;31/01/2025;04/02/2025;Vestido Pilcro (XL);170000;1;;Móvil;;;;Sí;;;;;
5085;cliente_1399@ejemplo.com;30/01/2025 13:13:05;Abierta;Recibido;Enviado;ARS;202500.0;0.0;8606.0;211106.0;;;;;;;;;;Ucacha ;;Córdoba;Argentina;Correo Argentino Clasico - Envio a domicilio;Mercado Pago;;;;30/01/2025;04/02/2025;Libre (M);135000;1;;Móvil;;;;Sí;;;;;
5085;cliente_1399@ejemplo.com;;;;;;;;;;;;;;;;;;;;;;;;;;;;;;Virna (L);67500;1;;;;;;Sí;;;;;
5084;cliente_1400@ejemplo.com;29/01/2025 22:28:34;Abierta;Recibido;Enviado;ARS;65000.0;0.0;5241.0;70241.0;;;;;;;;;;Olavarría;;Buenos Aires;Argentina;Punto de retiro;Mercado Pago;;;;29/01/2025;04/02/2025;Ambar (M);65000;1;;Móvil;;;;Sí;;;;;
5082;cliente_1401@ejemplo.com;29/01/2025 13:26:07;Abierta;Recibido;Enviado;ARS;231000.0;0.0;14008.0;245008.0;;;;;;;;;;Chimbas;;San Juan;Argentina;Correo Argentino Clasico - Envio a domicilio;Mercado Pago;;;;29/01/2025;04/02/2025;Giuli (L);39000;1;;Móvil;;;;Sí;;;;;
5082;cliente_1401@ejemplo.com;;;;;;;;;;;;;;;;;;;;;;;;;;;;;;Giuli (M);39000;1;;;;;;Sí;;;;;
5082;cliente_1401@ejemplo.com;;;;;;;;;;;;;;;;;;;;;;;;;;;;;;Angelina (L);110000;1;;;;;;Sí;;;;;
5082;cliente_1401@ejemplo.com;;;;;;;;;;;;;;;;;;;;;;;;;;;;;;New Magnolia (S);43000;1;;;;;;Sí;;;;;
5080;cliente_1402@ejemplo.com;28/01/2025 16:02:13;Abierta;Recibido;Enviado;ARS;135000.0;0.0;9075.0;144075.0;;;;;;;;;;Las Grutas ;;Rio Negro;Argentina;Correo Argentino Clasico - Envio a domicilio;Mercado Pago;;;;28/01/2025;04/02/2025;Jackie (XL);135000;1;;Móvil;;;;Sí;;;;;
5078;cliente_1403@ejemplo.com;28/01/2025 11:44:01;Abierta;Recibido;Enviado;ARS;80000.0;0.0;4318.0;84318.0;;;;;;;;;;Capital Federal;;Capital Federal;Argentina;Punto de retiro;Mercado Pago;;;;28/01/2025;04/02/2025;Irina (M);80000;1;;Móvil;;;;Sí;;;;;
5077;cliente_1404@ejemplo.com;28/01/2025 09:48:36;Abierta;Recibido;Enviado;ARS;59500.0;0.0;7065.0;66565.0;;;;;;;;;;Capital Federal;;Capital Federal;Argentina;Correo Argentino Clasico - Envio a domicilio;Mercado Pago;;;;28/01/2025;04/02/2025;Chaleco Noya (M);59500;1;;Web;;;;Sí;;;;;
5076;cliente_1405@ejemplo.com;27/01/2025 21:32:16;Abierta;Recibido;Enviado;ARS;170000.0;0.0;8372.01;178372.01;;;;;;;;;;La Plata ;;Buenos Aires;Argentina;Correo Argentino Clasico - Envio a domicilio;Mercado Pago;;;;27/01/2025;04/02/2025;Vestido Pilcro (M);170000;1;;Móvil;;;;Sí;;;;;
5074;cliente_1406@ejemplo.com;25/01/2025 16:33:07;Abierta;Recibido;Enviado;ARS;175000.0;0.0;4318.0;179318.0;;;;;;;;;;Capital Federal;;Capital Federal;Argentina;Punto de retiro;Mercado Pago;;;;25/01/2025;04/02/2025;Blazer Carel (L);175000;1;;Móvil;;;;Sí;;;;;
5073;cliente_1407@ejemplo.com;25/01/2025 16:07:47;Abierta;Recibido;Enviado;ARS;149000.0;0.0;4591.0;153591.0;;;;;;;;;;Vicente López;;Gran Buenos Aires;Argentina;Punto de retiro;Mercado Pago;;;;25/01/2025;04/02/2025;Corset Roma (XL);69000;1;;Móvil;;;;Sí;;;;;
5073;cliente_1407@ejemplo.com;;;;;;;;;;;;;;;;;;;;;;;;;;;;;;Irina (S);80000;1;;;;;;Sí;;;;;
5072;cliente_1408@ejemplo.com;25/01/2025 07:54:31;Abierta;Recibido;Enviado;ARS;135000.0;0.0;8372.01;143372.01;;;;;;;;;;Bell ville;;Córdoba;Argentina;Correo Argentino Clasico - Envio a domicilio;Transferencia o depósito bancario;;;;27/01/2025;04/02/2025;Vestido Zaira (Azul, L);135000;1;1780;Móvil;;;;Sí;;;;;
5070;cliente_1409@ejemplo.com;23/01/2025 20:40:05;Abierta;Recibido;Enviado;ARS;79000.0;0.0;9075.0;88075.0;;;;;;;;;;El Bolsón ;;Rio Negro;Argentina;Correo Argentino Clasico - Envio a domicilio;Mercado Pago;;;;23/01/2025;04/02/2025;Louis (44);79000;1;;Móvil;;;;Sí;;;;;
5069;cliente_1410@ejemplo.com;23/01/2025 13:33:59;Abierta;Recibido;Enviado;ARS;210000.0;0.0;4318.0;214318.0;;;;;;;;;;Vicente López;;Gran Buenos Aires;Argentina;Punto de retiro;Mercado Pago;;;;23/01/2025;04/02/2025;Campera Xuxa (L);210000;1;;Móvil;;;;Sí;;;;;
5067;cliente_1411@ejemplo.com;23/01/2025 00:47:22;Abierta;Recibido;Enviado;ARS;129000.0;0.0;7704.0;136704.0;;;;;;;;;;Ramos Mejia;;Gran Buenos Aires;Argentina;Correo Argentino Clasico - Envio a domicilio;Mercado Pago;;;;23/01/2025;04/02/2025;Louis (46);79000;1;;Móvil;;;;Sí;;;;;
5067;cliente_1411@ejemplo.com;;;;;;;;;;;;;;;;;;;;;;;;;;;;;;Pantalón Fiona (XL);50000;1;;;;;;Sí;;;;;
5065;cliente_1412@ejemplo.com;22/01/2025 15:05:32;Abierta;Recibido;Enviado;ARS;120000.0;0.0;8000.0;128000.0;;;;;;;;;;Capital Federal;;Capital Federal;Argentina;Envio en moto CABA;Mercado Pago;;;;22/01/2025;04/02/2025;Catsuit Helen (S);120000;1;1645;Móvil;;;;Sí;;;;;
5064;cliente_1413@ejemplo.com;22/01/2025 10:32:14;Abierta;Recibido;Enviado;ARS;43000.0;0.0;8000.0;51000.0;;;;;;;;;;Capital Federal;;Capital Federal;Argentina;Envio en moto CABA;Mercado Pago;;;;22/01/2025;04/02/2025;New Magnolia (S);43000;1;;Móvil;;;;Sí;;;;;
5063;cliente_1414@ejemplo.com;22/01/2025 01:50:41;Abierta;Recibido;Enviado;ARS;482000.0;0.0;23595.0;505595.0;;;;;;;;;;Salta;;Salta;Argentina;Correo Argentino Clasico - Envio a domicilio;Mercado Pago;;;;22/01/2025;04/02/2025;Milo (XL);150000;1;;Móvil;;;;Sí;;;;;
5063;cliente_1414@ejemplo.com;;;;;;;;;;;;;;;;;;;;;;;;;;;;;;Eiffel (XL);165000;1;;;;;;Sí;;;;;
5063;cliente_1414@ejemplo.com;;;;;;;;;;;;;;;;;;;;;;;;;;;;;;Carola (XL);167000;1;;;;;;Sí;;;;;
5062;cliente_1415@ejemplo.com;21/01/2025 13:56:19;Abierta;Recibido;Enviado;ARS;120000.0;0.0;9075.0;129075.0;;;;;;;;;;Cipolletti;;Rio Negro;Argentina;Correo Argentino Clasico - Envio a domicilio;Mercado Pago;;;;21/01/2025;04/02/2025;Keaton (L);120000;1;;Web;;;;Sí;;;;;
5060;cliente_1416@ejemplo.com;21/01/2025 11:52:59;Abierta;Recibido;Enviado;ARS;168000.0;0.0;8372.01;176372.01;;;;;;;;;;Bahia Blanca;;Buenos Aires;Argentina;Correo Argentino Clasico - Envio a domicilio;Mercado Pago;;;;21/01/2025;04/02/2025;Madison (S);168000;1;;Web;;;;Sí;;;;;
5059;cliente_1038@ejemplo.com;21/01/2025 10:54:39;Abierta;Recibido;Enviado;ARS;135000.0;0.0;4318.0;139318.0;;;;;;;;;;La Matanza;;Gran Buenos Aires;Argentina;Punto de retiro;Mercado Pago;;;;21/01/2025;04/02/2025;Jackie (XL);135000;1;;Móvil;;;;Sí;;;;;
5057;cliente_1417@ejemplo.com;20/01/2025 15:01:33;Abierta;Recibido;Enviado;ARS;168000.0;0.0;8000.0;176000.0;;;;;;;;;;Capital Federal;;Capital Federal;Argentina;Envio en moto CABA;Mercado Pago;;;;20/01/2025;04/02/2025;Madison (L);168000;1;;Móvil;;;;Sí;;;;;
5056;cliente_1418@ejemplo.com;20/01/2025 13:26:02;Abierta;Recibido;Enviado;ARS;80750.0;0.0;12556.0;93306.0;;;;;;;;;;Mar Del Plata;;Buenos Aires;Argentina;Correo Argentino Clasico - Envio a domicilio;Transferencia o depósito bancario;;;;27/01/2025;04/02/2025;Enzo (42);80750;1;1748;Móvil;;;;Sí;;;;;
5055;cliente_0705@ejemplo.com;20/01/2025 12:39:21;Abierta;Recibido;Enviado;ARS;170000.0;0.0;8000.0;178000.0;;;;;;;;;;Capital Federal;;Capital Federal;Argentina;Envio en moto CABA;Mercado Pago;;;;20/01/2025;20/08/2025;Overall Makena (Azul, L);170000;1;;Móvil;;;;Sí;;;;;
5054;cliente_0755@ejemplo.com;20/01/2025 10:01:35;Abierta;Recibido;Enviado;ARS;120000.0;0.0;5715.0;125715.0;;;;;;;;;;La Capital;;San Luis;Argentina;Punto de retiro;Mercado Pago;;;;20/01/2025;04/02/2025;Nadine (L);120000;1;;Móvil;;;;Sí;;;;;
5053;cliente_1419@ejemplo.com;20/01/2025 10:01:26;Abierta;Recibido;Enviado;ARS;75000.0;0.0;5715.0;80715.0;;;;;;;;;;Avellaneda;;Rio Negro;Argentina;Punto de retiro;Mercado Pago;;;;20/01/2025;04/02/2025;Charlotte (XL);75000;1;;Móvil;;;;Sí;;;;;
5052;cliente_1420@ejemplo.com;20/01/2025 06:37:32;Abierta;Recibido;Enviado;ARS;190000.0;0.0;5241.0;195241.0;;;;;;;;;;Berisso;;Buenos Aires;Argentina;Punto de retiro;Mercado Pago;;;;20/01/2025;04/02/2025;Campera Xuxa (XL);190000;1;;Móvil;;;;Sí;;;;;
5050;cliente_1421@ejemplo.com;20/01/2025 01:26:46;Abierta;Recibido;Enviado;ARS;190000.0;0.0;5948.0;195948.0;;;;;;;;;;Deseado;;Santa Cruz;Argentina;Punto de retiro;Mercado Pago;;;;20/01/2025;04/02/2025;Campera Xuxa (XL);190000;1;;Móvil;;;;Sí;;;;;
5049;cliente_1422@ejemplo.com;19/01/2025 20:54:22;Abierta;Recibido;Enviado;ARS;167000.0;0.0;9139.0;176139.0;;;;;;;;;;Pcia Salta;;Salta;Argentina;Correo Argentino Clasico - Envio a domicilio;Mercado Pago;;;;19/01/2025;04/02/2025;Sena (XL);167000;1;;Móvil;;;;Sí;;;;;
5048;cliente_1423@ejemplo.com;19/01/2025 20:23:02;Abierta;Recibido;Enviado;ARS;190000.0;0.0;5948.0;195948.0;;;;;;;;;;Deseado;;Santa Cruz;Argentina;Punto de retiro;Mercado Pago;;;;19/01/2025;04/02/2025;Campera Xuxa (XL);190000;1;;Móvil;;;;Sí;;;;;
5047;cliente_0521@ejemplo.com;19/01/2025 19:24:42;Abierta;Recibido;Enviado;ARS;425000.0;0.0;8000.0;433000.0;;;;;;;;;;Capital Federal;;Capital Federal;Argentina;Envio en moto CABA;Mercado Pago;;;;19/01/2025;04/02/2025;Isabella (XL);100000;1;;Móvil;;;;Sí;;;;;
5047;cliente_0521@ejemplo.com;;;;;;;;;;;;;;;;;;;;;;;;;;;;;;Jackie (XL);135000;1;;;;;;Sí;;;;;
5047;cliente_0521@ejemplo.com;;;;;;;;;;;;;;;;;;;;;;;;;;;;;;Campera Xuxa (XL);190000;1;;;;;;Sí;;;;;
5046;cliente_0394@ejemplo.com;19/01/2025 16:39:12;Abierta;Recibido;Enviado;ARS;270000.0;0.0;8606.0;278606.0;;;;;;;;;;Cordoba;;Córdoba;Argentina;Correo Argentino Clasico - Envio a domicilio;Mercado Pago;;;;19/01/2025;04/02/2025;Campera Xuxa (L);190000;1;;Móvil;;;;Sí;;;;;
5046;cliente_0394@ejemplo.com;;;;;;;;;;;;;;;;;;;;;;;;;;;;;;Short Jackes (XL, Azul);80000;1;;;;;;Sí;;;;;
5045;cliente_1424@ejemplo.com;18/01/2025 22:57:19;Abierta;Recibido;Enviado;ARS;255750.0;0.0;23595.0;279345.0;;;;;;;;;;Río Grande;;Tierra del Fuego;Argentina;Correo Argentino Clasico - Envio a domicilio;Mercado Pago;;;;18/01/2025;04/02/2025;Blazer Carel (L);175000;1;;Web;;;;Sí;;;;;
5045;cliente_1424@ejemplo.com;;;;;;;;;;;;;;;;;;;;;;;;;;;;;;Calix (40);80750;1;1747;;;;;Sí;;;;;
5043;cliente_1425@ejemplo.com;18/01/2025 18:45:23;Abierta;Recibido;Enviado;ARS;120000.0;0.0;11525.0;131525.0;;;;;;;;;;Confluencia;;Neuquén;Argentina;Punto de retiro;Mercado Pago;;;;18/01/2025;04/02/2025;Many (S);120000;1;;Web;;;;Sí;;;;;
5042;cliente_1426@ejemplo.com;18/01/2025 16:59:38;Abierta;Recibido;Enviado;ARS;168000.0;0.0;7065.0;175065.0;;;;;;;;;;Buenos Aires ;;Gran Buenos Aires;Argentina;Correo Argentino Clasico - Envio a domicilio;Mercado Pago;;;;18/01/2025;04/02/2025;Madison (M);168000;1;;Móvil;;;;Sí;;;;;
5039;cliente_0757@ejemplo.com;18/01/2025 01:50:43;Abierta;Recibido;Enviado;ARS;135000.0;0.0;8372.01;143372.01;;;;;;;;;;Santa Rosa ;;La Pampa;Argentina;Correo Argentino Clasico - Envio a domicilio;Mercado Pago;;;;18/01/2025;04/02/2025;Fini (XL);135000;1;;Móvil;;;;Sí;;;;;
5038;cliente_1427@ejemplo.com;17/01/2025 21:23:57;Abierta;Recibido;Enviado;ARS;120000.0;0.0;5657.0;125657.0;;;;;;;;;;Moron;;Gran Buenos Aires;Argentina;Punto de retiro;Mercado Pago;;;;17/01/2025;04/02/2025;Many (L);120000;1;;Móvil;;;;Sí;;;;;
5037;cliente_1428@ejemplo.com;17/01/2025 19:42:57;Abierta;Recibido;Enviado;ARS;660000.0;0.0;9581.0;669581.0;;;;;;;;;;Escobar.  Loma Verde;;Gran Buenos Aires;Argentina;Correo Argentino Clasico - Envio a domicilio;Mercado Pago;;;;17/01/2025;04/02/2025;Campera Xuxa (XL);190000;1;;Móvil;;;;Sí;;;;;
5037;cliente_1428@ejemplo.com;;;;;;;;;;;;;;;;;;;;;;;;;;;;;;Short Jackes (XL, Azul);80000;1;;;;;;Sí;;;;;
5037;cliente_1428@ejemplo.com;;;;;;;;;;;;;;;;;;;;;;;;;;;;;;Keaton (XL);120000;1;;;;;;Sí;;;;;
5037;cliente_1428@ejemplo.com;;;;;;;;;;;;;;;;;;;;;;;;;;;;;;Azucena (XL);135000;1;;;;;;Sí;;;;;
5037;cliente_1428@ejemplo.com;;;;;;;;;;;;;;;;;;;;;;;;;;;;;;Vestido Zaira (Azul, XL);135000;1;1780;;;;;Sí;;;;;
5036;cliente_1236@ejemplo.com;17/01/2025 18:39:41;Abierta;Recibido;Enviado;ARS;190000.0;0.0;5241.0;195241.0;;;;;;;;;;General Obligado;;Santa Fe;Argentina;Punto de retiro;Mercado Pago;;;;17/01/2025;04/02/2025;Campera Xuxa (L);190000;1;;Móvil;;;;Sí;;;;;
5035;cliente_1429@ejemplo.com;17/01/2025 18:33:22;Abierta;Recibido;Enviado;ARS;110000.0;0.0;9139.0;119139.0;;;;;;;;;;General Güemes Salta;;Salta;Argentina;Correo Argentino Clasico - Envio a domicilio;Mercado Pago;;;;17/01/2025;04/02/2025;Angelina (M);110000;1;;Móvil;;;;Sí;;;;;
5032;cliente_1430@ejemplo.com;17/01/2025 08:26:24;Abierta;Recibido;Enviado;ARS;120000.0;0.0;8000.0;128000.0;;;;;;;;;;Capital Federal;;Capital Federal;Argentina;Envio en moto CABA;Mercado Pago;;;;17/01/2025;17/01/2025;Magda (L);120000;1;1725;Móvil;;;;Sí;;;;;
5030;cliente_0738@ejemplo.com;17/01/2025 00:00:25;Abierta;Recibido;Enviado;ARS;67500.0;0.0;5241.0;72741.0;;;;;;;;;;General Pueyrredón;;Buenos Aires;Argentina;Punto de retiro;Mercado Pago;;;;17/01/2025;17/01/2025;Catsuit Fame (S);67500;1;;Web;;;;Sí;;;;;
5029;cliente_1431@ejemplo.com;16/01/2025 23:08:41;Abierta;Recibido;Enviado;ARS;170000.0;0.0;7065.0;177065.0;;;;;;;;;;San Pedro;;Buenos Aires;Argentina;Correo Argentino Clasico - Envio a domicilio;Mercado Pago;;;;16/01/2025;17/01/2025;Vestido Pilcro (S);170000;1;;Móvil;;;;Sí;;;;;
5028;cliente_0316@ejemplo.com;16/01/2025 21:50:42;Abierta;Recibido;Enviado;ARS;270000.0;0.0;9356.0;279356.0;;;;;;;;;;Luzuriaga, Maipú;;Mendoza;Argentina;Correo Argentino Clasico - Envio a domicilio;Mercado Pago;;;;16/01/2025;17/01/2025;Campera Xuxa (M);190000;1;;Móvil;;;;Sí;;;;;
5028;cliente_0316@ejemplo.com;;;;;;;;;;;;;;;;;;;;;;;;;;;;;;Short Jackes (S, Azul);80000;1;;;;;;Sí;;;;;
5027;cliente_1432@ejemplo.com;16/01/2025 17:08:14;Abierta;Recibido;Enviado;ARS;170000.0;0.0;5241.0;175241.0;;;;;;;;;;Gualeguay;;Entre Ríos;Argentina;Punto de retiro;Mercado Pago;;;;16/01/2025;17/01/2025;Vestido Pilcro (XL);170000;1;;Móvil;;;;Sí;;;;;
5026;cliente_0716@ejemplo.com;16/01/2025 12:54:07;Abierta;Recibido;Enviado;ARS;135000.0;0.0;8372.01;143372.01;;;;;;;;;;Bragado;;Buenos Aires;Argentina;Correo Argentino Clasico - Envio a domicilio;Transferencia o depósito bancario;;;;16/01/2025;17/01/2025;Vestido Zaira (Azul, S);135000;1;1780;Móvil;;;;Sí;;;;;
5025;cliente_1433@ejemplo.com;16/01/2025 11:55:38;Abierta;Recibido;Enviado;ARS;120000.0;0.0;8372.01;128372.01;;;;;;;;;;Pergamino;;Buenos Aires;Argentina;Correo Argentino Clasico - Envio a domicilio;Mercado Pago;;;;16/01/2025;17/01/2025;Mini Ginebra (XL);120000;1;;Móvil;;;;Sí;;;;;
5022;cliente_1374@ejemplo.com;16/01/2025 01:18:42;Abierta;Recibido;Enviado;ARS;390600.0;0.0;11800.0;402400.0;;;;;;;;;;Juan maria gutierrez ;;Gran Buenos Aires;Argentina;Correo Argentino Clasico - Envio a domicilio;Mercado Pago;;;;16/01/2025;17/01/2025;Vestido Pilcro (XL);150000;1;;Móvil;;;;Sí;;;;;
5022;cliente_1374@ejemplo.com;;;;;;;;;;;;;;;;;;;;;;;;;;;;;;Many (XL);105600;1;;;;;;Sí;;;;;
5022;cliente_1374@ejemplo.com;;;;;;;;;;;;;;;;;;;;;;;;;;;;;;Madison (XL);135000;1;;;;;;Sí;;;;;
5021;cliente_1434@ejemplo.com;15/01/2025 22:08:30;Abierta;Recibido;Enviado;ARS;150000.0;0.0;5241.0;155241.0;;;;;;;;;;La Plata;;Buenos Aires;Argentina;Punto de retiro;Mercado Pago;;;;15/01/2025;17/01/2025;Vestido Pilcro (S);150000;1;;Móvil;;;;Sí;;;;;
5020;cliente_1435@ejemplo.com;15/01/2025 17:05:01;Abierta;Recibido;Enviado;ARS;150000.0;0.0;5241.0;155241.0;;;;;;;;;;Santa María;;Córdoba;Argentina;Punto de retiro;Mercado Pago;;;;15/01/2025;17/01/2025;Vestido Pilcro (XL);150000;1;;Móvil;;;;Sí;;;;;
5019;cliente_0394@ejemplo.com;15/01/2025 15:42:58;Abierta;Recibido;Enviado;ARS;150000.0;0.0;8372.01;158372.01;;;;;;;;;;Cordoba;;Córdoba;Argentina;Correo Argentino Clasico - Envio a domicilio;Mercado Pago;;;;15/01/2025;17/01/2025;Vestido Pilcro (L);150000;1;;Móvil;;;;Sí;;;;;
5018;cliente_1436@ejemplo.com;15/01/2025 12:41:19;Abierta;Recibido;Enviado;ARS;108000.0;0.0;8000.0;116000.0;;;;;;;;;;Capital Federal;;Capital Federal;Argentina;Envio en moto CABA;Mercado Pago;;;;15/01/2025;16/01/2025;Vestido Zaira (Azul, XL);108000;1;1780;Web;;;;Sí;;;;;
5017;cliente_1437@ejemplo.com;15/01/2025 09:50:57;Abierta;Recibido;Enviado;ARS;108000.0;0.0;4318.0;112318.0;;;;;;;;;;Capital Federal;;Capital Federal;Argentina;Punto de retiro;Mercado Pago;;;;15/01/2025;17/01/2025;Zaira (Azul, M);108000;1;1780;Móvil;;;;Sí;;;;;
5015;cliente_1438@ejemplo.com;14/01/2025 17:38:51;Abierta;Recibido;Enviado;ARS;85000.0;0.0;5241.0;90241.0;;;;;;;;;;La Capital;;Santa Fe;Argentina;Punto de retiro;Mercado Pago;;;;14/01/2025;17/01/2025;Arlet (44);85000;1;1762;Móvil;;;;Sí;;;;;
5014;cliente_1439@ejemplo.com;13/01/2025 22:32:38;Abierta;Recibido;Enviado;ARS;105600.0;0.0;4318.0;109918.0;;;;;;;;;;La Matanza;;Gran Buenos Aires;Argentina;Punto de retiro;Mercado Pago;;;;13/01/2025;14/01/2025;Keaton (L);105600;1;;Móvil;;;;Sí;;;;;
5012;cliente_1421@ejemplo.com;12/01/2025 22:38:42;Abierta;Recibido;Enviado;ARS;96000.0;0.0;5948.0;101948.0;;;;;;;;;;Deseado;;Santa Cruz;Argentina;Punto de retiro;Mercado Pago;;;;12/01/2025;14/01/2025;Jesi (XL);96000;1;;Móvil;;;;Sí;;;;;
5011;cliente_1440@ejemplo.com;12/01/2025 19:28:45;Abierta;Recibido;Enviado;ARS;185000.0;0.0;12556.0;197556.0;;;;;;;;;;Victoria;;Entre Ríos;Argentina;Correo Argentino Clasico - Envio a domicilio;Mercado Pago;;;;12/01/2025;14/01/2025;Mandy (S);110000;1;;Móvil;;;;Sí;;;;;
5011;cliente_1440@ejemplo.com;;;;;;;;;;;;;;;;;;;;;;;;;;;;;;Penelope (S);75000;1;;;;;;Sí;;;;;
5009;cliente_1441@ejemplo.com;11/01/2025 15:12:14;Abierta;Recibido;Enviado;ARS;39000.0;0.0;5948.0;44948.0;;;;;;;;;;Biedma;;Chubut;Argentina;Punto de retiro;Mercado Pago;;;;11/01/2025;14/01/2025;Giuli (M);39000;1;;Móvil;;;;Sí;;;;;
5008;cliente_1131@ejemplo.com;11/01/2025 00:07:22;Abierta;Recibido;Enviado;ARS;115000.0;0.0;4318.0;119318.0;;;;;;;;;;La Matanza;;Gran Buenos Aires;Argentina;Punto de retiro;Mercado Pago;;;;11/01/2025;14/01/2025;Jackie (M);115000;1;;Móvil;;;;Sí;;;;;
5007;cliente_1442@ejemplo.com;10/01/2025 23:13:39;Abierta;Recibido;Enviado;ARS;78000.0;0.0;4318.0;82318.0;;;;;;;;;;Capital Federal;;Capital Federal;Argentina;Punto de retiro;Mercado Pago;;;;10/01/2025;14/01/2025;Olivia (S);78000;1;;Móvil;;;;Sí;;;;;
5006;cliente_1443@ejemplo.com;10/01/2025 16:32:19;Abierta;Recibido;Enviado;ARS;108000.0;0.0;5241.0;113241.0;;;;;;;;;;San Jeronimo;;Santa Fe;Argentina;Punto de retiro;Mercado Pago;;;;13/01/2025;14/01/2025;Zaira (Celeste, S);108000;1;1780;Móvil;;;;Sí;;;;;
5005;cliente_1444@ejemplo.com;10/01/2025 16:20:47;Abierta;Recibido;Enviado;ARS;80000.0;0.0;9139.0;89139.0;;;;;;;;;;Salta;;Salta;Argentina;Correo Argentino Clasico - Envio a domicilio;Mercado Pago;;;;10/01/2025;14/01/2025;Angelina (L);80000;1;;Móvil;;;;Sí;;;;;
5004;cliente_1445@ejemplo.com;10/01/2025 15:15:56;Abierta;Recibido;Enviado;ARS;150000.0;0.0;5241.0;155241.0;;;;;;;;;;La Plata;;Buenos Aires;Argentina;Punto de retiro;Mercado Pago;;;;10/01/2025;14/01/2025;Vestido Pilcro - PRE VENTA (XL);150000;1;;Móvil;;;;Sí;;;;;
5003;cliente_1446@ejemplo.com;09/01/2025 23:37:22;Abierta;Recibido;Enviado;ARS;90000.0;0.0;5948.0;95948.0;;;;;;;;;;Capital;;Salta;Argentina;Punto de retiro;Mercado Pago;;;;09/01/2025;14/01/2025;Vestido Angel (M);90000;1;;Móvil;;;;Sí;;;;;
5002;cliente_1447@ejemplo.com;08/01/2025 17:17:37;Abierta;Recibido;Enviado;ARS;115000.0;0.0;7065.0;122065.0;;;;;;;;;;Merlo;;Gran Buenos Aires;Argentina;Correo Argentino Clasico - Envio a domicilio;Mercado Pago;;;;08/01/2025;09/01/2025;Jackie (XL);115000;1;;Móvil;;;;Sí;;;;;
5001;cliente_1448@ejemplo.com;07/01/2025 22:58:38;Abierta;Recibido;Enviado;ARS;150000.0;0.0;9075.0;159075.0;;;;;;;;;;Lujan De Cuyo;;Mendoza;Argentina;Correo Argentino Clasico - Envio a domicilio;Mercado Pago;;;;07/01/2025;09/01/2025;Vestido Pilcro - PRE VENTA (XL);150000;1;;Móvil;;;;Sí;;;;;
4999;cliente_1449@ejemplo.com;07/01/2025 15:04:13;Abierta;Recibido;Enviado;ARS;115000.0;0.0;7065.0;122065.0;;;;;;;;;;Lomas de Zamora;;Gran Buenos Aires;Argentina;Correo Argentino Clasico - Envio a domicilio;Mercado Pago;;;;07/01/2025;09/01/2025;Jackie (S);115000;1;;Móvil;;;;Sí;;;;;
4998;cliente_1450@ejemplo.com;07/01/2025 10:28:25;Abierta;Recibido;Enviado;ARS;65000.0;0.0;7065.0;72065.0;;;;;;;;;;Francisco alvararez;;Gran Buenos Aires;Argentina;Correo Argentino Clasico - Envio a domicilio;Mercado Pago;;;;07/01/2025;07/01/2025;Naomi (46);65000;1;1781;Móvil;;;;Sí;;;;;
4996;cliente_1451@ejemplo.com;07/01/2025 10:03:56;Abierta;Recibido;Enviado;ARS;108000.0;0.0;4318.0;112318.0;;;;;;;;;;Vicente López;;Gran Buenos Aires;Argentina;Punto de retiro;Mercado Pago;;;;07/01/2025;07/01/2025;Zaira (Azul, M);108000;1;1780;Móvil;;;;Sí;;;;;
4994;cliente_1452@ejemplo.com;05/01/2025 20:44:01;Abierta;Recibido;Enviado;ARS;25000.0;0.0;4318.0;29318.0;;;;;;;;;;Tigre;;Gran Buenos Aires;Argentina;Punto de retiro;Mercado Pago;;;;05/01/2025;07/01/2025;Top Euforia (L);25000;1;;Móvil;;;;Sí;;;;;
4993;cliente_1453@ejemplo.com;04/01/2025 12:08:11;Abierta;Recibido;Enviado;ARS;50000.0;0.0;9075.0;59075.0;;;;;;;;;;San Fernando del Valle de Catamarca ;;Catamarca;Argentina;Correo Argentino Clasico - Envio a domicilio;Mercado Pago;;;;04/01/2025;07/01/2025;Pantalón Fiona (XL);50000;1;;Móvil;;;;Sí;;;;;
4992;cliente_1454@ejemplo.com;03/01/2025 11:42:44;Abierta;Recibido;Enviado;ARS;135000.0;0.0;9356.0;144356.0;;;;;;;;;;Fiambalá Catamarca ;;Catamarca;Argentina;Correo Argentino Clasico - Envio a domicilio;Mercado Pago;;;;03/01/2025;03/01/2025;Vestido Koko (XL);135000;1;1662;Móvil;;;;Sí;;;;;
4991;cliente_1455@ejemplo.com;03/01/2025 10:42:49;Abierta;Recibido;Enviado;ARS;108000.0;0.0;9652.0;117652.0;;;;;;;;;;La Capital;;Santa Fe;Argentina;Punto de retiro;Mercado Pago;;;;03/01/2025;03/01/2025;Rachel (M);108000;1;;Web;;;;Sí;;;;;
4990;cliente_0212@ejemplo.com;01/01/2025 19:29:39;Abierta;Recibido;Enviado;ARS;115000.0;0.0;9139.0;124139.0;;;;;;;;;;Salta capital;;Salta;Argentina;Correo Argentino Clasico - Envio a domicilio;Transferencia o depósito bancario;;;;02/01/2025;03/01/2025;Jackie (L);115000;1;;Móvil;;;;Sí;;;;;
4989;cliente_0762@ejemplo.com;31/12/2024 14:32:46;Abierta;Recibido;Enviado;ARS;185000.0;0.0;8424.0;193424.0;;;;;;;;;;Pontevedra;;Gran Buenos Aires;Argentina;Correo Argentino Clasico - Envio a domicilio;Transferencia o depósito bancario;;;;02/01/2025;03/01/2025;Nadine (L);75000;1;;Móvil;;;;Sí;;;;;
4989;cliente_0762@ejemplo.com;;;;;;;;;;;;;;;;;;;;;;;;;;;;;;Libre (M);110000;1;;;;;;Sí;;;;;
4988;cliente_0170@ejemplo.com;30/12/2024 17:00:39;Abierta;Recibido;Enviado;ARS;125000.0;0.0;4699.99;129699.99;;;;;;;;;;Escobar;;Gran Buenos Aires;Argentina;Punto de retiro;Mercado Pago;;;;30/12/2024;03/01/2025;Marilyn (M);125000;1;;Móvil;;;;Sí;;;;;
4987;cliente_0250@ejemplo.com;30/12/2024 15:13:51;Abierta;Recibido;Enviado;ARS;171000.0;0.0;10708.0;181708.0;;;;;;;;;;San Fernando;;Chaco;Argentina;Punto de retiro;Mercado Pago;;;;30/12/2024;03/01/2025;Rachel (S);108000;1;;Móvil;;;;Sí;;;;;
4987;cliente_0250@ejemplo.com;;;;;;;;;;;;;;;;;;;;;;;;;;;;;;Ambar (M);63000;1;;;;;;Sí;;;;;
4985;cliente_1241@ejemplo.com;29/12/2024 22:28:02;Abierta;Recibido;Enviado;ARS;80000.0;0.0;5715.0;85715.0;;;;;;;;;;La Plata;;Buenos Aires;Argentina;Punto de retiro;Mercado Pago;;;;29/12/2024;03/01/2025;Richi (38, Celeste);80000;1;;Móvil;;;;Sí;;;;;
4984;cliente_1456@ejemplo.com;29/12/2024 17:30:51;Abierta;Recibido;Enviado;ARS;75000.0;0.0;4699.99;79699.99;;;;;;;;;;Lomas de Zamora;;Gran Buenos Aires;Argentina;Punto de retiro;Mercado Pago;;;;29/12/2024;03/01/2025;Nadine (S);75000;1;;Móvil;;;;Sí;;;;;
4983;cliente_1457@ejemplo.com;29/12/2024 11:28:57;Abierta;Recibido;Enviado;ARS;69000.0;0.0;7722.01;76722.01;;;;;;;;;;Capital Federal;;Capital Federal;Argentina;Correo Argentino Clasico - Envio a domicilio;Mercado Pago;;;;29/12/2024;03/01/2025;Túnica Natasha (S);69000;1;;Móvil;;;;Sí;;;;;
4982;cliente_1178@ejemplo.com;28/12/2024 08:29:06;Abierta;Recibido;Enviado;ARS;128000.0;0.0;10003.0;138003.0;;;;;;;;;;San Salvador de Jujuy;;Jujuy;Argentina;Correo Argentino Clasico - Envio a domicilio;Mercado Pago;;;;28/12/2024;03/01/2025;Ciro (XL);128000;1;;Móvil;;;;Sí;;;;;
4980;cliente_0394@ejemplo.com;27/12/2024 16:19:23;Abierta;Recibido;Enviado;ARS;187000.0;0.0;9915.0;196915.0;;;;;;;;;;Coreoba;;Córdoba;Argentina;Correo Argentino Clasico - Envio a domicilio;Mercado Pago;;;;27/12/2024;03/01/2025;Lotus (L);45000;1;1677;Móvil;;;;Sí;;;;;
4980;cliente_0394@ejemplo.com;;;;;;;;;;;;;;;;;;;;;;;;;;;;;;Idole (L);63000;1;;;;;;Sí;;;;;
4980;cliente_0394@ejemplo.com;;;;;;;;;;;;;;;;;;;;;;;;;;;;;;Louis (44);79000;1;;;;;;Sí;;;;;
4978;cliente_1458@ejemplo.com;27/12/2024 09:27:56;Abierta;Recibido;Enviado;ARS;120000.0;0.0;5715.0;125715.0;;;;;;;;;;Capital;;Córdoba;Argentina;Punto de retiro;Mercado Pago;;;;27/12/2024;06/01/2025;Cleo (S);120000;1;1771;Móvil;;;;Sí;;;;;
4977;cliente_1459@ejemplo.com;26/12/2024 20:39:19;Abierta;Recibido;Enviado;ARS;219000.0;0.0;8424.0;227424.0;;;;;;;;;;Moron;;Gran Buenos Aires;Argentina;Correo Argentino Clasico - Envio a domicilio;Mercado Pago;;;;26/12/2024;06/01/2025;Blazer Carel (XL);140000;1;;Móvil;;;;Sí;;;;;
4977;cliente_1459@ejemplo.com;;;;;;;;;;;;;;;;;;;;;;;;;;;;;;Louis (42);79000;1;;;;;;Sí;;;;;
4975;cliente_1460@ejemplo.com;26/12/2024 15:55:31;Abierta;Recibido;Enviado;ARS;135000.0;0.0;7722.01;142722.01;;;;;;;;;;San Fernando;;Gran Buenos Aires;Argentina;Correo Argentino Clasico - Envio a domicilio;Mercado Pago;;;;26/12/2024;06/01/2025;Madison (XL);135000;1;;Móvil;;;;Sí;;;;;
4970;cliente_1461@ejemplo.com;23/12/2024 23:05:17;Abierta;Recibido;Enviado;ARS;63000.0;0.0;7722.01;70722.01;;;;;;;;;;Buenos Aires ;;Gran Buenos Aires;Argentina;Correo Argentino Clasico - Envio a domicilio;Transferencia o depósito bancario;;;;24/12/2024;26/12/2024;Vestido Cristal (L);63000;1;;Móvil;;;;Sí;;;;;
4969;cliente_1462@ejemplo.com;23/12/2024 21:20:03;Abierta;Recibido;Enviado;ARS;108000.0;0.0;7722.01;115722.01;;;;;;;;;;Pablo Nogues ;;Gran Buenos Aires;Argentina;Correo Argentino Clasico - Envio a domicilio;Transferencia o depósito bancario;;;;24/12/2024;26/12/2024;Zaira (Azul, L);108000;1;1780;Móvil;;;;Sí;;;;;
4968;cliente_1463@ejemplo.com;23/12/2024 12:23:47;Abierta;Recibido;Enviado;ARS;36000.0;0.0;5715.0;41715.0;;;;;;;;;;Capital;;Córdoba;Argentina;Punto de retiro;Mercado Pago;;;;23/12/2024;26/12/2024;New Magnolia (S);36000;1;;Móvil;;;;Sí;;;;;
4967;cliente_1464@ejemplo.com;21/12/2024 23:59:24;Abierta;Recibido;Enviado;ARS;135000.0;0.0;5715.0;140715.0;;;;;;;;;;General Pueyrredón;;Buenos Aires;Argentina;Punto de retiro;Transferencia o depósito bancario;;;;22/12/2024;23/12/2024;Ornella (S);135000;1;;Móvil;;;;Sí;;;;;
4966;cliente_1156@ejemplo.com;21/12/2024 23:05:05;Abierta;Recibido;Enviado;ARS;67500.0;0.0;5715.0;73215.0;;;;;;;;;;Balcarce;;Buenos Aires;Argentina;Punto de retiro;Mercado Pago;;;;21/12/2024;23/12/2024;Túnica Natasha (S);67500;1;;Móvil;;;;Sí;;;;;
4965;cliente_0194@ejemplo.com;21/12/2024 23:01:54;Abierta;Recibido;Enviado;ARS;198000.0;0.0;7183.0;205183.0;;;;;;;;;;San Martín;;Mendoza;Argentina;Punto de retiro;Mercado Pago;;;;21/12/2024;23/12/2024;Vestido Cristal (XL);63000;1;;Móvil;;;;Sí;;;;;
4965;cliente_0194@ejemplo.com;;;;;;;;;;;;;;;;;;;;;;;;;;;;;;Madison (XL);135000;1;;;;;;Sí;;;;;
4964;cliente_1465@ejemplo.com;21/12/2024 20:13:32;Abierta;Recibido;Enviado;ARS;85000.0;0.0;6237.0;91237.0;;;;;;;;;;General Roca;;Rio Negro;Argentina;Punto de retiro;Mercado Pago;;;;21/12/2024;23/12/2024;Catsuit Olimpea (M);85000;1;1728;Móvil;;;;Sí;;;;;
4962;cliente_1466@ejemplo.com;21/12/2024 07:20:50;Abierta;Recibido;Enviado;ARS;128000.0;0.0;7722.01;135722.01;;;;;;;;;;Ituzaingo ;;Gran Buenos Aires;Argentina;Correo Argentino Clasico - Envio a domicilio;Mercado Pago;;;;21/12/2024;23/12/2024;New Taylor (L);128000;1;;Móvil;;;;Sí;;;;;
4960;cliente_0537@ejemplo.com;20/12/2024 22:57:38;Abierta;Recibido;Enviado;ARS;36000.0;0.0;5715.0;41715.0;;;;;;;;;;General Pueyrredón;;Buenos Aires;Argentina;Punto de retiro;Mercado Pago;;;;20/12/2024;23/12/2024;Giuli (S);36000;1;;Móvil;;;;Sí;;;;;
4959;cliente_1467@ejemplo.com;20/12/2024 21:59:18;Abierta;Recibido;Enviado;ARS;297300.0;0.0;10963.0;308263.0;;;;;;;;;;Moron;;Gran Buenos Aires;Argentina;Correo Argentino Clasico - Envio a domicilio;Mercado Pago;;;;20/12/2024;23/12/2024;Olivia (L);78000;1;;Móvil;;;;Sí;;;;;
4959;cliente_1467@ejemplo.com;;;;;;;;;;;;;;;;;;;;;;;;;;;;;;Calix (42);80750;1;1747;;;;;Sí;;;;;
4959;cliente_1467@ejemplo.com;;;;;;;;;;;;;;;;;;;;;;;;;;;;;;Blazer Carel (L);138550;1;;;;;;Sí;;;;;
4958;cliente_1468@ejemplo.com;20/12/2024 19:24:13;Abierta;Recibido;Enviado;ARS;186500.0;0.0;8000.0;194500.0;;;;;;;;;;Capital Federal;;Capital Federal;Argentina;Envio en moto CABA;Mercado Pago;;;;20/12/2024;06/01/2025;Irina (L);80100;1;;Móvil;;;;Sí;;;;;
4958;cliente_1468@ejemplo.com;;;;;;;;;;;;;;;;;;;;;;;;;;;;;;Mandy (L);106400;1;;;;;;Sí;;;;;
4956;cliente_1469@ejemplo.com;20/12/2024 07:39:12;Abierta;Recibido;Enviado;ARS;36000.0;0.0;4574.0;40574.0;;;;;;;;;;Berazategui;;Gran Buenos Aires;Argentina;Punto de retiro;Mercado Pago;;;;20/12/2024;20/12/2024;Lotus (L);36000;1;1677;Móvil;;;;Sí;;;;;
4955;cliente_1470@ejemplo.com;19/12/2024 23:50:39;Abierta;Recibido;Enviado;ARS;92000.0;0.0;6237.0;98237.0;;;;;;;;;;Ullúm;;San Juan;Argentina;Punto de retiro;Mercado Pago;;;;19/12/2024;20/12/2024;Vestido Angel (XL);92000;1;;Móvil;;;;Sí;;;;;
4954;cliente_1471@ejemplo.com;19/12/2024 22:25:10;Abierta;Recibido;Enviado;ARS;85000.0;0.0;4699.99;89699.99;;;;;;;;;;Capital Federal;;Capital Federal;Argentina;Punto de retiro;Mercado Pago;;;;19/12/2024;20/12/2024;Arlet (38);85000;1;1762;Móvil;;;;Sí;;;;;
4953;cliente_1472@ejemplo.com;19/12/2024 22:10:11;Abierta;Recibido;Enviado;ARS;67500.0;0.0;5715.0;73215.0;;;;;;;;;;Berisso;;Buenos Aires;Argentina;Punto de retiro;Mercado Pago;;;;19/12/2024;20/12/2024;Catsuit Fame (M);67500;1;;Móvil;;;;Sí;;;;;
4952;cliente_0327@ejemplo.com;19/12/2024 20:56:42;Abierta;Recibido;Enviado;ARS;112200.0;0.0;5715.0;117915.0;;;;;;;;;;Rosario;;Santa Fe;Argentina;Punto de retiro;Mercado Pago;;;;19/12/2024;23/12/2024;Jackie (M);112200;1;;Móvil;;;;Sí;;;;;
4951;cliente_1473@ejemplo.com;19/12/2024 07:51:18;Abierta;Recibido;Enviado;ARS;108000.0;0.0;4699.99;112699.99;;;;;;;;;;Escobar;;Gran Buenos Aires;Argentina;Punto de retiro;Mercado Pago;;;;19/12/2024;19/12/2024;Zaira (Azul, L);108000;1;1780;Móvil;;;;Sí;;;;;
4950;cliente_0729@ejemplo.com;18/12/2024 21:19:43;Abierta;Recibido;Enviado;ARS;112200.0;0.0;9159.0;121359.0;;;;;;;;;;Basavilbaso ;;Entre Ríos;Argentina;Correo Argentino Clasico - Envio a domicilio;Mercado Pago;;;;18/12/2024;19/12/2024;Jackie (L);112200;1;;Móvil;;;;Sí;;;;;
4949;cliente_1474@ejemplo.com;18/12/2024 18:11:47;Abierta;Recibido;Enviado;ARS;67500.0;0.0;4699.99;72199.99;;;;;;;;;;Quilmes;;Gran Buenos Aires;Argentina;Punto de retiro;Mercado Pago;;;;18/12/2024;19/12/2024;Virna (XL);67500;1;;Móvil;;;;Sí;;;;;
4948;cliente_0762@ejemplo.com;18/12/2024 13:17:41;Abierta;Recibido;Enviado;ARS;85000.0;0.0;7722.01;92722.01;;;;;;;;;;Pontevedra;;Gran Buenos Aires;Argentina;Correo Argentino Clasico - Envio a domicilio;Transferencia o depósito bancario;;;;19/12/2024;19/12/2024;Arlet (46);85000;1;1762;Móvil;;;;Sí;;;;;
4947;cliente_1475@ejemplo.com;18/12/2024 10:36:52;Abierta;Recibido;Enviado;ARS;63000.0;0.0;9159.0;72159.0;;;;;;;;;;25 de Mayo;;Buenos Aires;Argentina;Correo Argentino Clasico - Envio a domicilio;Mercado Pago;;;;18/12/2024;18/12/2024;Idole (XL);63000;1;;Móvil;;;;Sí;;;;;
4945;cliente_1476@ejemplo.com;18/12/2024 06:51:35;Abierta;Recibido;Enviado;ARS;106400.0;0.0;5135.0;111535.0;;;;;;;;;;Berazategui;;Gran Buenos Aires;Argentina;Punto de retiro;Mercado Pago;;;;18/12/2024;18/12/2024;Mandy (L);106400;1;;Móvil;;;;Sí;;;;;
4944;cliente_1477@ejemplo.com;17/12/2024 20:19:58;Abierta;Recibido;Enviado;ARS;63000.0;0.0;7722.01;70722.01;;;;;;;;;;Masquinista savio;;Gran Buenos Aires;Argentina;Correo Argentino Clasico - Envio a domicilio;Mercado Pago;;;;17/12/2024;18/12/2024;Vestido Cristal (M);63000;1;;Móvil;;;;Sí;;;;;
4943;cliente_1478@ejemplo.com;17/12/2024 13:40:12;Abierta;Recibido;Enviado;ARS;250750.0;0.0;11118.0;261868.0;;;;;;;;;;Posadas;;Misiones;Argentina;Correo Argentino Clasico - Envio a domicilio;Mercado Pago;;;;17/12/2024;18/12/2024;Chaleco Noya (L);59500;1;;Móvil;;;;Sí;;;;;
4943;cliente_1478@ejemplo.com;;;;;;;;;;;;;;;;;;;;;;;;;;;;;;Louis (38);79050;1;;;;;;Sí;;;;;
4943;cliente_1478@ejemplo.com;;;;;;;;;;;;;;;;;;;;;;;;;;;;;;Jackie (L);112200;1;;;;;;Sí;;;;;
4942;cliente_0862@ejemplo.com;17/12/2024 12:43:06;Abierta;Recibido;Enviado;ARS;128000.0;0.0;7722.01;135722.01;;;;;;;;;;Moreno;;Gran Buenos Aires;Argentina;Correo Argentino Clasico - Envio a domicilio;Mercado Pago;;;;17/12/2024;18/12/2024;New Taylor (M);128000;1;;Móvil;;;;Sí;;;;;
4941;cliente_1355@ejemplo.com;17/12/2024 11:06:58;Abierta;Recibido;Enviado;ARS;60000.0;0.0;4699.99;64699.99;;;;;;;;;;José Clemente Paz;;Gran Buenos Aires;Argentina;Punto de retiro;Mercado Pago;;;;17/12/2024;17/12/2024;Catsuit Charly beige (L);60000;1;;Móvil;;;;Sí;;;;;
4940;cliente_1479@ejemplo.com;17/12/2024 08:45:34;Abierta;Recibido;Enviado;ARS;75000.0;0.0;6237.0;81237.0;;;;;;;;;;Confluencia;;Neuquén;Argentina;Punto de retiro;Mercado Pago;;;;17/12/2024;17/12/2024;Catsuit Charly blanco (S);75000;1;;Móvil;;;;Sí;;;;;
4938;cliente_1480@ejemplo.com;17/12/2024 07:34:59;Abierta;Recibido;Enviado;ARS;254400.0;0.0;9417.0;263817.0;;;;;;;;;;Mar Del Plara;;Buenos Aires;Argentina;Correo Argentino Clasico - Envio a domicilio;Mercado Pago;;;;17/12/2024;17/12/2024;Ciro (XL);128000;1;;Móvil;;;;Sí;;;;;
4938;cliente_1480@ejemplo.com;;;;;;;;;;;;;;;;;;;;;;;;;;;;;;Máxima (XL);126400;1;;;;;;Sí;;;;;
4937;cliente_1481@ejemplo.com;16/12/2024 22:26:46;Abierta;Recibido;Enviado;ARS;145500.0;0.0;9417.0;154917.0;;;;;;;;;;La Capital;;Santa Fe;Argentina;Correo Argentino Clasico - Envio a domicilio;Mercado Pago;;;;16/12/2024;17/12/2024;Túnica Natasha (M);67500;1;;Móvil;;;;Sí;;;;;
4937;cliente_1481@ejemplo.com;;;;;;;;;;;;;;;;;;;;;;;;;;;;;;Olivia (XL);78000;1;;;;;;Sí;;;;;
4935;cliente_1466@ejemplo.com;16/12/2024 19:52:51;Abierta;Recibido;Enviado;ARS;67500.0;0.0;7722.01;75222.01;;;;;;;;;;Ituzaingo ;;Gran Buenos Aires;Argentina;Correo Argentino Clasico - Envio a domicilio;Mercado Pago;;;;16/12/2024;17/12/2024;Virna (L);67500;1;;Móvil;;;;Sí;;;;;
4932;cliente_1482@ejemplo.com;16/12/2024 09:13:05;Abierta;Recibido;Enviado;ARS;142500.0;0.0;10800.0;153300.0;;;;;;;;;;Doctor Manuel Belgrano;;Jujuy;Argentina;Correo Argentino Clasico - Envio a domicilio;Mercado Pago;;;;16/12/2024;16/12/2024;Túnica Natasha (L);67500;1;;Móvil;;;;Sí;;;;;
4932;cliente_1482@ejemplo.com;;;;;;;;;;;;;;;;;;;;;;;;;;;;;;Vestido Selene (L);75000;1;;;;;;Sí;;;;;
4931;cliente_1113@ejemplo.com;15/12/2024 21:26:11;Abierta;Recibido;Enviado;ARS;186000.0;0.0;5135.0;191135.0;;;;;;;;;;San Isidro;;Gran Buenos Aires;Argentina;Punto de retiro;Mercado Pago;;;;15/12/2024;16/12/2024;Catsuit Charly beige (M);60000;1;;Móvil;;;;Sí;;;;;
4931;cliente_1113@ejemplo.com;;;;;;;;;;;;;;;;;;;;;;;;;;;;;;Idole (XL);63000;1;;;;;;Sí;;;;;
4931;cliente_1113@ejemplo.com;;;;;;;;;;;;;;;;;;;;;;;;;;;;;;Vestido Cristal (S);63000;1;;;;;;Sí;;;;;
4930;cliente_0519@ejemplo.com;15/12/2024 13:50:18;Abierta;Recibido;Enviado;ARS;128000.0;0.0;5715.0;133715.0;;;;;;;;;;Capital;;Córdoba;Argentina;Punto de retiro;Mercado Pago;;;;15/12/2024;16/12/2024;New Taylor (XL);128000;1;;Móvil;;;;Sí;;;;;
4928;cliente_0701@ejemplo.com;15/12/2024 13:03:16;Abierta;Recibido;Enviado;ARS;138550.0;0.0;6635.0;145185.0;;;;;;;;;;Rosario;;Santa Fe;Argentina;Punto de retiro;Mercado Pago;;;;15/12/2024;16/12/2024;Chaleco Noya (M);59500;1;;Móvil;;;;Sí;;;;;
4928;cliente_0701@ejemplo.com;;;;;;;;;;;;;;;;;;;;;;;;;;;;;;Louis (40);79050;1;;;;;;Sí;;;;;
4927;cliente_0447@ejemplo.com;15/12/2024 13:00:36;Abierta;Recibido;Enviado;ARS;67500.0;0.0;9159.0;76659.0;;;;;;;;;;Villaguay ;;Entre Ríos;Argentina;Correo Argentino Clasico - Envio a domicilio;Mercado Pago;;;;15/12/2024;16/12/2024;Virna (S);67500;1;;Móvil;;;;Sí;;;;;
4926;cliente_1483@ejemplo.com;15/12/2024 12:33:12;Abierta;Recibido;Enviado;ARS;112200.0;0.0;4699.99;116899.99;;;;;;;;;;Pilar;;Gran Buenos Aires;Argentina;Punto de retiro;Mercado Pago;;;;15/12/2024;16/12/2024;Jackie (XL);112200;1;;Móvil;;;;Sí;;;;;
4925;cliente_1484@ejemplo.com;15/12/2024 07:43:00;Abierta;Recibido;Enviado;ARS;108000.0;0.0;7722.01;115722.01;;;;;;;;;;Buenos Aires ;;Gran Buenos Aires;Argentina;Correo Argentino Clasico - Envio a domicilio;Mercado Pago;;;;15/12/2024;16/12/2024;Zaira (Azul, M);108000;1;1780;Móvil;;;;Sí;;;;;
4924;cliente_1148@ejemplo.com;14/12/2024 10:06:42;Abierta;Recibido;Enviado;ARS;63000.0;0.0;9159.0;72159.0;;;;;;;;;;Concordia;;Entre Ríos;Argentina;Correo Argentino Clasico - Envio a domicilio;Mercado Pago;;;;14/12/2024;16/12/2024;Vestido Cristal (L);63000;1;;Móvil;;;;Sí;;;;;
4922;cliente_1485@ejemplo.com;14/12/2024 03:36:44;Abierta;Recibido;Enviado;ARS;40000.0;0.0;9159.0;49159.0;;;;;;;;;;La Plata ;;Buenos Aires;Argentina;Correo Argentino Clasico - Envio a domicilio;Mercado Pago;;;;14/12/2024;16/12/2024;Zara acid (38);40000;1;;Móvil;;;;Sí;;;;;
4920;cliente_1486@ejemplo.com;13/12/2024 11:06:57;Abierta;Recibido;Enviado;ARS;128000.0;0.0;5715.0;133715.0;;;;;;;;;;General Pueyrredón;;Buenos Aires;Argentina;Punto de retiro;Mercado Pago;;;;13/12/2024;16/12/2024;New Taylor (S);128000;1;;Móvil;;;;Sí;;;;;
4919;cliente_1487@ejemplo.com;13/12/2024 09:53:48;Abierta;Recibido;Enviado;ARS;112200.0;0.0;5715.0;117915.0;;;;;;;;;;Luján;;Buenos Aires;Argentina;Punto de retiro;Mercado Pago;;;;13/12/2024;16/12/2024;Jackie (XL);112200;1;;Móvil;;;;Sí;;;;;
4918;cliente_0182@ejemplo.com;13/12/2024 08:41:06;Abierta;Recibido;Enviado;ARS;112200.0;0.0;5715.0;117915.0;;;;;;;;;;Punilla;;Córdoba;Argentina;Punto de retiro;Mercado Pago;;;;13/12/2024;13/12/2024;Jackie (XL);112200;1;;Móvil;;;;Sí;;;;;
4917;cliente_0478@ejemplo.com;12/12/2024 16:59:00;Abierta;Recibido;Enviado;ARS;36000.0;0.0;4699.99;40699.99;;;;;;;;;;Capital Federal;;Capital Federal;Argentina;Punto de retiro;Mercado Pago;;;;12/12/2024;13/12/2024;Giuli (S);36000;1;;Móvil;;;;Sí;;;;;
4915;cliente_1488@ejemplo.com;12/12/2024 10:41:28;Abierta;Recibido;Enviado;ARS;152000.0;0.0;4699.99;156699.99;;;;;;;;;;Capital Federal;;Capital Federal;Argentina;Punto de retiro;Mercado Pago;;;;12/12/2024;13/12/2024;Makena (Celeste, XL);152000;1;;Móvil;;;;Sí;;;;;
4914;cliente_1489@ejemplo.com;12/12/2024 10:16:45;Abierta;Recibido;Enviado;ARS;240200.0;0.0;8424.0;248624.0;;;;;;;;;;Beccar ;;Gran Buenos Aires;Argentina;Correo Argentino Clasico - Envio a domicilio;Mercado Pago;;;;12/12/2024;12/12/2024;Jackie (XL);112200;1;;Móvil;;;;Sí;;;;;
4914;cliente_1489@ejemplo.com;;;;;;;;;;;;;;;;;;;;;;;;;;;;;;New Taylor (XL);128000;1;;;;;;Sí;;;;;
4913;cliente_1490@ejemplo.com;12/12/2024 09:31:41;Abierta;Recibido;Enviado;ARS;219300.0;0.0;18284.0;237584.0;;;;;;;;;;Godoy cruz mendoza;;Mendoza;Argentina;Correo Argentino Clasico - Envio a domicilio;Mercado Pago;;;;12/12/2024;12/12/2024;Blazer Carel (XL);138550;1;;Móvil;;;;Sí;;;;;
4913;cliente_1490@ejemplo.com;;;;;;;;;;;;;;;;;;;;;;;;;;;;;;Calix (46);80750;1;1747;;;;;Sí;;;;;
4912;cliente_1491@ejemplo.com;11/12/2024 17:15:45;Abierta;Recibido;Enviado;ARS;78000.0;0.0;4699.99;82699.99;;;;;;;;;;Vicente López;;Gran Buenos Aires;Argentina;Punto de retiro;Mercado Pago;;;;11/12/2024;12/12/2024;Olivia (L);78000;1;;Móvil;;;;Sí;;;;;
4911;cliente_1492@ejemplo.com;11/12/2024 16:37:06;Abierta;Recibido;Enviado;ARS;142500.0;0.0;9417.0;151917.0;;;;;;;;;;Villa General Belgrano;;Córdoba;Argentina;Correo Argentino Clasico - Envio a domicilio;Transferencia o depósito bancario;;;;11/12/2024;12/12/2024;Catsuit Pola black (S);75000;1;;Móvil;;;;Sí;;;;;
4911;cliente_1492@ejemplo.com;;;;;;;;;;;;;;;;;;;;;;;;;;;;;;Virna (M);67500;1;;;;;;Sí;;;;;
4909;cliente_1493@ejemplo.com;11/12/2024 13:25:23;Abierta;Recibido;Enviado;ARS;79050.0;0.0;5715.0;84765.0;;;;;;;;;;Capital;;Córdoba;Argentina;Punto de retiro;Mercado Pago;;;;11/12/2024;12/12/2024;Louis (44);79050;1;;Móvil;;;;Sí;;;;;
4908;cliente_1494@ejemplo.com;11/12/2024 12:26:53;Abierta;Recibido;Enviado;ARS;128000.0;0.0;6635.0;134635.0;;;;;;;;;;Chivilcoy;;Buenos Aires;Argentina;Punto de retiro;Mercado Pago;;;;11/12/2024;11/12/2024;Giuli (S);36000;1;;Móvil;;;;Sí;;;;;
4908;cliente_1494@ejemplo.com;;;;;;;;;;;;;;;;;;;;;;;;;;;;;;Vestido Angel (M);92000;1;;;;;;Sí;;;;;
4907;cliente_1495@ejemplo.com;10/12/2024 18:04:56;Abierta;Recibido;Enviado;ARS;85000.0;0.0;7722.01;92722.01;;;;;;;;;;Buenos Aires ;;Gran Buenos Aires;Argentina;Correo Argentino Clasico - Envio a domicilio;Transferencia o depósito bancario;;;;11/12/2024;11/12/2024;Catsuit Olimpea (XL);85000;1;1728;Móvil;;;;Sí;;;;;
4906;cliente_0265@ejemplo.com;10/12/2024 17:29:01;Abierta;Recibido;Enviado;ARS;80000.0;0.0;7183.0;87183.0;;;;;;;;;;Ullúm;;San Juan;Argentina;Punto de retiro;Mercado Pago;;;;10/12/2024;11/12/2024;Zara blue (36);40000;1;;Móvil;;;;Sí;;;;;
4906;cliente_0265@ejemplo.com;;;;;;;;;;;;;;;;;;;;;;;;;;;;;;Zara acid (36);40000;1;;;;;;Sí;;;;;
4905;cliente_1496@ejemplo.com;10/12/2024 14:25:40;Abierta;Recibido;Enviado;ARS;112200.0;0.0;8000.0;120200.0;;;;;;;;;;Capital Federal;;Capital Federal;Argentina;Envio en moto CABA;Mercado Pago;;;;10/12/2024;12/12/2024;Jackie (L);112200;1;;Web;;;;Sí;;;;;
4904;cliente_1497@ejemplo.com;10/12/2024 00:46:10;Abierta;Recibido;Enviado;ARS;121550.0;0.0;4699.99;126249.99;;;;;;;;;;Berazategui;;Gran Buenos Aires;Argentina;Punto de retiro;Mercado Pago;;;;10/12/2024;10/12/2024;Marilyn (L);121550;1;;Móvil;;;;Sí;;;;;
4903;cliente_1498@ejemplo.com;09/12/2024 20:14:34;Abierta;Recibido;Enviado;ARS;202500.0;0.0;8000.0;210500.0;;;;;;;;;;Capital Federal;;Capital Federal;Argentina;Envio en moto CABA;Mercado Pago;;;;09/12/2024;11/12/2024;Catsuit Fame (M);67500;1;;Móvil;;;;Sí;;;;;
4903;cliente_1498@ejemplo.com;;;;;;;;;;;;;;;;;;;;;;;;;;;;;;Ornella (M);135000;1;;;;;;Sí;;;;;
4901;cliente_0772@ejemplo.com;09/12/2024 09:07:32;Abierta;Recibido;Enviado;ARS;128000.0;0.0;8000.0;136000.0;;;;;;;;;;Capital Federal;;Capital Federal;Argentina;Envio en moto CABA;Mercado Pago;;;;09/12/2024;10/12/2024;New Taylor (M);128000;1;;Móvil;;;;Sí;;;;;
4900;cliente_1499@ejemplo.com;09/12/2024 00:01:43;Abierta;Recibido;Enviado;ARS;85000.0;0.0;9159.0;94159.0;;;;;;;;;;Mar del plata ;;Buenos Aires;Argentina;Correo Argentino Clasico - Envio a domicilio;Mercado Pago;;;;09/12/2024;09/12/2024;Arlet (46);85000;1;1762;Móvil;;;;Sí;;;;;
4897;cliente_1500@ejemplo.com;08/12/2024 15:56:05;Abierta;Recibido;Enviado;ARS;128000.0;0.0;5715.0;133715.0;;;;;;;;;;Paraná;;Entre Ríos;Argentina;Punto de retiro;Transferencia o depósito bancario;;;;12/12/2024;13/12/2024;New Taylor (L);128000;1;;Móvil;;;;Sí;;;;;
4896;cliente_0272@ejemplo.com;08/12/2024 15:18:34;Abierta;Recibido;Enviado;ARS;85000.0;0.0;4699.99;89699.99;;;;;;;;;;General San Martin;;Gran Buenos Aires;Argentina;Punto de retiro;Mercado Pago;;;;08/12/2024;09/12/2024;Arlet (46);85000;1;1762;Móvil;;;;Sí;;;;;
4895;cliente_1501@ejemplo.com;08/12/2024 14:26:30;Abierta;Recibido;Enviado;ARS;86000.0;0.0;8974.01;94974.01;;;;;;;;;;Tandil;;Buenos Aires;Argentina;Punto de retiro;Mercado Pago;;;;08/12/2024;09/12/2024;Giuli (S);36000;1;;Móvil;;;;Sí;;;;;
4895;cliente_1501@ejemplo.com;;;;;;;;;;;;;;;;;;;;;;;;;;;;;;Jean Eugenia (40);50000;1;;;;;;Sí;;;;;
4894;cliente_1502@ejemplo.com;08/12/2024 13:37:41;Abierta;Recibido;Enviado;ARS;105600.0;0.0;8974.01;114574.01;;;;;;;;;;Rosario;;Santa Fe;Argentina;Punto de retiro;Mercado Pago;;;;08/12/2024;09/12/2024;Many (M);105600;1;;Móvil;;;;Sí;;;;;
4892;cliente_1503@ejemplo.com;08/12/2024 06:59:51;Abierta;Recibido;Enviado;ARS;92000.0;0.0;7722.01;99722.01;;;;;;;;;;Villa Bosch;;Gran Buenos Aires;Argentina;Correo Argentino Clasico - Envio a domicilio;Mercado Pago;;;;08/12/2024;09/12/2024;Vestido Angel (S);92000;1;;Móvil;;;;Sí;;;;;
4890;cliente_1504@ejemplo.com;08/12/2024 00:17:39;Abierta;Recibido;Enviado;ARS;36000.0;0.0;9159.0;45159.0;;;;;;;;;;Las Flores;;Buenos Aires;Argentina;Correo Argentino Clasico - Envio a domicilio;Mercado Pago;;;;08/12/2024;09/12/2024;Giuli (S);36000;1;;Móvil;;;;Sí;;;;;
4889;cliente_1505@ejemplo.com;07/12/2024 20:42:21;Abierta;Recibido;Enviado;ARS;112200.0;0.0;9933.0;122133.0;;;;;;;;;;Neuquén ;;Neuquén;Argentina;Correo Argentino Clasico - Envio a domicilio;Mercado Pago;;;;07/12/2024;09/12/2024;Jackie (M);112200;1;;Móvil;;;;Sí;;;;;
4888;cliente_0394@ejemplo.com;07/12/2024 19:15:18;Abierta;Recibido;Enviado;ARS;334100.0;0.0;11663.0;345763.0;;;;;;;;;;Coreoba;;Córdoba;Argentina;Correo Argentino Clasico - Envio a domicilio;Mercado Pago;;;;07/12/2024;09/12/2024;New Taylor (XL);128000;1;;Móvil;;;;Sí;;;;;
4888;cliente_0394@ejemplo.com;;;;;;;;;;;;;;;;;;;;;;;;;;;;;;Arlet (44);85000;1;1762;;;;;Sí;;;;;
4888;cliente_0394@ejemplo.com;;;;;;;;;;;;;;;;;;;;;;;;;;;;;;Fran (44);50000;1;;;;;;Sí;;;;;
4888;cliente_0394@ejemplo.com;;;;;;;;;;;;;;;;;;;;;;;;;;;;;;Naomi (44);71100;1;1781;;;;;Sí;;;;;
4887;cliente_0193@ejemplo.com;07/12/2024 18:22:08;Abierta;Recibido;Enviado;ARS;36000.0;0.0;4699.99;40699.99;;;;;;;;;;Lanus;;Gran Buenos Aires;Argentina;Punto de retiro;Mercado Pago;;;;07/12/2024;09/12/2024;Giuli (M);36000;1;;Móvil;;;;Sí;;;;;
4886;cliente_1506@ejemplo.com;07/12/2024 17:31:18;Abierta;Recibido;Enviado;ARS;36000.0;0.0;5715.0;41715.0;;;;;;;;;;Unión;;Córdoba;Argentina;Punto de retiro;Mercado Pago;;;;07/12/2024;09/12/2024;Giuli (L);36000;1;;Móvil;;;;Sí;;;;;
4885;cliente_1507@ejemplo.com;07/12/2024 14:20:00;Abierta;Recibido;Enviado;ARS;162400.0;0.0;10242.0;172642.0;;;;;;;;;;Capital;;Catamarca;Argentina;Correo Argentino Clasico - Envio a domicilio;Mercado Pago;;;;07/12/2024;09/12/2024;Máxima (XL);126400;1;;Móvil;;;;Sí;;;;;
4885;cliente_1507@ejemplo.com;;;;;;;;;;;;;;;;;;;;;;;;;;;;;;Giuli (L);36000;1;;;;;;Sí;;;;;
4884;cliente_1508@ejemplo.com;07/12/2024 11:03:34;Abierta;Recibido;Enviado;ARS;126400.0;0.0;9159.0;135559.0;;;;;;;;;;Rojas ;;Buenos Aires;Argentina;Correo Argentino Clasico - Envio a domicilio;Mercado Pago;;;;07/12/2024;09/12/2024;Milo (L);126400;1;;Móvil;;;;Sí;;;;;
4883;cliente_1509@ejemplo.com;07/12/2024 10:55:28;Abierta;Recibido;Enviado;ARS;388150.0;0.0;7431.0;395581.0;;;;;;;;;;Hurlingham;;Gran Buenos Aires;Argentina;Punto de retiro;Mercado Pago;;;;07/12/2024;09/12/2024;Vestido Selene (M);75000;1;;Móvil;;;;Sí;;;;;
4883;cliente_1509@ejemplo.com;;;;;;;;;;;;;;;;;;;;;;;;;;;;;;Vestido Koko (L);131750;1;1662;;;;;Sí;;;;;
4883;cliente_1509@ejemplo.com;;;;;;;;;;;;;;;;;;;;;;;;;;;;;;Mandy (M);106400;1;;;;;;Sí;;;;;
4883;cliente_1509@ejemplo.com;;;;;;;;;;;;;;;;;;;;;;;;;;;;;;Penelope (M);75000;1;;;;;;Sí;;;;;
4882;cliente_1510@ejemplo.com;07/12/2024 08:06:21;Abierta;Recibido;Enviado;ARS;85000.0;0.0;5715.0;90715.0;;;;;;;;;;Capital;;Córdoba;Argentina;Punto de retiro;Mercado Pago;;;;07/12/2024;09/12/2024;Arlet (38);85000;1;1762;Móvil;;;;Sí;;;;;
4879;cliente_0608@ejemplo.com;06/12/2024 17:45:05;Abierta;Recibido;Enviado;ARS;36000.0;0.0;4699.99;40699.99;;;;;;;;;;Beccar;;Gran Buenos Aires;Argentina;Punto de retiro;Mercado Pago;;;;06/12/2024;09/12/2024;New Magnolia (S);36000;1;;Móvil;;;;Sí;;;;;
4878;cliente_1511@ejemplo.com;06/12/2024 07:32:35;Abierta;Recibido;Enviado;ARS;67500.0;0.0;7722.01;75222.01;;;;;;;;;;Pilar;;Gran Buenos Aires;Argentina;Correo Argentino Clasico - Envio a domicilio;Mercado Pago;;;;06/12/2024;06/12/2024;Virna (XL);67500;1;;Móvil;;;;Sí;;;;;
4875;cliente_0262@ejemplo.com;05/12/2024 17:27:45;Abierta;Recibido;Enviado;ARS;114750.0;0.0;6237.0;120987.0;;;;;;;;;;Formosa;;Formosa;Argentina;Punto de retiro;Transferencia o depósito bancario;;;;06/12/2024;06/12/2024;Marion (S);114750;1;;Móvil;;;;Sí;;;;;
4872;cliente_1356@ejemplo.com;05/12/2024 16:26:53;Abierta;Recibido;Enviado;ARS;184200.0;0.0;5000.0;189200.0;;;;;;;;;;Vicente López;;Gran Buenos Aires;Argentina;Punto de retiro;Mercado Pago;;;;05/12/2024;06/12/2024;Jackie (XL);112200;1;;Móvil;;;;Sí;;;;;
4872;cliente_1356@ejemplo.com;;;;;;;;;;;;;;;;;;;;;;;;;;;;;;Jackes (XL, Celeste);72000;1;;;;;;Sí;;;;;
4869;cliente_1029@ejemplo.com;05/12/2024 11:55:35;Abierta;Recibido;Enviado;ARS;126400.0;0.0;5715.0;132115.0;;;;;;;;;;La Plata;;Buenos Aires;Argentina;Punto de retiro;Transferencia o depósito bancario;;;;05/12/2024;06/12/2024;Milo (S);126400;1;;Web;;;;Sí;;;;;
4868;cliente_0793@ejemplo.com;05/12/2024 10:52:12;Abierta;Recibido;Enviado;ARS;67500.0;0.0;5715.0;73215.0;;;;;;;;;;Capital;;Córdoba;Argentina;Punto de retiro;Mercado Pago;;;;05/12/2024;06/12/2024;Catsuit Fame (XL);67500;1;;Móvil;;;;Sí;;;;;
4867;cliente_1512@ejemplo.com;05/12/2024 08:58:16;Abierta;Recibido;Enviado;ARS;60000.0;0.0;5778.0;65778.0;;;;;;;;;;San Miguel de Tucumán;;Tucumán;Argentina;Punto de retiro;Mercado Pago;;;;05/12/2024;05/12/2024;Catsuit Margot Brown (S);60000;1;1428;Móvil;;;;Sí;;;;;
4866;cliente_1513@ejemplo.com;04/12/2024 23:29:43;Abierta;Recibido;Enviado;ARS;267500.0;0.0;8196.0;275696.0;;;;;;;;;;Capital;;Corrientes;Argentina;Punto de retiro;Mercado Pago;;;;04/12/2024;05/12/2024;Virna (XL);67500;1;;Móvil;;;;Sí;;;;;
4866;cliente_1513@ejemplo.com;;;;;;;;;;;;;;;;;;;;;;;;;;;;;;Giuli (M);36000;1;;;;;;Sí;;;;;
4866;cliente_1513@ejemplo.com;;;;;;;;;;;;;;;;;;;;;;;;;;;;;;New Magnolia (S);36000;1;;;;;;Sí;;;;;
4866;cliente_1513@ejemplo.com;;;;;;;;;;;;;;;;;;;;;;;;;;;;;;New Taylor (L);128000;1;;;;;;Sí;;;;;
4865;cliente_1514@ejemplo.com;04/12/2024 16:18:42;Abierta;Recibido;Enviado;ARS;152000.0;0.0;5715.0;157715.0;;;;;;;;;;Pergamino;;Buenos Aires;Argentina;Punto de retiro;Transferencia o depósito bancario;;;;05/12/2024;05/12/2024;Makena (Celeste, XL);152000;1;;Móvil;;;;Sí;;;;;
4864;cliente_0757@ejemplo.com;04/12/2024 11:49:49;Abierta;Recibido;Enviado;ARS;135000.0;0.0;9159.0;144159.0;;;;;;;;;;Santa Rosa ;;La Pampa;Argentina;Correo Argentino Clasico - Envio a domicilio;Mercado Pago;;;;04/12/2024;05/12/2024;Madison (L);135000;1;;Móvil;;;;Sí;;;;;
4863;cliente_1515@ejemplo.com;04/12/2024 09:44:31;Abierta;Recibido;Enviado;ARS;67500.0;0.0;5715.0;73215.0;;;;;;;;;;San Lorenzo;;Santa Fe;Argentina;Punto de retiro;Mercado Pago;;;;04/12/2024;04/12/2024;Catsuit Fame (XL);67500;1;;Móvil;;;;Sí;;;;;
4862;cliente_0833@ejemplo.com;04/12/2024 08:33:08;Abierta;Recibido;Enviado;ARS;126400.0;0.0;6493.0;132893.0;;;;;;;;;;Río Grande;;Tierra del Fuego;Argentina;Punto de retiro;Mercado Pago;;;;04/12/2024;04/12/2024;Máxima (XL);126400;1;;Móvil;;;;Sí;;;;;
4861;cliente_1516@ejemplo.com;03/12/2024 22:59:44;Abierta;Recibido;Enviado;ARS;129600.0;0.0;14298.01;143898.01;;;;;;;;;;Ushuaia;;Tierra del Fuego;Argentina;Correo Argentino Clasico - Envio a domicilio;Mercado Pago;;;;03/12/2024;04/12/2024;Carola (M);129600;1;;Móvil;;;;Sí;;;;;
4860;cliente_1517@ejemplo.com;03/12/2024 21:31:56;Abierta;Recibido;Enviado;ARS;136800.0;0.0;9933.0;146733.0;;;;;;;;;;Aguilares;;Tucumán;Argentina;Correo Argentino Clasico - Envio a domicilio;Mercado Pago;;;;03/12/2024;04/12/2024;Farrel (L);136800;1;;Móvil;;;;Sí;;;;;
4859;cliente_1518@ejemplo.com;03/12/2024 19:18:22;Abierta;Recibido;Enviado;ARS;112200.0;0.0;10003.0;122203.0;;;;;;;;;;Cómodorro Rivadavia;;Chubut;Argentina;Correo Argentino Clasico - Envio a domicilio;Mercado Pago;;;;03/12/2024;04/12/2024;Jackie (L);112200;1;;Móvil;;;;Sí;;;;;
4857;cliente_1519@ejemplo.com;03/12/2024 12:00:20;Abierta;Recibido;Enviado;ARS;50000.0;0.0;4699.99;54699.99;;;;;;;;;;Capital Federal;;Capital Federal;Argentina;Punto de retiro;Transferencia o depósito bancario;;;;03/12/2024;04/12/2024;Fran (38);50000;1;;Web;;;;Sí;;;;;
4856;cliente_1520@ejemplo.com;03/12/2024 11:23:41;Abierta;Recibido;Enviado;ARS;79050.0;0.0;9933.0;88983.0;;;;;;;;;;Mendoza;;Mendoza;Argentina;Correo Argentino Clasico - Envio a domicilio;Mercado Pago;;;;03/12/2024;04/12/2024;Louis (40);79050;1;;Móvil;;;;Sí;;;;;
4855;cliente_1521@ejemplo.com;03/12/2024 10:02:34;Abierta;Recibido;Enviado;ARS;112000.0;0.0;10003.0;122003.0;;;;;;;;;;Rio Grande;;Tierra del Fuego;Argentina;Correo Argentino Clasico - Envio a domicilio;Mercado Pago;;;;03/12/2024;04/12/2024;Catalina (XL);112000;1;;Móvil;;;;Sí;;;;;
4854;cliente_1522@ejemplo.com;03/12/2024 08:43:13;Abierta;Recibido;Enviado;ARS;239300.0;0.0;11829.0;251129.0;;;;;;;;;;Ushuaia;;Tierra del Fuego;Argentina;Correo Argentino Clasico - Envio a domicilio;Mercado Pago;;;;03/12/2024;03/12/2024;Vestido Selene (M);75000;1;;Móvil;;;;Sí;;;;;
4854;cliente_1522@ejemplo.com;;;;;;;;;;;;;;;;;;;;;;;;;;;;;;Charlotte (M);78300;1;;;;;;Sí;;;;;
4854;cliente_1522@ejemplo.com;;;;;;;;;;;;;;;;;;;;;;;;;;;;;;Fran (38);50000;1;;;;;;Sí;;;;;
4854;cliente_1522@ejemplo.com;;;;;;;;;;;;;;;;;;;;;;;;;;;;;;Lotus (M);36000;1;1677;;;;;Sí;;;;;
4853;cliente_1523@ejemplo.com;02/12/2024 22:30:31;Abierta;Recibido;Enviado;ARS;36000.0;0.0;4699.99;40699.99;;;;;;;;;;Almirante Brown;;Gran Buenos Aires;Argentina;Punto de retiro;Mercado Pago;;;;02/12/2024;03/12/2024;Giuli (L);36000;1;;Móvil;;;;Sí;;;;;
4852;cliente_0397@ejemplo.com;02/12/2024 17:47:06;Abierta;Recibido;Enviado;ARS;108000.0;0.0;8974.01;116974.01;;;;;;;;;;Paraná;;Entre Ríos;Argentina;Punto de retiro;Mercado Pago;;;;02/12/2024;03/12/2024;Rachel (XL);108000;1;;Móvil;;;;Sí;;;;;
4851;cliente_1524@ejemplo.com;02/12/2024 11:49:42;Abierta;Recibido;Enviado;ARS;75000.0;0.0;6237.0;81237.0;;;;;;;;;;Zapala;;Neuquén;Argentina;Punto de retiro;Mercado Pago;;;;02/12/2024;03/12/2024;Penelope (L);75000;1;;Móvil;;;;Sí;;;;;
4850;cliente_1525@ejemplo.com;02/12/2024 10:33:37;Abierta;Recibido;Enviado;ARS;99000.0;0.0;13007.0;112007.0;;;;;;;;;;Neuquen;;Neuquén;Argentina;Correo Argentino Clasico - Envio a domicilio;Transferencia o depósito bancario;;;;02/12/2024;03/12/2024;Vestido Cristal (S);63000;1;;Web;;;;Sí;;;;;
4850;cliente_1525@ejemplo.com;;;;;;;;;;;;;;;;;;;;;;;;;;;;;;Vestido Juliette blanco (S);36000;1;;;;;;Sí;;;;;
4848;cliente_1526@ejemplo.com;01/12/2024 20:33:56;Abierta;Recibido;Enviado;ARS;36000.0;0.0;4574.0;40574.0;;;;;;;;;;Lomas de Zamora;;Gran Buenos Aires;Argentina;Punto de retiro;Mercado Pago;;;;01/12/2024;03/12/2024;Lotus (S);36000;1;1677;Móvil;;;;Sí;;;;;
4847;cliente_1527@ejemplo.com;01/12/2024 19:15:59;Abierta;Recibido;Enviado;ARS;50000.0;0.0;7722.01;57722.01;;;;;;;;;;Capital Federal;;Capital Federal;Argentina;Correo Argentino Clasico - Envio a domicilio;Mercado Pago;;;;01/12/2024;03/12/2024;Fran (38);50000;1;;Móvil;;;;Sí;;;;;
4846;cliente_1528@ejemplo.com;01/12/2024 18:27:43;Abierta;Recibido;Enviado;ARS;75000.0;0.0;9933.0;84933.0;;;;;;;;;;Junín;;Mendoza;Argentina;Correo Argentino Clasico - Envio a domicilio;Mercado Pago;;;;01/12/2024;03/12/2024;Penelope (M);75000;1;;Móvil;;;;Sí;;;;;
4844;cliente_1529@ejemplo.com;01/12/2024 11:19:42;Abierta;Recibido;Enviado;ARS;128000.0;0.0;6237.0;134237.0;;;;;;;;;;General Pedernera;;San Luis;Argentina;Punto de retiro;Mercado Pago;;;;01/12/2024;03/12/2024;New Taylor (L);128000;1;;Móvil;;;;Sí;;;;;
4843;cliente_1467@ejemplo.com;01/12/2024 11:02:58;Abierta;Recibido;Enviado;ARS;59500.0;0.0;7722.01;67222.01;;;;;;;;;;Moron;;Gran Buenos Aires;Argentina;Correo Argentino Clasico - Envio a domicilio;Mercado Pago;;;;01/12/2024;03/12/2024;Chaleco Noya (L);59500;1;;Móvil;;;;Sí;;;;;
4842;cliente_1530@ejemplo.com;01/12/2024 10:53:30;Abierta;Recibido;Enviado;ARS;114750.0;0.0;7722.01;122472.01;;;;;;;;;;Martin Coronado;;Gran Buenos Aires;Argentina;Correo Argentino Clasico - Envio a domicilio;Mercado Pago;;;;01/12/2024;03/12/2024;Libre (L);114750;1;;Móvil;;;;Sí;;;;;
4841;cliente_0268@ejemplo.com;01/12/2024 10:33:05;Abierta;Recibido;Enviado;ARS;40000.0;0.0;4699.99;44699.99;;;;;;;;;;Esteban Echeverria;;Gran Buenos Aires;Argentina;Punto de retiro;Mercado Pago;;;;01/12/2024;03/12/2024;Zara acid (40);40000;1;;Móvil;;;;Sí;;;;;
4840;cliente_1531@ejemplo.com;01/12/2024 10:28:18;Abierta;Recibido;Enviado;ARS;67500.0;0.0;9933.0;77433.0;;;;;;;;;;San Martin;;Mendoza;Argentina;Correo Argentino Clasico - Envio a domicilio;Mercado Pago;;;;01/12/2024;03/12/2024;Virna (M);67500;1;;Móvil;;;;Sí;;;;;
4839;cliente_0762@ejemplo.com;01/12/2024 10:17:09;Abierta;Recibido;Enviado;ARS;106400.0;0.0;8661.99;115061.99;;;;;;;;;;Pontevedra;;Gran Buenos Aires;Argentina;Correo Argentino Clasico - Envio a domicilio;Mercado Pago;;;;01/12/2024;02/12/2024;Mandy (XL);106400;1;;Móvil;;;;Sí;;;;;
4838;cliente_0220@ejemplo.com;01/12/2024 10:05:25;Abierta;Recibido;Enviado;ARS;144000.0;0.0;9417.0;153417.0;;;;;;;;;;Rosario;;Santa Fe;Argentina;Correo Argentino Clasico - Envio a domicilio;Mercado Pago;;;;01/12/2024;02/12/2024;Jackes (L, Azul);72000;1;;Móvil;;;;Sí;;;;;
4838;cliente_0220@ejemplo.com;;;;;;;;;;;;;;;;;;;;;;;;;;;;;;Jackes (L, Celeste);72000;1;;;;;;Sí;;;;;
4836;cliente_0394@ejemplo.com;30/11/2024 23:21:28;Abierta;Recibido;Enviado;ARS;258250.0;0.0;9417.0;267667.0;;;;;;;;;;Coreoba;;Córdoba;Argentina;Correo Argentino Clasico - Envio a domicilio;Mercado Pago;;;;30/11/2024;02/12/2024;Ula (L);123250;1;;Móvil;;;;Sí;;;;;
4836;cliente_0394@ejemplo.com;;;;;;;;;;;;;;;;;;;;;;;;;;;;;;Madison (L);135000;1;;;;;;Sí;;;;;
4835;cliente_1532@ejemplo.com;30/11/2024 22:28:08;Abierta;Recibido;Enviado;ARS;184700.0;0.0;11663.0;196363.0;;;;;;;;;;Punilla;;Córdoba;Argentina;Correo Argentino Clasico - Envio a domicilio;Mercado Pago;;;;30/11/2024;02/12/2024;Charlotte (XL);78300;1;;Móvil;;;;Sí;;;;;
4835;cliente_1532@ejemplo.com;;;;;;;;;;;;;;;;;;;;;;;;;;;;;;Mandy (XL);106400;1;;;;;;Sí;;;;;
4834;cliente_1533@ejemplo.com;30/11/2024 22:27:20;Abierta;Recibido;Enviado;ARS;106400.0;0.0;5135.0;111535.0;;;;;;;;;;No informado;;Gran Buenos Aires;Argentina;Punto de retiro;Mercado Pago;;;;30/11/2024;02/12/2024;Mandy (XL);106400;1;;Móvil;;;;Sí;;;;;
4833;cliente_1319@ejemplo.com;30/11/2024 20:33:36;Abierta;Recibido;Enviado;ARS;105600.0;0.0;9933.0;115533.0;;;;;;;;;;Rincón de los Sauces ;;Neuquén;Argentina;Correo Argentino Clasico - Envio a domicilio;Mercado Pago;;;;30/11/2024;02/12/2024;Keaton (L);105600;1;;Móvil;;;;Sí;;;;;
4832;cliente_1534@ejemplo.com;30/11/2024 20:20:47;Abierta;Recibido;Enviado;ARS;75000.0;0.0;6000.0;81000.0;;;;;;;;;;Capital Federal;;Capital Federal;Argentina;Envio en moto CABA;Mercado Pago;;;;30/11/2024;06/12/2024;Vestido Selene (L);75000;1;;Móvil;;;;Sí;;;;;
4831;cliente_1535@ejemplo.com;30/11/2024 18:14:35;Abierta;Recibido;Enviado;ARS;173900.0;0.0;6000.0;179900.0;;;;;;;;;;Capital Federal;;Capital Federal;Argentina;Envio en moto CABA;Transferencia o depósito bancario;;;;02/12/2024;06/12/2024;Túnica Natasha (M);67500;1;;Móvil;;;;Sí;;;;;
4831;cliente_1535@ejemplo.com;;;;;;;;;;;;;;;;;;;;;;;;;;;;;;Mandy (M);106400;1;;;;;;Sí;;;;;
4830;cliente_1536@ejemplo.com;30/11/2024 11:43:37;Abierta;Recibido;Enviado;ARS;106400.0;0.0;11118.0;117518.0;;;;;;;;;;Andalgalá ;;Catamarca;Argentina;Correo Argentino Clasico - Envio a domicilio;Mercado Pago;;;;30/11/2024;02/12/2024;Mandy (S);106400;1;;Móvil;;;;Sí;;;;;
4829;cliente_0519@ejemplo.com;30/11/2024 10:36:35;Abierta;Recibido;Enviado;ARS;75000.0;0.0;5715.0;80715.0;;;;;;;;;;Capital;;Córdoba;Argentina;Punto de retiro;Mercado Pago;;;;30/11/2024;02/12/2024;Vestido Selene (M);75000;1;;Móvil;;;;Sí;;;;;
4828;cliente_1537@ejemplo.com;29/11/2024 22:05:17;Abierta;Recibido;Enviado;ARS;75000.0;0.0;9159.0;84159.0;;;;;;;;;;La Plata;;Buenos Aires;Argentina;Correo Argentino Clasico - Envio a domicilio;Mercado Pago;;;;29/11/2024;02/12/2024;Penelope (M);75000;1;;Móvil;;;;Sí;;;;;
4827;cliente_1538@ejemplo.com;29/11/2024 22:02:03;Abierta;Recibido;Enviado;ARS;221000.0;0.0;18284.0;239284.0;;;;;;;;;;Chacras de coria;;Mendoza;Argentina;Correo Argentino Clasico - Envio a domicilio;Mercado Pago;;;;29/11/2024;04/12/2024;Ambar (XL);63000;1;;Móvil;;;;Sí;;;;;
4827;cliente_1538@ejemplo.com;;;;;;;;;;;;;;;;;;;;;;;;;;;;;;Pantalón Fiona (XL);50000;1;;;;;;Sí;;;;;
4827;cliente_1538@ejemplo.com;;;;;;;;;;;;;;;;;;;;;;;;;;;;;;Rachel (XL);108000;1;;;;;;Sí;;;;;
4826;cliente_0147@ejemplo.com;29/11/2024 19:55:06;Abierta;Recibido;Enviado;ARS;63000.0;0.0;9159.0;72159.0;;;;;;;;;;Rosario;;Santa Fe;Argentina;Correo Argentino Clasico - Envio a domicilio;Mercado Pago;;;;29/11/2024;02/12/2024;Vestido Cristal (M);63000;1;;Móvil;;;;Sí;;;;;
4823;cliente_0861@ejemplo.com;29/11/2024 15:53:22;Abierta;Recibido;Enviado;ARS;123250.0;0.0;5715.0;128965.0;;;;;;;;;;Río Cuarto;;Córdoba;Argentina;Punto de retiro;Mercado Pago;;;;29/11/2024;03/12/2024;Fini (XL);123250;1;;Web;;;;Sí;;;;;
4822;cliente_1539@ejemplo.com;29/11/2024 14:26:16;Abierta;Recibido;Enviado;ARS;106400.0;0.0;8661.99;115061.99;;;;;;;;;;Buenos Aires;;Gran Buenos Aires;Argentina;Correo Argentino Clasico - Envio a domicilio;Mercado Pago;;;;29/11/2024;02/12/2024;Mandy (XL);106400;1;;Móvil;;;;Sí;;;;;
4821;cliente_1540@ejemplo.com;29/11/2024 14:02:02;Abierta;Recibido;Enviado;ARS;40000.0;0.0;6000.0;46000.0;;;;;;;;;;Capital Federal;;Capital Federal;Argentina;Envio en moto CABA;Mercado Pago;;;;29/11/2024;29/11/2024;Zara Dark (36);40000;1;;Web;;;;Sí;;;;;
4820;cliente_1541@ejemplo.com;29/11/2024 11:50:03;Abierta;Recibido;Enviado;ARS;106400.0;0.0;5135.0;111535.0;;;;;;;;;;Quilmes;;Gran Buenos Aires;Argentina;Punto de retiro;Mercado Pago;;;;29/11/2024;29/11/2024;Mandy (XL);106400;1;;Web;;;;Sí;;;;;
4819;cliente_1542@ejemplo.com;29/11/2024 11:36:52;Abierta;Recibido;Enviado;ARS;204200.0;0.0;8424.0;212624.0;;;;;;;;;;Monte Grande;;Gran Buenos Aires;Argentina;Correo Argentino Clasico - Envio a domicilio;Mercado Pago;;;;29/11/2024;29/11/2024;Vestido Angel (L);92000;1;;Móvil;;;;Sí;;;;;
4819;cliente_1542@ejemplo.com;;;;;;;;;;;;;;;;;;;;;;;;;;;;;;Jackie (L);112200;1;;;;;;Sí;;;;;
4818;cliente_1543@ejemplo.com;29/11/2024 10:21:45;Abierta;Recibido;Enviado;ARS;145500.0;0.0;5000.0;150500.0;;;;;;;;;;Capital Federal;;Capital Federal;Argentina;Punto de retiro;Mercado Pago;;;;29/11/2024;29/11/2024;Túnica Natasha (L);67500;1;;Móvil;;;;Sí;;;;;
4818;cliente_1543@ejemplo.com;;;;;;;;;;;;;;;;;;;;;;;;;;;;;;Olivia (XL);78000;1;;;;;;Sí;;;;;
4817;cliente_1544@ejemplo.com;28/11/2024 22:36:12;Abierta;Recibido;Enviado;ARS;75000.0;0.0;6237.0;81237.0;;;;;;;;;;Adolfo Alsina;;Rio Negro;Argentina;Punto de retiro;Mercado Pago;;;;29/11/2024;29/11/2024;Penelope (S);75000;1;;Móvil;;;;Sí;;;;;
4816;cliente_1545@ejemplo.com;28/11/2024 20:23:05;Abierta;Recibido;Enviado;ARS;112200.0;0.0;9159.0;121359.0;;;;;;;;;;Rosario;;Santa Fe;Argentina;Correo Argentino Clasico - Envio a domicilio;Mercado Pago;;;;28/11/2024;29/11/2024;Jackie (XL);112200;1;;Móvil;;;;Sí;;;;;
4815;cliente_1546@ejemplo.com;28/11/2024 16:30:21;Abierta;Recibido;Enviado;ARS;106400.0;0.0;7284.0;113684.0;;;;;;;;;;Capital;;Córdoba;Argentina;Punto de retiro;Mercado Pago;;;;28/11/2024;29/11/2024;Mandy (XL);106400;1;;Móvil;;;;Sí;;;;;
4814;cliente_1547@ejemplo.com;28/11/2024 10:46:05;Abierta;Recibido;Enviado;ARS;75000.0;0.0;5715.0;80715.0;;;;;;;;;;Pinamar;;Buenos Aires;Argentina;Punto de retiro;Mercado Pago;;;;28/11/2024;29/11/2024;Penelope (L);75000;1;;Móvil;;;;Sí;;;;;
4813;cliente_0818@ejemplo.com;28/11/2024 10:43:10;Abierta;Recibido;Enviado;ARS;60000.0;0.0;9159.0;69159.0;;;;;;;;;;Cordoba;;Córdoba;Argentina;Correo Argentino Clasico - Envio a domicilio;Mercado Pago;;;;28/11/2024;29/11/2024;Catsuit Casandra (S);60000;1;1651;Móvil;;;;Sí;;;;;
4812;cliente_0511@ejemplo.com;28/11/2024 09:26:05;Abierta;Recibido;Enviado;ARS;105600.0;0.0;4699.99;110299.99;;;;;;;;;;Malvinas Argentinas;;Gran Buenos Aires;Argentina;Punto de retiro;Mercado Pago;;;;28/11/2024;28/11/2024;Keaton (M);105600;1;;Móvil;;;;Sí;;;;;
4811;cliente_1548@ejemplo.com;28/11/2024 08:49:58;Abierta;Recibido;Enviado;ARS;106400.0;0.0;5135.0;111535.0;;;;;;;;;;Quilmes;;Gran Buenos Aires;Argentina;Punto de retiro;Mercado Pago;;;;28/11/2024;28/11/2024;Mandy (XL);106400;1;;Móvil;;;;Sí;;;;;
4810;cliente_1445@ejemplo.com;27/11/2024 23:30:13;Abierta;Recibido;Enviado;ARS;171750.0;0.0;7284.0;179034.0;;;;;;;;;;La Plata;;Buenos Aires;Argentina;Punto de retiro;Mercado Pago;;;;27/11/2024;28/11/2024;Vestido Koko (XL);131750;1;1662;Móvil;;;;Sí;;;;;
4810;cliente_1445@ejemplo.com;;;;;;;;;;;;;;;;;;;;;;;;;;;;;;Zara Dark (44);40000;1;;;;;;Sí;;;;;
4809;cliente_1310@ejemplo.com;27/11/2024 23:29:58;Abierta;Recibido;Enviado;ARS;40000.0;0.0;4699.99;44699.99;;;;;;;;;;Capital Federal;;Capital Federal;Argentina;Punto de retiro;Mercado Pago;;;;27/11/2024;28/11/2024;Zara Dark (36);40000;1;;Móvil;;;;Sí;;;;;
4808;cliente_0982@ejemplo.com;27/11/2024 22:42:15;Abierta;Recibido;Enviado;ARS;106400.0;0.0;5135.0;111535.0;;;;;;;;;;Capital Federal;;Capital Federal;Argentina;Punto de retiro;Mercado Pago;;;;27/11/2024;28/11/2024;Mandy (XL);106400;1;;Móvil;;;;Sí;;;;;
4806;cliente_0093@ejemplo.com;27/11/2024 18:06:12;Abierta;Recibido;Enviado;ARS;100000.0;0.0;9417.0;109417.0;;;;;;;;;;Mar del Plarta;;Buenos Aires;Argentina;Correo Argentino Clasico - Envio a domicilio;Mercado Pago;;;;27/11/2024;28/11/2024;Zara blue (42);40000;1;;Móvil;;;;Sí;;;;;
4806;cliente_0093@ejemplo.com;;;;;;;;;;;;;;;;;;;;;;;;;;;;;;Catsuit Charly rosa (XL);60000;1;;;;;;Sí;;;;;
4805;cliente_1549@ejemplo.com;27/11/2024 18:02:55;Abierta;Recibido;Enviado;ARS;67500.0;0.0;5715.0;73215.0;;;;;;;;;;Berisso;;Buenos Aires;Argentina;Punto de retiro;Mercado Pago;;;;27/11/2024;28/11/2024;Virna (L);67500;1;;Móvil;;;;Sí;;;;;
4803;cliente_1550@ejemplo.com;27/11/2024 12:11:39;Abierta;Recibido;Enviado;ARS;123250.0;0.0;7722.01;130972.01;;;;;;;;;;Guernica ;;Buenos Aires;Argentina;Correo Argentino Clasico - Envio a domicilio;Mercado Pago;;;;27/11/2024;28/11/2024;Ula (M);123250;1;;Móvil;;;;Sí;;;;;
4800;cliente_1551@ejemplo.com;27/11/2024 09:51:07;Abierta;Recibido;Enviado;ARS;114400.0;0.0;9159.0;123559.0;;;;;;;;;;Los Surgentes ;;Córdoba;Argentina;Correo Argentino Clasico - Envio a domicilio;Mercado Pago;;;;27/11/2024;27/11/2024;Bianca (L);114400;1;;Móvil;;;;Sí;;;;;
4799;cliente_1552@ejemplo.com;26/11/2024 23:02:18;Abierta;Recibido;Enviado;ARS;250050.0;0.0;12623.99;262673.99;;;;;;;;;;Capital;;Salta;Argentina;Punto de retiro;Mercado Pago;;;;26/11/2024;27/11/2024;New Magnolia (S);36000;1;;Móvil;;;;Sí;;;;;
4799;cliente_1552@ejemplo.com;;;;;;;;;;;;;;;;;;;;;;;;;;;;;;Cami (M);79050;1;;;;;;Sí;;;;;
4799;cliente_1552@ejemplo.com;;;;;;;;;;;;;;;;;;;;;;;;;;;;;;Catsuit Fame (M);67500;1;;;;;;Sí;;;;;
4799;cliente_1552@ejemplo.com;;;;;;;;;;;;;;;;;;;;;;;;;;;;;;Virna (L);67500;1;;;;;;Sí;;;;;
4798;cliente_1553@ejemplo.com;26/11/2024 21:59:53;Abierta;Recibido;Enviado;ARS;75000.0;0.0;6237.0;81237.0;;;;;;;;;;San Miguel de Tucumán;;Tucumán;Argentina;Punto de retiro;Mercado Pago;;;;26/11/2024;27/11/2024;Catsuit Charly negro (L);75000;1;;Móvil;;;;Sí;;;;;
4797;cliente_1319@ejemplo.com;26/11/2024 19:08:46;Abierta;Recibido;Enviado;ARS;108000.0;0.0;9933.0;117933.0;;;;;;;;;;Rincón de los Sauces ;;Neuquén;Argentina;Correo Argentino Clasico - Envio a domicilio;Mercado Pago;;;;26/11/2024;27/11/2024;Zaira (Azul, XL);108000;1;1780;Móvil;;;;Sí;;;;;
4796;cliente_1510@ejemplo.com;26/11/2024 19:08:28;Abierta;Recibido;Enviado;ARS;248000.0;0.0;8974.01;256974.01;;;;;;;;;;Capital;;Córdoba;Argentina;Punto de retiro;Mercado Pago;;;;26/11/2024;27/11/2024;Isabella (S);104000;1;;Móvil;;;;Sí;;;;;
4796;cliente_1510@ejemplo.com;;;;;;;;;;;;;;;;;;;;;;;;;;;;;;New Magnolia (S);36000;1;;;;;;Sí;;;;;
4796;cliente_1510@ejemplo.com;;;;;;;;;;;;;;;;;;;;;;;;;;;;;;Rachel (M);108000;1;;;;;;Sí;;;;;
4794;cliente_1554@ejemplo.com;26/11/2024 14:06:22;Abierta;Recibido;Enviado;ARS;108000.0;0.0;8196.0;116196.0;;;;;;;;;;San Martín;;Mendoza;Argentina;Punto de retiro;Mercado Pago;;;;26/11/2024;27/11/2024;Giuli (S);36000;1;;Móvil;;;;Sí;;;;;
4794;cliente_1554@ejemplo.com;;;;;;;;;;;;;;;;;;;;;;;;;;;;;;Giuli (L);36000;1;;;;;;Sí;;;;;
4794;cliente_1554@ejemplo.com;;;;;;;;;;;;;;;;;;;;;;;;;;;;;;Giuli (M);36000;1;;;;;;Sí;;;;;
4792;cliente_1555@ejemplo.com;26/11/2024 10:24:39;Abierta;Recibido;Enviado;ARS;59500.0;0.0;7722.01;67222.01;;;;;;;;;;Ramos Mejía;;Gran Buenos Aires;Argentina;Correo Argentino Clasico - Envio a domicilio;Mercado Pago;;;;26/11/2024;28/11/2024;Chaleco Noya (XL);59500;1;;Móvil;;;;Sí;;;;;
4790;cliente_1377@ejemplo.com;26/11/2024 06:48:52;Abierta;Recibido;Enviado;ARS;75000.0;0.0;6237.0;81237.0;;;;;;;;;;San Miguel de Tucumán;;Tucumán;Argentina;Punto de retiro;Mercado Pago;;;;26/11/2024;26/11/2024;Catsuit Aurora (L);75000;1;;Móvil;;;;Sí;;;;;
4789;cliente_1556@ejemplo.com;26/11/2024 00:02:39;Abierta;Recibido;Enviado;ARS;75000.0;0.0;9933.0;84933.0;;;;;;;;;;Cipolletti;;Rio Negro;Argentina;Correo Argentino Clasico - Envio a domicilio;Mercado Pago;;;;26/11/2024;26/11/2024;Penelope (L);75000;1;;Móvil;;;;Sí;;;;;
4788;cliente_1557@ejemplo.com;25/11/2024 23:37:55;Abierta;Recibido;Enviado;ARS;75000.0;0.0;4699.99;79699.99;;;;;;;;;;Capital Federal;;Capital Federal;Argentina;Punto de retiro;Mercado Pago;;;;25/11/2024;26/11/2024;Nadine (L);75000;1;;Móvil;;;;Sí;;;;;
4787;cliente_1250@ejemplo.com;25/11/2024 21:32:55;Abierta;Recibido;Enviado;ARS;182300.0;0.0;6000.0;188300.0;;;;;;;;;;Capital Federal;;Capital Federal;Argentina;Envio en moto CABA;Mercado Pago;;;;25/11/2024;29/11/2024;Jean Eugenia (44);50000;1;;Móvil;;;;Sí;;;;;
4787;cliente_1250@ejemplo.com;;;;;;;;;;;;;;;;;;;;;;;;;;;;;;Virna (XL);67500;1;;;;;;Sí;;;;;
4787;cliente_1250@ejemplo.com;;;;;;;;;;;;;;;;;;;;;;;;;;;;;;Corset Roma (XL);64800;1;;;;;;Sí;;;;;
4786;cliente_1500@ejemplo.com;25/11/2024 18:24:03;Abierta;Recibido;Enviado;ARS;124000.0;0.0;6635.0;130635.0;;;;;;;;;;Paraná;;Entre Ríos;Argentina;Punto de retiro;Transferencia o depósito bancario;;;;26/11/2024;26/11/2024;Lucrecia (L);124000;1;;Móvil;;;;Sí;;;;;
4785;cliente_1558@ejemplo.com;25/11/2024 16:21:31;Abierta;Recibido;Enviado;ARS;108000.0;0.0;4699.99;112699.99;;;;;;;;;;Ramos Mejia ;;Gran Buenos Aires;Argentina;Punto de retiro;Mercado Pago;;;;25/11/2024;26/11/2024;Zaira (Azul, XL);108000;1;1780;Móvil;;;;Sí;;;;;
4784;cliente_1559@ejemplo.com;25/11/2024 15:41:11;Abierta;Recibido;Enviado;ARS;106400.0;0.0;8661.99;115061.99;;;;;;;;;;Lanus;;Gran Buenos Aires;Argentina;Correo Argentino Clasico - Envio a domicilio;Mercado Pago;;;;25/11/2024;26/11/2024;Mandy (XL);106400;1;;Web;;;;Sí;;;;;
4783;cliente_1560@ejemplo.com;25/11/2024 14:54:35;Abierta;Recibido;Enviado;ARS;135000.0;0.0;10003.0;145003.0;;;;;;;;;;Río turbio ;;Santa Cruz;Argentina;Correo Argentino Clasico - Envio a domicilio;Mercado Pago;;;;25/11/2024;26/11/2024;Ornella (XL);135000;1;;Móvil;;;;Sí;;;;;
4782;cliente_1561@ejemplo.com;25/11/2024 14:28:04;Abierta;Recibido;Enviado;ARS;36000.0;0.0;4574.0;40574.0;;;;;;;;;;Capital Federal;;Capital Federal;Argentina;Punto de retiro;Mercado Pago;;;;25/11/2024;26/11/2024;Lotus (S);36000;1;1677;Móvil;;;;Sí;;;;;
4781;cliente_0628@ejemplo.com;25/11/2024 14:13:50;Abierta;Recibido;Enviado;ARS;72000.0;0.0;6635.0;78635.0;;;;;;;;;;Paraná;;Entre Ríos;Argentina;Punto de retiro;Mercado Pago;;;;25/11/2024;26/11/2024;New Magnolia (S);36000;1;;Móvil;;;;Sí;;;;;
4781;cliente_0628@ejemplo.com;;;;;;;;;;;;;;;;;;;;;;;;;;;;;;Giuli (L);36000;1;;;;;;Sí;;;;;
4780;cliente_1562@ejemplo.com;25/11/2024 09:32:58;Abierta;Recibido;Enviado;ARS;50000.0;0.0;4699.99;54699.99;;;;;;;;;;Vicente López;;Gran Buenos Aires;Argentina;Punto de retiro;Mercado Pago;;;;25/11/2024;25/11/2024;Zara blue (40);50000;1;;Web;;;;Sí;;;;;
4779;cliente_1563@ejemplo.com;25/11/2024 00:05:34;Abierta;Recibido;Enviado;ARS;50000.0;0.0;4699.99;54699.99;;;;;;;;;;Capital Federal;;Capital Federal;Argentina;Punto de retiro;Mercado Pago;;;;25/11/2024;25/11/2024;Zara Dark (38);50000;1;;Móvil;;;;Sí;;;;;
4777;cliente_1564@ejemplo.com;24/11/2024 18:31:40;Abierta;Recibido;Enviado;ARS;132000.0;0.0;5715.0;137715.0;;;;;;;;;;Patagonés;;Buenos Aires;Argentina;Punto de retiro;Mercado Pago;;;;24/11/2024;25/11/2024;Jackie (XL);132000;1;;Móvil;;;;Sí;;;;;
4776;cliente_1130@ejemplo.com;24/11/2024 18:31:26;Abierta;Recibido;Enviado;ARS;75000.0;0.0;9159.0;84159.0;;;;;;;;;;Rosario;;Santa Fe;Argentina;Correo Argentino Clasico - Envio a domicilio;Transferencia o depósito bancario;;;;26/11/2024;26/11/2024;Virna (XL);75000;1;;Móvil;;;;Sí;;;;;
4775;cliente_1565@ejemplo.com;24/11/2024 17:46:06;Abierta;Recibido;Enviado;ARS;388000.0;0.0;11663.0;399663.0;;;;;;;;;;Santa Rosa;;La Pampa;Argentina;Correo Argentino Clasico - Envio a domicilio;Mercado Pago;;;;24/11/2024;25/11/2024;Louis (44);93000;1;;Móvil;;;;Sí;;;;;
4775;cliente_1565@ejemplo.com;;;;;;;;;;;;;;;;;;;;;;;;;;;;;;Vestido Selene (M);75000;1;;;;;;Sí;;;;;
4775;cliente_1565@ejemplo.com;;;;;;;;;;;;;;;;;;;;;;;;;;;;;;Túnica Natasha (L);75000;1;;;;;;Sí;;;;;
4775;cliente_1565@ejemplo.com;;;;;;;;;;;;;;;;;;;;;;;;;;;;;;Penelope (L);75000;1;;;;;;Sí;;;;;
4775;cliente_1565@ejemplo.com;;;;;;;;;;;;;;;;;;;;;;;;;;;;;;Chaleco Noya (XL);70000;1;;;;;;Sí;;;;;
4773;cliente_1566@ejemplo.com;24/11/2024 12:06:19;Abierta;Recibido;Enviado;ARS;45000.0;0.0;4699.99;49699.99;;;;;;;;;;La Matanza;;Gran Buenos Aires;Argentina;Punto de retiro;Mercado Pago;;;;24/11/2024;25/11/2024;Vestido New Magnolia (S);45000;1;;Móvil;;;;Sí;;;;;
4772;cliente_0608@ejemplo.com;24/11/2024 10:25:27;Abierta;Recibido;Enviado;ARS;45000.0;0.0;4699.99;49699.99;;;;;;;;;;San Isidro;;Gran Buenos Aires;Argentina;Punto de retiro;Mercado Pago;;;;24/11/2024;25/11/2024;Vestido Giuli (L);45000;1;;Móvil;;;;Sí;;;;;
4771;cliente_1567@ejemplo.com;24/11/2024 10:22:25;Abierta;Recibido;Enviado;ARS;135000.0;0.0;9933.0;144933.0;;;;;;;;;;Centenario;;Neuquén;Argentina;Correo Argentino Clasico - Envio a domicilio;Mercado Pago;;;;24/11/2024;25/11/2024;Vestido Libre (L);135000;1;;Móvil;;;;Sí;;;;;
4770;cliente_1568@ejemplo.com;24/11/2024 09:33:06;Abierta;Recibido;Enviado;ARS;175000.0;0.0;6000.0;181000.0;;;;;;;;;;Capital Federal;;Capital Federal;Argentina;Envio en moto CABA;Mercado Pago;;;;24/11/2024;29/11/2024;Vestido Giuli (S);45000;1;;Móvil;;;;Sí;;;;;
4770;cliente_1568@ejemplo.com;;;;;;;;;;;;;;;;;;;;;;;;;;;;;;Isabella (S);130000;1;;;;;;Sí;;;;;
4768;cliente_1569@ejemplo.com;23/11/2024 15:59:02;Abierta;Recibido;Enviado;ARS;120000.0;0.0;6000.0;126000.0;;;;;;;;;;Capital Federal;;Capital Federal;Argentina;Envio en moto CABA;Mercado Pago;;;;23/11/2024;29/11/2024;Vestido Zaira (Celeste, L);120000;1;1780;Móvil;;;;Sí;;;;;
4767;cliente_1570@ejemplo.com;23/11/2024 14:31:48;Abierta;Recibido;Enviado;ARS;70000.0;0.0;7722.01;77722.01;;;;;;;;;;Temperley;;Gran Buenos Aires;Argentina;Correo Argentino Clasico - Envio a domicilio;Mercado Pago;;;;23/11/2024;25/11/2024;Vestido Cristal (XL);70000;1;;Móvil;;;;Sí;;;;;
4766;cliente_1488@ejemplo.com;23/11/2024 10:48:44;Abierta;Recibido;Enviado;ARS;75000.0;0.0;4699.99;79699.99;;;;;;;;;;Capital Federal;;Capital Federal;Argentina;Punto de retiro;Mercado Pago;;;;23/11/2024;25/11/2024;Catsuit Aurora (M);75000;1;;Móvil;;;;Sí;;;;;
4764;cliente_0559@ejemplo.com;22/11/2024 22:16:33;Abierta;Recibido;Enviado;ARS;132000.0;0.0;4699.99;136699.99;;;;;;;;;;Tres de Febrero;;Gran Buenos Aires;Argentina;Punto de retiro;Transferencia o depósito bancario;;;;25/11/2024;25/11/2024;Jackie (M);132000;1;;Móvil;;;;Sí;;;;;
4763;cliente_1571@ejemplo.com;22/11/2024 19:37:41;Abierta;Recibido;Enviado;ARS;45000.0;0.0;5778.0;50778.0;;;;;;;;;;General Roca;;Rio Negro;Argentina;Punto de retiro;Transferencia o depósito bancario;;;;25/11/2024;25/11/2024;New Gardenia (S);45000;1;;Web;;;;Sí;;;;;
4762;cliente_1572@ejemplo.com;22/11/2024 17:30:11;Abierta;Recibido;Enviado;ARS;45000.0;0.0;4574.0;49574.0;;;;;;;;;;Vicente López;;Gran Buenos Aires;Argentina;Punto de retiro;Mercado Pago;;;;22/11/2024;25/11/2024;New Gardenia (S);45000;1;;Web;;;;Sí;;;;;
4761;cliente_1573@ejemplo.com;22/11/2024 15:21:50;Abierta;Recibido;Enviado;ARS;175000.0;0.0;5135.0;180135.0;;;;;;;;;;General San Martin;;Gran Buenos Aires;Argentina;Punto de retiro;Mercado Pago;;;;22/11/2024;25/11/2024;Falda Vivianne (S);45000;1;;Móvil;;;;Sí;;;;;
4761;cliente_1573@ejemplo.com;;;;;;;;;;;;;;;;;;;;;;;;;;;;;;Catsuit Olimpea (S);85000;1;1728;;;;;Sí;;;;;
4761;cliente_1573@ejemplo.com;;;;;;;;;;;;;;;;;;;;;;;;;;;;;;Vestido Juliette negro (S);45000;1;;;;;;Sí;;;;;
4760;cliente_1574@ejemplo.com;22/11/2024 13:50:51;Abierta;Recibido;Enviado;ARS;512000.0;0.0;10963.0;522963.0;;;;;;;;;;Buenos Aires;;Gran Buenos Aires;Argentina;Correo Argentino Clasico - Envio a domicilio;Mercado Pago;;;;22/11/2024;25/11/2024;Vestido Zaira (Celeste, XL);120000;1;1780;Móvil;;;;Sí;;;;;
4760;cliente_1574@ejemplo.com;;;;;;;;;;;;;;;;;;;;;;;;;;;;;;Vestido Rachel (XL);120000;1;;;;;;Sí;;;;;
4760;cliente_1574@ejemplo.com;;;;;;;;;;;;;;;;;;;;;;;;;;;;;;Catalina (XL);140000;1;;;;;;Sí;;;;;
4760;cliente_1574@ejemplo.com;;;;;;;;;;;;;;;;;;;;;;;;;;;;;;Jackie (XL);132000;1;;;;;;Sí;;;;;
4758;cliente_1575@ejemplo.com;22/11/2024 12:40:44;Abierta;Recibido;Enviado;ARS;89000.0;0.0;9933.0;98933.0;;;;;;;;;;San Martin De Los Andes;;Neuquén;Argentina;Correo Argentino Clasico - Envio a domicilio;Mercado Pago;;;;22/11/2024;25/11/2024;Falda Irina (L);89000;1;;Móvil;;;;Sí;;;;;
4757;cliente_1510@ejemplo.com;22/11/2024 08:48:07;Abierta;Recibido;Enviado;ARS;75000.0;0.0;5715.0;80715.0;;;;;;;;;;Capital;;Córdoba;Argentina;Punto de retiro;Mercado Pago;;;;22/11/2024;22/11/2024;Virna (S);75000;1;;Móvil;;;;Sí;;;;;
4756;cliente_1576@ejemplo.com;22/11/2024 08:41:59;Abierta;Recibido;Enviado;ARS;70000.0;0.0;6000.0;76000.0;;;;;;;;;;Capital Federal;;Capital Federal;Argentina;Envio en moto CABA;Mercado Pago;;;;22/11/2024;22/11/2024;Vestido Cristal (XL);70000;1;;Móvil;;;;Sí;;;;;
4755;cliente_0406@ejemplo.com;22/11/2024 07:57:44;Abierta;Recibido;Enviado;ARS;50000.0;0.0;6000.0;56000.0;;;;;;;;;;Capital Federal;;Capital Federal;Argentina;Envio en moto CABA;Mercado Pago;;;;22/11/2024;22/11/2024;Fran (40);50000;1;;Web;;;;Sí;;;;;
4754;cliente_1577@ejemplo.com;22/11/2024 07:31:21;Abierta;Recibido;Enviado;ARS;79000.0;0.0;6000.0;85000.0;;;;;;;;;;Capital Federal;;Capital Federal;Argentina;Envio en moto CABA;Mercado Pago;;;;22/11/2024;29/11/2024;Naomi (46);79000;1;1781;Móvil;;;;Sí;;;;;
4753;cliente_1336@ejemplo.com;22/11/2024 02:24:48;Abierta;Recibido;Enviado;ARS;100000.0;0.0;6635.0;106635.0;;;;;;;;;;Bahia Blanca;;Buenos Aires;Argentina;Punto de retiro;Mercado Pago;;;;22/11/2024;22/11/2024;Zara blue (42);50000;1;;Móvil;;;;Sí;;;;;
4753;cliente_1336@ejemplo.com;;;;;;;;;;;;;;;;;;;;;;;;;;;;;;Fran (42);50000;1;;;;;;Sí;;;;;
4752;cliente_1578@ejemplo.com;21/11/2024 22:51:33;Abierta;Recibido;Enviado;ARS;120000.0;0.0;8974.01;128974.01;;;;;;;;;;Pinamar;;Buenos Aires;Argentina;Punto de retiro;Mercado Pago;;;;22/11/2024;26/11/2024;Vestido Rachel (L);120000;1;;Móvil;;;;Sí;;;;;
4751;cliente_1178@ejemplo.com;21/11/2024 22:14:30;Abierta;Recibido;Enviado;ARS;75000.0;0.0;10003.0;85003.0;;;;;;;;;;Salta;;Salta;Argentina;Correo Argentino Clasico - Envio a domicilio;Mercado Pago;;;;21/11/2024;22/11/2024;Virna (XL);75000;1;;Móvil;;;;Sí;;;;;
4750;cliente_1579@ejemplo.com;21/11/2024 22:11:25;Abierta;Recibido;Enviado;ARS;80000.0;0.0;6000.0;86000.0;;;;;;;;;;Capital Federal;;Capital Federal;Argentina;Envio en moto CABA;Mercado Pago;;;;21/11/2024;22/11/2024;Jackes (M, Azul);80000;1;;Móvil;;;;Sí;;;;;
4749;cliente_0748@ejemplo.com;21/11/2024 21:44:23;Abierta;Recibido;Enviado;ARS;45000.0;0.0;8908.0;53908.0;;;;;;;;;;Tigre ;;Gran Buenos Aires;Argentina;Correo Argentino Clasico - Envio a domicilio;Mercado Pago;;;;21/11/2024;22/11/2024;Vestido Juliette (M);45000;1;;Web;;;;Sí;;;;;
4748;cliente_1580@ejemplo.com;21/11/2024 20:28:03;Abierta;Recibido;Enviado;ARS;50000.0;0.0;9159.0;59159.0;;;;;;;;;;Corral de Bustos;;Córdoba;Argentina;Correo Argentino Clasico - Envio a domicilio;Mercado Pago;;;;21/11/2024;22/11/2024;Fran (44);50000;1;;Móvil;;;;Sí;;;;;
4747;cliente_1581@ejemplo.com;21/11/2024 20:18:58;Abierta;Recibido;Enviado;ARS;75000.0;0.0;5715.0;80715.0;;;;;;;;;;Capital;;Córdoba;Argentina;Punto de retiro;Mercado Pago;;;;21/11/2024;22/11/2024;Virna (XL);75000;1;;Móvil;;;;Sí;;;;;
4743;cliente_1582@ejemplo.com;21/11/2024 15:45:04;Abierta;Recibido;Enviado;ARS;95000.0;0.0;8424.0;103424.0;;;;;;;;;;Pilar;;Gran Buenos Aires;Argentina;Correo Argentino Clasico - Envio a domicilio;Mercado Pago;;;;21/11/2024;22/11/2024;New Gardenia (S);45000;1;;Móvil;;;;Sí;;;;;
4743;cliente_1582@ejemplo.com;;;;;;;;;;;;;;;;;;;;;;;;;;;;;;Fran (46);50000;1;;;;;;Sí;;;;;
4742;cliente_1334@ejemplo.com;21/11/2024 10:03:09;Abierta;Recibido;Enviado;ARS;75000.0;0.0;9159.0;84159.0;;;;;;;;;;Victoria ;;Entre Ríos;Argentina;Correo Argentino Clasico - Envio a domicilio;Mercado Pago;;;;21/11/2024;21/11/2024;Virna (L);75000;1;;Móvil;;;;Sí;;;;;
4741;cliente_1395@ejemplo.com;21/11/2024 09:40:36;Abierta;Recibido;Enviado;ARS;75000.0;0.0;7722.01;82722.01;;;;;;;;;;Lanus;;Gran Buenos Aires;Argentina;Correo Argentino Clasico - Envio a domicilio;Mercado Pago;;;;21/11/2024;21/11/2024;Catsuit Fame (XL);75000;1;;Móvil;;;;Sí;;;;;
4740;cliente_1583@ejemplo.com;19/11/2024 13:52:11;Abierta;Recibido;Enviado;ARS;105000.0;0.0;4699.99;109699.99;;;;;;;;;;Moreno;;Gran Buenos Aires;Argentina;Punto de retiro;Mercado Pago;;;;19/11/2024;21/11/2024;Arlet (46);105000;1;1762;Móvil;;;;Sí;;;;;
4739;cliente_0265@ejemplo.com;18/11/2024 19:17:17;Abierta;Recibido;Enviado;ARS;170000.0;0.0;7183.0;177183.0;;;;;;;;;;Ullúm;;San Juan;Argentina;Punto de retiro;Transferencia o depósito bancario;;;;18/11/2024;19/11/2024;Zara Dark (38);50000;1;;Móvil;;;;Sí;;;;;
4739;cliente_0265@ejemplo.com;;;;;;;;;;;;;;;;;;;;;;;;;;;;;;Catsuit Charly negro (M);75000;1;;;;;;Sí;;;;;
4739;cliente_0265@ejemplo.com;;;;;;;;;;;;;;;;;;;;;;;;;;;;;;New Gardenia (S);45000;1;;;;;;Sí;;;;;
4737;cliente_1584@ejemplo.com;18/11/2024 02:01:35;Abierta;Recibido;Enviado;ARS;75000.0;0.0;4699.99;79699.99;;;;;;;;;;Capital Federal;;Capital Federal;Argentina;Punto de retiro;Mercado Pago;;;;18/11/2024;19/11/2024;Catsuit Pola black (XL);75000;1;;Móvil;;;;Sí;;;;;
4736;cliente_0465@ejemplo.com;18/11/2024 01:27:53;Abierta;Recibido;Enviado;ARS;120000.0;0.0;6000.0;126000.0;;;;;;;;;;Capital Federal;;Capital Federal;Argentina;Envio en moto CABA;Mercado Pago;;;;18/11/2024;25/11/2024;Vestido Zaira (Azul, XL);120000;1;1780;Móvil;;;;Sí;;;;;
4735;cliente_1510@ejemplo.com;16/11/2024 18:16:39;Abierta;Recibido;Enviado;ARS;79000.0;0.0;5715.0;84715.0;;;;;;;;;;Capital;;Córdoba;Argentina;Punto de retiro;Mercado Pago;;;;16/11/2024;19/11/2024;Naomi (38);79000;1;1781;Móvil;;;;Sí;;;;;
4734;cliente_0170@ejemplo.com;16/11/2024 17:22:04;Abierta;Recibido;Enviado;ARS;120000.0;0.0;4699.99;124699.99;;;;;;;;;;Escobar;;Gran Buenos Aires;Argentina;Punto de retiro;Mercado Pago;;;;16/11/2024;19/11/2024;Vestido Zaira (Celeste, M);120000;1;1780;Móvil;;;;Sí;;;;;
4733;cliente_1585@ejemplo.com;16/11/2024 13:05:11;Abierta;Recibido;Enviado;ARS;195000.0;0.0;7183.0;202183.0;;;;;;;;;;Cruz Alta;;Tucumán;Argentina;Punto de retiro;Mercado Pago;;;;16/11/2024;19/11/2024;Catsuit Charly beige (M);75000;1;;Móvil;;;;Sí;;;;;
4733;cliente_1585@ejemplo.com;;;;;;;;;;;;;;;;;;;;;;;;;;;;;;New Gardenia (S);45000;1;;;;;;Sí;;;;;
4733;cliente_1585@ejemplo.com;;;;;;;;;;;;;;;;;;;;;;;;;;;;;;Catsuit Fame (M);75000;1;;;;;;Sí;;;;;
4732;cliente_1586@ejemplo.com;16/11/2024 00:32:51;Abierta;Recibido;Enviado;ARS;250000.0;0.0;11118.0;261118.0;;;;;;;;;;Santiago del Estero ;;Santiago del Estero;Argentina;Correo Argentino Clasico - Envio a domicilio;Mercado Pago;;;;16/11/2024;19/11/2024;Vestido Cristal (L);70000;1;;Móvil;;;;Sí;;;;;
4732;cliente_1586@ejemplo.com;;;;;;;;;;;;;;;;;;;;;;;;;;;;;;Opium Black (XL);135000;1;;;;;;Sí;;;;;
4732;cliente_1586@ejemplo.com;;;;;;;;;;;;;;;;;;;;;;;;;;;;;;Vestido New Magnolia (S);45000;1;;;;;;Sí;;;;;
4731;cliente_1131@ejemplo.com;15/11/2024 23:32:32;Abierta;Recibido;Enviado;ARS;80000.0;0.0;4699.99;84699.99;;;;;;;;;;La Matanza;;Gran Buenos Aires;Argentina;Punto de retiro;Mercado Pago;;;;15/11/2024;19/11/2024;Jackes (L, Azul);80000;1;;Móvil;;;;Sí;;;;;
4730;cliente_1587@ejemplo.com;15/11/2024 20:28:43;Abierta;Recibido;Enviado;ARS;45000.0;0.0;4699.99;49699.99;;;;;;;;;;Almirante Brown;;Gran Buenos Aires;Argentina;Punto de retiro;Mercado Pago;;;;15/11/2024;19/11/2024;Vestido New Magnolia (S);45000;1;;Móvil;;;;Sí;;;;;
4729;cliente_1588@ejemplo.com;15/11/2024 19:02:36;Abierta;Recibido;Enviado;ARS;179000.0;0.0;6493.0;185493.0;;;;;;;;;;Lago Buenos Aires;;Santa Cruz;Argentina;Punto de retiro;Mercado Pago;;;;15/11/2024;19/11/2024;Makena (L);179000;1;;Móvil;;;;Sí;;;;;
4728;cliente_1589@ejemplo.com;15/11/2024 11:43:21;Abierta;Recibido;Enviado;ARS;70000.0;0.0;9159.0;79159.0;;;;;;;;;;Monte Cristo;;Córdoba;Argentina;Correo Argentino Clasico - Envio a domicilio;Mercado Pago;;;;15/11/2024;19/11/2024;Vestido Cristal (XL);70000;1;;Móvil;;;;Sí;;;;;
4727;cliente_1590@ejemplo.com;15/11/2024 10:06:07;Abierta;Recibido;Enviado;ARS;337000.0;0.0;11118.0;348118.0;;;;;;;;;;Tucumán ;;Tucumán;Argentina;Correo Argentino Clasico - Envio a domicilio;Transferencia o depósito bancario;;;;15/11/2024;15/11/2024;Vestido Selene (L);75000;1;;Móvil;;;;Sí;;;;;
4727;cliente_1590@ejemplo.com;;;;;;;;;;;;;;;;;;;;;;;;;;;;;;Vestido Olivia (XL);130000;1;;;;;;Sí;;;;;
4727;cliente_1590@ejemplo.com;;;;;;;;;;;;;;;;;;;;;;;;;;;;;;Vestido Keaton (XL);132000;1;;;;;;Sí;;;;;
4726;cliente_1591@ejemplo.com;15/11/2024 08:55:08;Abierta;Recibido;Enviado;ARS;75000.0;0.0;6000.0;81000.0;;;;;;;;;;Capital Federal;;Capital Federal;Argentina;Envio en moto CABA;Mercado Pago;;;;15/11/2024;25/11/2024;Catsuit Aurora (L);75000;1;;Móvil;;;;Sí;;;;;
4724;cliente_1592@ejemplo.com;14/11/2024 22:23:55;Abierta;Recibido;Enviado;ARS;50000.0;0.0;9159.0;59159.0;;;;;;;;;;Córdoba;;Córdoba;Argentina;Correo Argentino Clasico - Envio a domicilio;Transferencia o depósito bancario;;;;15/11/2024;15/11/2024;Pantalón Fiona (L);50000;1;;Móvil;;;;Sí;;;;;
4723;cliente_1593@ejemplo.com;14/11/2024 18:43:19;Abierta;Recibido;Enviado;ARS;179000.0;0.0;7722.01;186722.01;;;;;;;;;;Ezeiza;;Gran Buenos Aires;Argentina;Correo Argentino Clasico - Envio a domicilio;Mercado Pago;;;;14/11/2024;15/11/2024;Makena (L);179000;1;;Móvil;;;;Sí;;;;;
4722;cliente_1594@ejemplo.com;14/11/2024 16:37:38;Abierta;Recibido;Enviado;ARS;120000.0;0.0;7722.01;127722.01;;;;;;;;;;Ezeiza ;;Gran Buenos Aires;Argentina;Correo Argentino Clasico - Envio a domicilio;Mercado Pago;;;;14/11/2024;15/11/2024;Vestido Zaira (Azul, XL);120000;1;1780;Móvil;;;;Sí;;;;;
4721;cliente_1595@ejemplo.com;14/11/2024 16:08:16;Abierta;Recibido;Enviado;ARS;160000.0;0.0;7722.01;167722.01;;;;;;;;;;Merlo;;Gran Buenos Aires;Argentina;Correo Argentino Clasico - Envio a domicilio;Mercado Pago;;;;14/11/2024;15/11/2024;New Taylor (XL);160000;1;;Móvil;;;;Sí;;;;;
4719;cliente_1596@ejemplo.com;14/11/2024 15:05:26;Abierta;Recibido;Enviado;ARS;150000.0;0.0;6000.0;156000.0;;;;;;;;;;Capital Federal;;Capital Federal;Argentina;Envio en moto CABA;Mercado Pago;;;;14/11/2024;19/11/2024;Ornella (L);150000;1;;Móvil;;;;Sí;;;;;
4717;cliente_1274@ejemplo.com;14/11/2024 11:40:01;Abierta;Recibido;Enviado;ARS;45000.0;0.0;5715.0;50715.0;;;;;;;;;;Rosario;;Santa Fe;Argentina;Punto de retiro;Mercado Pago;;;;14/11/2024;15/11/2024;Falda Vivianne (S);45000;1;;Móvil;;;;Sí;;;;;
4716;cliente_0394@ejemplo.com;14/11/2024 10:05:08;Abierta;Recibido;Enviado;ARS;224000.0;0.0;9417.0;233417.0;;;;;;;;;;Coreoba;;Córdoba;Argentina;Correo Argentino Clasico - Envio a domicilio;Mercado Pago;;;;14/11/2024;15/11/2024;Makena (XL);179000;1;;Móvil;;;;Sí;;;;;
4716;cliente_0394@ejemplo.com;;;;;;;;;;;;;;;;;;;;;;;;;;;;;;New Gardenia (S);45000;1;;;;;;Sí;;;;;
4715;cliente_1597@ejemplo.com;14/11/2024 07:06:51;Abierta;Recibido;Enviado;ARS;70000.0;0.0;5715.0;75715.0;;;;;;;;;;La Plata;;Buenos Aires;Argentina;Punto de retiro;Mercado Pago;;;;14/11/2024;15/11/2024;Chaleco Noya (XL);70000;1;;Móvil;;;;Sí;;;;;
4714;cliente_1598@ejemplo.com;13/11/2024 21:07:46;Abierta;Recibido;Enviado;ARS;95000.0;0.0;5000.0;100000.0;;;;;;;;;;Capital Federal;;Capital Federal;Argentina;Punto de retiro;Mercado Pago;;;;13/11/2024;15/11/2024;Vestido Giuli (S);45000;1;;Móvil;;;;Sí;;;;;
4714;cliente_1598@ejemplo.com;;;;;;;;;;;;;;;;;;;;;;;;;;;;;;Fran (38);50000;1;;;;;;Sí;;;;;
4713;cliente_1599@ejemplo.com;13/11/2024 18:47:10;Abierta;Recibido;Enviado;ARS;160000.0;0.0;6000.0;166000.0;;;;;;;;;;Capital Federal;;Capital Federal;Argentina;Envio en moto CABA;Mercado Pago;;;;13/11/2024;19/11/2024;Overall Taylor (L);160000;1;;Móvil;;;;Sí;;;;;
4711;cliente_1600@ejemplo.com;13/11/2024 16:18:18;Abierta;Recibido;Enviado;ARS;180000.0;0.0;11663.0;191663.0;;;;;;;;;;San Jose ;;Entre Ríos;Argentina;Correo Argentino Clasico - Envio a domicilio;Mercado Pago;;;;13/11/2024;15/11/2024;Vestido Giuli (M);45000;1;;Móvil;;;;Sí;;;;;
4711;cliente_1600@ejemplo.com;;;;;;;;;;;;;;;;;;;;;;;;;;;;;;Vestido Rachel (M);135000;1;;;;;;Sí;;;;;
4710;cliente_1601@ejemplo.com;13/11/2024 15:55:49;Abierta;Recibido;Enviado;ARS;50000.0;0.0;6000.0;56000.0;;;;;;;;;;Capital Federal;;Capital Federal;Argentina;Envio en moto CABA;Mercado Pago;;;;13/11/2024;19/11/2024;Zara Dark (40);50000;1;;Móvil;;;;Sí;;;;;
4709;cliente_1237@ejemplo.com;13/11/2024 14:48:55;Abierta;Recibido;Enviado;ARS;179000.0;0.0;9159.0;188159.0;;;;;;;;;;Bolivar;;Buenos Aires;Argentina;Correo Argentino Clasico - Envio a domicilio;Mercado Pago;;;;13/11/2024;15/11/2024;Makena (XL);179000;1;;Móvil;;;;Sí;;;;;
4708;cliente_1602@ejemplo.com;13/11/2024 12:07:18;Abierta;Recibido;Enviado;ARS;45000.0;0.0;9159.0;54159.0;;;;;;;;;;Rosario ;;Santa Fe;Argentina;Correo Argentino Clasico - Envio a domicilio;Mercado Pago;;;;13/11/2024;13/11/2024;Vestido Giuli (L);45000;1;;Móvil;;;;Sí;;;;;
4707;cliente_1603@ejemplo.com;13/11/2024 11:09:42;Abierta;Recibido;Enviado;ARS;132000.0;0.0;9933.0;141933.0;;;;;;;;;;San juan ;;San Juan;Argentina;Correo Argentino Clasico - Envio a domicilio;Mercado Pago;;;;13/11/2024;13/11/2024;Jackie (XL);132000;1;;Móvil;;;;Sí;;;;;
4704;cliente_1604@ejemplo.com;13/11/2024 08:24:08;Abierta;Recibido;Enviado;ARS;40000.0;0.0;4574.0;44574.0;;;;;;;;;;Tigre;;Gran Buenos Aires;Argentina;Punto de retiro;Transferencia o depósito bancario;;;;13/11/2024;21/11/2024;Camisa Lotus (L);40000;1;1677;Móvil;;;;Sí;;;;;
4703;cliente_1605@ejemplo.com;13/11/2024 08:14:37;Abierta;Recibido;Enviado;ARS;135000.0;0.0;7722.01;142722.01;;;;;;;;;;Ituzaingo ;;Gran Buenos Aires;Argentina;Correo Argentino Clasico - Envio a domicilio;Mercado Pago;;;;13/11/2024;13/11/2024;Francesca (XL);135000;1;;Móvil;;;;Sí;;;;;
4701;cliente_1606@ejemplo.com;13/11/2024 07:29:20;Abierta;Recibido;Enviado;ARS;75000.0;0.0;7722.01;82722.01;;;;;;;;;;Capilla del Señor ;;Buenos Aires;Argentina;Correo Argentino Clasico - Envio a domicilio;Transferencia o depósito bancario;;;;13/11/2024;13/11/2024;Nadine (L);75000;1;;Móvil;;;;Sí;;;;;
4700;cliente_1607@ejemplo.com;13/11/2024 07:00:43;Abierta;Recibido;Enviado;ARS;75000.0;0.0;6237.0;81237.0;;;;;;;;;;Capital;;Catamarca;Argentina;Punto de retiro;Mercado Pago;;;;13/11/2024;13/11/2024;Catsuit Charly rosa (L);75000;1;;Móvil;;;;Sí;;;;;
4699;cliente_1608@ejemplo.com;13/11/2024 00:02:47;Abierta;Recibido;Enviado;ARS;45000.0;0.0;4574.0;49574.0;;;;;;;;;;Avellaneda;;Gran Buenos Aires;Argentina;Punto de retiro;Mercado Pago;;;;13/11/2024;13/11/2024;New Gardenia (S);45000;1;;Móvil;;;;Sí;;;;;
4698;cliente_1609@ejemplo.com;12/11/2024 23:43:19;Abierta;Recibido;Enviado;ARS;45000.0;0.0;10003.0;55003.0;;;;;;;;;;Trelew;;Chubut;Argentina;Correo Argentino Clasico - Envio a domicilio;Mercado Pago;;;;12/11/2024;13/11/2024;Vestido New Magnolia (S);45000;1;;Móvil;;;;Sí;;;;;
4697;cliente_1610@ejemplo.com;12/11/2024 20:11:24;Abierta;Recibido;Enviado;ARS;85000.0;0.0;6237.0;91237.0;;;;;;;;;;Godoy Cruz;;Mendoza;Argentina;Punto de retiro;Transferencia o depósito bancario;;;;13/11/2024;22/11/2024;Jackes (L, Azul);85000;1;;Móvil;;;;Sí;;;;;
4696;cliente_1611@ejemplo.com;12/11/2024 19:07:54;Abierta;Recibido;Enviado;ARS;160000.0;0.0;9159.0;169159.0;;;;;;;;;;Junin;;Buenos Aires;Argentina;Correo Argentino Clasico - Envio a domicilio;Mercado Pago;;;;12/11/2024;13/11/2024;Overall Eiffel (XL);160000;1;;Móvil;;;;Sí;;;;;
4695;cliente_1612@ejemplo.com;12/11/2024 18:08:20;Abierta;Recibido;Enviado;ARS;50000.0;0.0;13007.0;63007.0;;;;;;;;;;Resistencia ;;Chaco;Argentina;Correo Argentino Clasico - Envio a domicilio;Mercado Pago;;;;12/11/2024;13/11/2024;Jean Eugenia (42);50000;1;;Móvil;;;;Sí;;;;;
4692;cliente_1613@ejemplo.com;11/11/2024 22:28:56;Abierta;Recibido;Enviado;ARS;75000.0;0.0;4699.99;79699.99;;;;;;;;;;La Matanza;;Gran Buenos Aires;Argentina;Punto de retiro;Mercado Pago;;;;11/11/2024;15/11/2024;Catsuit Pola black (M);75000;1;;Móvil;;;;Sí;;;;;
4691;cliente_1614@ejemplo.com;11/11/2024 14:06:18;Abierta;Recibido;Enviado;ARS;75000.0;0.0;7722.01;82722.01;;;;;;;;;;Hudson ;;Gran Buenos Aires;Argentina;Correo Argentino Clasico - Envio a domicilio;Mercado Pago;;;;11/11/2024;13/11/2024;Catsuit Pola black (S);75000;1;;Móvil;;;;Sí;;;;;
4689;cliente_1615@ejemplo.com;11/11/2024 11:07:31;Abierta;Recibido;Enviado;ARS;75000.0;0.0;6237.0;81237.0;;;;;;;;;;Mendoza;;Mendoza;Argentina;Punto de retiro;Mercado Pago;;;;11/11/2024;12/11/2024;Catsuit Fame (XL);75000;1;;Móvil;;;;Sí;;;;;
4688;cliente_1616@ejemplo.com;11/11/2024 02:09:41;Abierta;Recibido;Enviado;ARS;270000.0;0.0;7183.0;277183.0;;;;;;;;;;San Miguel de Tucumán;;Tucumán;Argentina;Punto de retiro;Transferencia o depósito bancario;;;;11/11/2024;12/11/2024;Ornella (S);135000;1;;Móvil;;;;Sí;;;;;
4688;cliente_1616@ejemplo.com;;;;;;;;;;;;;;;;;;;;;;;;;;;;;;Minerva (M);135000;1;;;;;;Sí;;;;;
4687;cliente_1617@ejemplo.com;10/11/2024 23:03:19;Abierta;Recibido;Enviado;ARS;100000.0;0.0;7722.01;107722.01;;;;;;;;;;Capitán Sarmiento ;;Buenos Aires;Argentina;Correo Argentino Clasico - Envio a domicilio;Mercado Pago;;;;10/11/2024;11/11/2024;Vestido Libre (L);100000;1;;Móvil;;;;Sí;;;;;
4685;cliente_1618@ejemplo.com;10/11/2024 19:06:44;Abierta;Recibido;Enviado;ARS;135000.0;0.0;6000.0;141000.0;;;;;;;;;;Capital Federal;;Capital Federal;Argentina;Envio en moto CABA;Mercado Pago;;;;10/11/2024;13/11/2024;New Taylor (XL);135000;1;;Móvil;;;;Sí;;;;;
4684;cliente_1619@ejemplo.com;10/11/2024 18:06:47;Abierta;Recibido;Enviado;ARS;145000.0;0.0;6000.0;151000.0;;;;;;;;;;Capital Federal;;Capital Federal;Argentina;Envio en moto CABA;Mercado Pago;;;;10/11/2024;13/11/2024;Top Euforia (L);25000;1;;Móvil;;;;Sí;;;;;
4684;cliente_1619@ejemplo.com;;;;;;;;;;;;;;;;;;;;;;;;;;;;;;Pantalón Fiona (L);50000;1;;;;;;Sí;;;;;
4684;cliente_1619@ejemplo.com;;;;;;;;;;;;;;;;;;;;;;;;;;;;;;Vestido Cristal (M);70000;1;;;;;;Sí;;;;;
4683;cliente_1620@ejemplo.com;10/11/2024 16:45:43;Abierta;Recibido;Enviado;ARS;150000.0;0.0;5000.0;155000.0;;;;;;;;;;General San Martin;;Gran Buenos Aires;Argentina;Punto de retiro;Mercado Pago;;;;10/11/2024;11/11/2024;Vestido Ginna (XL);75000;1;;Web;;;;Sí;;;;;
4683;cliente_1620@ejemplo.com;;;;;;;;;;;;;;;;;;;;;;;;;;;;;;Nadine (L);75000;1;;;;;;Sí;;;;;
4682;cliente_1266@ejemplo.com;10/11/2024 15:33:21;Abierta;Recibido;Enviado;ARS;75000.0;0.0;9933.0;84933.0;;;;;;;;;;Juan jose castelli;;Chaco;Argentina;Correo Argentino Clasico - Envio a domicilio;Mercado Pago;;;;10/11/2024;11/11/2024;Vestido Ginna (S);75000;1;;Móvil;;;;Sí;;;;;
4681;cliente_1621@ejemplo.com;10/11/2024 14:57:09;Abierta;Recibido;Enviado;ARS;75000.0;0.0;6237.0;81237.0;;;;;;;;;;Comandante Fernández;;Chaco;Argentina;Punto de retiro;Mercado Pago;;;;10/11/2024;11/11/2024;Virna (L);75000;1;;Móvil;;;;Sí;;;;;
4679;cliente_0843@ejemplo.com;09/11/2024 23:24:22;Abierta;Recibido;Enviado;ARS;50000.0;0.0;5715.0;55715.0;;;;;;;;;;Juarez Celman;;Córdoba;Argentina;Punto de retiro;Mercado Pago;;;;09/11/2024;11/11/2024;Zara blue (44);50000;1;;Web;;;;Sí;;;;;
4678;cliente_1622@ejemplo.com;09/11/2024 20:07:25;Abierta;Recibido;Enviado;ARS;100000.0;0.0;10800.0;110800.0;;;;;;;;;;Río Grande;;Tierra del Fuego;Argentina;Correo Argentino Clasico - Envio a domicilio;Transferencia o depósito bancario;;;;12/11/2024;13/11/2024;Pantalón Fiona (L);50000;1;;Móvil;;;;Sí;;;;;
4678;cliente_1622@ejemplo.com;;;;;;;;;;;;;;;;;;;;;;;;;;;;;;Fran (46);50000;1;;;;;;Sí;;;;;
4676;cliente_1623@ejemplo.com;08/11/2024 19:35:17;Abierta;Recibido;Enviado;ARS;45000.0;0.0;7916.01;52916.01;;;;;;;;;;Berisso ;;Buenos Aires;Argentina;Correo Argentino Clasico - Envio a domicilio;Mercado Pago;;;;08/11/2024;11/11/2024;New Gardenia (S);45000;1;;Móvil;;;;Sí;;;;;
4675;cliente_1624@ejemplo.com;08/11/2024 19:05:23;Abierta;Recibido;Enviado;ARS;75000.0;0.0;6000.0;81000.0;;;;;;;;;;Capital Federal;;Capital Federal;Argentina;Envio en moto CABA;Mercado Pago;;;;08/11/2024;13/11/2024;Catsuit Charly negro (S);75000;1;;Móvil;;;;Sí;;;;;
4672;cliente_1625@ejemplo.com;08/11/2024 16:17:51;Abierta;Recibido;Enviado;ARS;250000.0;0.0;8661.99;258661.99;;;;;;;;;;Quilmes;;Gran Buenos Aires;Argentina;Correo Argentino Clasico - Envio a domicilio;Mercado Pago;;;;08/11/2024;11/11/2024;Trench Blair (M);250000;1;;Móvil;;;;Sí;;;;;
4671;cliente_1626@ejemplo.com;08/11/2024 15:54:29;Abierta;Recibido;Enviado;ARS;75000.0;0.0;6000.0;81000.0;;;;;;;;;;Capital Federal;;Capital Federal;Argentina;Envio en moto CABA;Mercado Pago;;;;08/11/2024;13/11/2024;Catsuit Charly rosa (M);75000;1;;Web;;;;Sí;;;;;
4670;cliente_1627@ejemplo.com;08/11/2024 12:42:57;Abierta;Recibido;Enviado;ARS;95000.0;0.0;8974.01;103974.01;;;;;;;;;;Belgrano;;Santa Fe;Argentina;Punto de retiro;Mercado Pago;;;;08/11/2024;11/11/2024;Vestido Many (S);95000;1;;Móvil;;;;Sí;;;;;
4669;cliente_1628@ejemplo.com;08/11/2024 11:30:19;Abierta;Recibido;Enviado;ARS;110000.0;0.0;4699.99;114699.99;;;;;;;;;;Lanus;;Gran Buenos Aires;Argentina;Punto de retiro;Mercado Pago;;;;08/11/2024;11/11/2024;Vestido Magda (L);110000;1;1725;Móvil;;;;Sí;;;;;
4668;cliente_1629@ejemplo.com;08/11/2024 10:13:03;Abierta;Recibido;Enviado;ARS;75000.0;0.0;6237.0;81237.0;;;;;;;;;;Tafí Viejo;;Tucumán;Argentina;Punto de retiro;Mercado Pago;;;;08/11/2024;11/11/2024;Virna (M);75000;1;;Móvil;;;;Sí;;;;;
4667;cliente_1630@ejemplo.com;08/11/2024 09:43:36;Abierta;Recibido;Enviado;ARS;50000.0;0.0;6493.0;56493.0;;;;;;;;;;Biedma;;Chubut;Argentina;Punto de retiro;Mercado Pago;;;;08/11/2024;11/11/2024;Pantalón Fiona (M);50000;1;;Móvil;;;;Sí;;;;;
4665;cliente_1631@ejemplo.com;08/11/2024 08:51:51;Abierta;Recibido;Enviado;ARS;262500.0;0.0;8661.99;271161.99;;;;;;;;;;Moreno;;Gran Buenos Aires;Argentina;Correo Argentino Clasico - Envio a domicilio;Transferencia o depósito bancario;;;;08/11/2024;11/11/2024;Naomi (46);76000;1;1781;Móvil;;;;Sí;;;;;
4665;cliente_1631@ejemplo.com;;;;;;;;;;;;;;;;;;;;;;;;;;;;;;Jackes (S, Azul);63000;1;;;;;;Sí;;;;;
4665;cliente_1631@ejemplo.com;;;;;;;;;;;;;;;;;;;;;;;;;;;;;;Camisa Lotus (L);40000;1;1677;;;;;Sí;;;;;
4665;cliente_1631@ejemplo.com;;;;;;;;;;;;;;;;;;;;;;;;;;;;;;Cami (XL);83500;1;;;;;;Sí;;;;;
4663;cliente_0394@ejemplo.com;08/11/2024 07:12:19;Abierta;Recibido;Enviado;ARS;95000.0;0.0;11663.0;106663.0;;;;;;;;;;Corroba;;Córdoba;Argentina;Correo Argentino Clasico - Envio a domicilio;Mercado Pago;;;;08/11/2024;11/11/2024;Vestido Many (XL);95000;1;;Móvil;;;;Sí;;;;;
4660;cliente_1632@ejemplo.com;07/11/2024 22:39:39;Abierta;Recibido;Enviado;ARS;75000.0;0.0;5715.0;80715.0;;;;;;;;;;General Pueyrredón;;Buenos Aires;Argentina;Punto de retiro;Mercado Pago;;;;07/11/2024;11/11/2024;Vestido Ginna (XL);75000;1;;Móvil;;;;Sí;;;;;
4659;cliente_1633@ejemplo.com;07/11/2024 21:39:17;Abierta;Recibido;Enviado;ARS;90000.0;0.0;9933.0;99933.0;;;;;;;;;;Confluencia;;Neuquén;Argentina;Correo Argentino Clasico - Envio a domicilio;Mercado Pago;;;;07/11/2024;11/11/2024;Arlet (44);90000;1;1762;Móvil;;;;Sí;;;;;
4658;cliente_1113@ejemplo.com;07/11/2024 21:26:33;Abierta;Recibido;Enviado;ARS;100000.0;0.0;4699.99;104699.99;;;;;;;;;;San Isidro;;Gran Buenos Aires;Argentina;Punto de retiro;Mercado Pago;;;;07/11/2024;11/11/2024;Vestido Libre (M);100000;1;;Móvil;;;;Sí;;;;;
4655;cliente_1634@ejemplo.com;07/11/2024 17:44:14;Abierta;Recibido;Enviado;ARS;115000.0;0.0;9933.0;124933.0;;;;;;;;;;Mendoza;;Mendoza;Argentina;Correo Argentino Clasico - Envio a domicilio;Mercado Pago;;;;07/11/2024;08/11/2024;Francesca (S);115000;1;;Móvil;;;;Sí;;;;;
4654;cliente_1635@ejemplo.com;07/11/2024 17:09:05;Abierta;Recibido;Enviado;ARS;50000.0;0.0;5715.0;55715.0;;;;;;;;;;Olavarría;;Buenos Aires;Argentina;Punto de retiro;Mercado Pago;;;;07/11/2024;08/11/2024;Pantalón Fiona (XL);50000;1;;Móvil;;;;Sí;;;;;
4653;cliente_1338@ejemplo.com;07/11/2024 15:12:33;Abierta;Recibido;Enviado;ARS;215000.0;0.0;8196.0;223196.0;;;;;;;;;;San Miguel de Tucumán;;Tucumán;Argentina;Punto de retiro;Mercado Pago;;;;07/11/2024;08/11/2024;Pantalón Fiona (XL);50000;1;;Móvil;;;;Sí;;;;;
4653;cliente_1338@ejemplo.com;;;;;;;;;;;;;;;;;;;;;;;;;;;;;;Camisa Lotus (L);40000;1;1677;;;;;Sí;;;;;
4653;cliente_1338@ejemplo.com;;;;;;;;;;;;;;;;;;;;;;;;;;;;;;Fran (46);50000;1;;;;;;Sí;;;;;
4653;cliente_1338@ejemplo.com;;;;;;;;;;;;;;;;;;;;;;;;;;;;;;Catsuit Fame (XL);75000;1;;;;;;Sí;;;;;
4646;cliente_1636@ejemplo.com;07/11/2024 12:51:51;Abierta;Recibido;Enviado;ARS;75000.0;0.0;4699.99;79699.99;;;;;;;;;;Capital Federal;;Capital Federal;Argentina;Punto de retiro;Mercado Pago;;;;07/11/2024;08/11/2024;Vestido Selene (M);75000;1;;Móvil;;;;Sí;;;;;
4645;cliente_1637@ejemplo.com;07/11/2024 12:33:41;Abierta;Recibido;Enviado;ARS;50000.0;0.0;9933.0;59933.0;;;;;;;;;;San Miguel;;Corrientes;Argentina;Correo Argentino Clasico - Envio a domicilio;Mercado Pago;;;;07/11/2024;08/11/2024;Zara blue (46);50000;1;;Móvil;;;;Sí;;;;;
4644;cliente_1638@ejemplo.com;07/11/2024 12:11:59;Abierta;Recibido;Enviado;ARS;75000.0;0.0;6237.0;81237.0;;;;;;;;;;San Miguel de Tucumán;;Tucumán;Argentina;Punto de retiro;Mercado Pago;;;;07/11/2024;08/11/2024;Catsuit Casandra (S);75000;1;1651;Móvil;;;;Sí;;;;;
4643;cliente_0522@ejemplo.com;07/11/2024 12:10:48;Abierta;Recibido;Enviado;ARS;50000.0;0.0;6000.0;56000.0;;;;;;;;;;Capital Federal;;Capital Federal;Argentina;Envio en moto CABA;Mercado Pago;;;;07/11/2024;13/11/2024;Zara Dark (42);50000;1;;Web;;;;Sí;;;;;
4640;cliente_0974@ejemplo.com;07/11/2024 11:23:24;Abierta;Recibido;Enviado;ARS;50000.0;0.0;4699.99;54699.99;;;;;;;;;;Campana;;Buenos Aires;Argentina;Punto de retiro;Mercado Pago;;;;07/11/2024;08/11/2024;Zara blue (46);50000;1;;Móvil;;;;Sí;;;;;
4639;cliente_1639@ejemplo.com;07/11/2024 11:00:20;Abierta;Recibido;Enviado;ARS;75000.0;0.0;9159.0;84159.0;;;;;;;;;;Las Flores;;Buenos Aires;Argentina;Correo Argentino Clasico - Envio a domicilio;Mercado Pago;;;;07/11/2024;08/11/2024;Virna (XL);75000;1;;Móvil;;;;Sí;;;;;
4638;cliente_1640@ejemplo.com;07/11/2024 10:58:34;Abierta;Recibido;Enviado;ARS;75000.0;0.0;6237.0;81237.0;;;;;;;;;;Capital;;Corrientes;Argentina;Punto de retiro;Mercado Pago;;;;07/11/2024;08/11/2024;Virna (S);75000;1;;Móvil;;;;Sí;;;;;
4636;cliente_1641@ejemplo.com;07/11/2024 09:50:44;Abierta;Recibido;Enviado;ARS;110000.0;0.0;5000.0;115000.0;;;;;;;;;;Lomas de Zamora;;Gran Buenos Aires;Argentina;Punto de retiro;Mercado Pago;;;;07/11/2024;07/11/2024;Pantalón Fiona (XL);50000;1;;Móvil;;;;Sí;;;;;
4636;cliente_1641@ejemplo.com;;;;;;;;;;;;;;;;;;;;;;;;;;;;;;Corset Ambar (XL);60000;1;;;;;;Sí;;;;;
4635;cliente_1642@ejemplo.com;07/11/2024 09:38:06;Abierta;Recibido;Enviado;ARS;150000.0;0.0;10242.0;160242.0;;;;;;;;;;Godoy Cruz;;Mendoza;Argentina;Correo Argentino Clasico - Envio a domicilio;Mercado Pago;;;;07/11/2024;08/11/2024;Catsuit Bora blanco (S);75000;1;1679;Móvil;;;;Sí;;;;;
4635;cliente_1642@ejemplo.com;;;;;;;;;;;;;;;;;;;;;;;;;;;;;;Catsuit Pola black (S);75000;1;;;;;;Sí;;;;;
4634;cliente_0950@ejemplo.com;07/11/2024 09:22:44;Abierta;Recibido;Enviado;ARS;200000.0;0.0;8661.99;208661.99;;;;;;;;;;Escobar;;Gran Buenos Aires;Argentina;Correo Argentino Clasico - Envio a domicilio;Mercado Pago;;;;07/11/2024;07/11/2024;Virna (M);75000;1;;Móvil;;;;Sí;;;;;
4634;cliente_0950@ejemplo.com;;;;;;;;;;;;;;;;;;;;;;;;;;;;;;Zara blue (38);50000;1;;;;;;Sí;;;;;
4634;cliente_0950@ejemplo.com;;;;;;;;;;;;;;;;;;;;;;;;;;;;;;Catsuit Aurora (M);75000;1;;;;;;Sí;;;;;
4633;cliente_1643@ejemplo.com;07/11/2024 08:47:32;Abierta;Recibido;Enviado;ARS;85500.0;0.0;5275.0;90775.0;;;;;;;;;;Pilar;;Gran Buenos Aires;Argentina;Punto de retiro;Mercado Pago;;;;07/11/2024;07/11/2024;Enzo (44);85500;1;1748;Móvil;;;;Sí;;;;;
4632;cliente_1190@ejemplo.com;07/11/2024 08:30:37;Abierta;Recibido;Enviado;ARS;50000.0;0.0;6000.0;56000.0;;;;;;;;;;Capital Federal;;Capital Federal;Argentina;Envio en moto CABA;Mercado Pago;;;;07/11/2024;13/11/2024;Pantalón Fiona (XL);50000;1;;Móvil;;;;Sí;;;;;
4631;cliente_1644@ejemplo.com;07/11/2024 08:17:44;Abierta;Recibido;Enviado;ARS;143700.0;0.0;6635.0;150335.0;;;;;;;;;;Marcos Juárez;;Córdoba;Argentina;Punto de retiro;Mercado Pago;;;;07/11/2024;07/11/2024;Chaleco Noya (M);60000;1;;Móvil;;;;Sí;;;;;
4631;cliente_1644@ejemplo.com;;;;;;;;;;;;;;;;;;;;;;;;;;;;;;Louis (40);83700;1;;;;;;Sí;;;;;
4629;cliente_0361@ejemplo.com;07/11/2024 07:31:58;Abierta;Recibido;Enviado;ARS;76000.0;0.0;4699.99;80699.99;;;;;;;;;;Tigre;;Gran Buenos Aires;Argentina;Punto de retiro;Mercado Pago;;;;07/11/2024;07/11/2024;Naomi (46);76000;1;1781;Móvil;;;;Sí;;;;;
4628;cliente_1645@ejemplo.com;07/11/2024 00:22:21;Abierta;Recibido;Enviado;ARS;63000.0;0.0;6000.0;69000.0;;;;;;;;;;Capital Federal;;Capital Federal;Argentina;Envio en moto CABA;Mercado Pago;;;;07/11/2024;13/11/2024;Jackes (XL, Azul);63000;1;;Móvil;;;;Sí;;;;;
4627;cliente_1646@ejemplo.com;06/11/2024 22:40:41;Abierta;Recibido;Enviado;ARS;45000.0;0.0;7722.01;52722.01;;;;;;;;;;Wilde;;Gran Buenos Aires;Argentina;Correo Argentino Clasico - Envio a domicilio;Mercado Pago;;;;06/11/2024;07/11/2024;Vestido Juliette negro (M);45000;1;;Móvil;;;;Sí;;;;;
4625;cliente_1647@ejemplo.com;06/11/2024 21:47:43;Abierta;Recibido;Enviado;ARS;125000.0;0.0;7722.01;132722.01;;;;;;;;;;Buenos Aires ;;Gran Buenos Aires;Argentina;Correo Argentino Clasico - Envio a domicilio;Mercado Pago;;;;06/11/2024;07/11/2024;Marilyn (XL);125000;1;;Móvil;;;;Sí;;;;;
4624;cliente_1648@ejemplo.com;06/11/2024 21:39:06;Abierta;Recibido;Enviado;ARS;75000.0;0.0;10003.0;85003.0;;;;;;;;;;Salta;;Salta;Argentina;Correo Argentino Clasico - Envio a domicilio;Transferencia o depósito bancario;;;;07/11/2024;07/11/2024;Catsuit Aurora (S);75000;1;;Móvil;;;;Sí;;;;;
4623;cliente_1649@ejemplo.com;06/11/2024 21:01:12;Abierta;Recibido;Enviado;ARS;75000.0;0.0;6237.0;81237.0;;;;;;;;;;Capital;;La Rioja;Argentina;Punto de retiro;Mercado Pago;;;;06/11/2024;07/11/2024;Virna (XL);75000;1;;Móvil;;;;Sí;;;;;
4620;cliente_1650@ejemplo.com;06/11/2024 20:33:16;Abierta;Recibido;Enviado;ARS;63000.0;0.0;4699.99;67699.99;;;;;;;;;;La Matanza;;Gran Buenos Aires;Argentina;Punto de retiro;Mercado Pago;;;;06/11/2024;07/11/2024;Jackes (L, Azul);63000;1;;Móvil;;;;Sí;;;;;
4618;cliente_1651@ejemplo.com;06/11/2024 20:25:02;Abierta;Recibido;Enviado;ARS;75000.0;0.0;6493.0;81493.0;;;;;;;;;;Lago Argentino;;Santa Cruz;Argentina;Punto de retiro;Mercado Pago;;;;06/11/2024;07/11/2024;Vestido Selene (M);75000;1;;Móvil;;;;Sí;;;;;
4617;cliente_1652@ejemplo.com;06/11/2024 19:36:19;Abierta;Recibido;Enviado;ARS;45000.0;0.0;9159.0;54159.0;;;;;;;;;;Cordoba ;;Córdoba;Argentina;Correo Argentino Clasico - Envio a domicilio;Mercado Pago;;;;06/11/2024;07/11/2024;Vestido New Magnolia (L);45000;1;;Móvil;;;;Sí;;;;;
4616;cliente_1653@ejemplo.com;06/11/2024 16:51:22;Abierta;Recibido;Enviado;ARS;50000.0;0.0;9159.0;59159.0;;;;;;;;;;Rufino ;;Santa Fe;Argentina;Correo Argentino Clasico - Envio a domicilio;Mercado Pago;;;;06/11/2024;07/11/2024;Zara Dark (40);50000;1;;Móvil;;;;Sí;;;;;
4614;cliente_1654@ejemplo.com;06/11/2024 16:32:01;Abierta;Recibido;Enviado;ARS;100000.0;0.0;9159.0;109159.0;;;;;;;;;;Rosario;;Santa Fe;Argentina;Correo Argentino Clasico - Envio a domicilio;Mercado Pago;;;;06/11/2024;07/11/2024;Vestido Libre (M);100000;1;;Móvil;;;;Sí;;;;;
4613;cliente_1605@ejemplo.com;06/11/2024 16:27:36;Abierta;Recibido;Enviado;ARS;235000.0;0.0;8424.0;243424.0;;;;;;;;;;Ituzaingo ;;Gran Buenos Aires;Argentina;Correo Argentino Clasico - Envio a domicilio;Transferencia o depósito bancario;;;;06/11/2024;07/11/2024;Vestido Libre (XL);100000;1;;Móvil;;;;Sí;;;;;
4613;cliente_1605@ejemplo.com;;;;;;;;;;;;;;;;;;;;;;;;;;;;;;New Taylor (XL);135000;1;;;;;;Sí;;;;;
4612;cliente_0465@ejemplo.com;06/11/2024 15:43:14;Abierta;Recibido;Enviado;ARS;120000.0;0.0;6000.0;126000.0;;;;;;;;;;Capital Federal;;Capital Federal;Argentina;Envio en moto CABA;Mercado Pago;;;;06/11/2024;13/11/2024;Vestido Rachel (XL);120000;1;;Móvil;;;;Sí;;;;;
4610;cliente_1655@ejemplo.com;06/11/2024 15:09:42;Abierta;Recibido;Enviado;ARS;45000.0;0.0;13007.0;58007.0;;;;;;;;;;Chamical la Rioja ;;La Rioja;Argentina;Correo Argentino Clasico - Envio a domicilio;Mercado Pago;;;;06/11/2024;12/11/2024;Vestido Juliette (M);45000;1;;Móvil;;;;Sí;;;;;
4609;cliente_1656@ejemplo.com;06/11/2024 15:07:32;Abierta;Recibido;Enviado;ARS;75000.0;0.0;9933.0;84933.0;;;;;;;;;;San Miguel de Tucumán;;Tucumán;Argentina;Correo Argentino Clasico - Envio a domicilio;Mercado Pago;;;;06/11/2024;07/11/2024;Virna (L);75000;1;;Móvil;;;;Sí;;;;;
4608;cliente_1657@ejemplo.com;06/11/2024 14:48:55;Abierta;Recibido;Enviado;ARS;75000.0;0.0;4699.99;79699.99;;;;;;;;;;Moreno;;Gran Buenos Aires;Argentina;Punto de retiro;Mercado Pago;;;;06/11/2024;07/11/2024;Vestido Ginna (L);75000;1;;Móvil;;;;Sí;;;;;
4607;cliente_1658@ejemplo.com;06/11/2024 13:49:52;Abierta;Recibido;Enviado;ARS;90000.0;0.0;14298.01;104298.01;;;;;;;;;;General Guemes Salta ;;Salta;Argentina;Correo Argentino Clasico - Envio a domicilio;Mercado Pago;;;;06/11/2024;07/11/2024;Vestido Juliette (M);45000;1;;Móvil;;;;Sí;;;;;
4607;cliente_1658@ejemplo.com;;;;;;;;;;;;;;;;;;;;;;;;;;;;;;Vestido New Magnolia (S);45000;1;;;;;;Sí;;;;;
4603;cliente_1659@ejemplo.com;05/11/2024 17:18:59;Abierta;Recibido;Enviado;ARS;135000.0;0.0;6000.0;141000.0;;;;;;;;;;Capital Federal;;Capital Federal;Argentina;Envio en moto CABA;Mercado Pago;;;;05/11/2024;13/11/2024;Minerva (M);135000;1;;Móvil;;;;Sí;;;;;
4602;cliente_1660@ejemplo.com;05/11/2024 16:59:44;Abierta;Recibido;Enviado;ARS;115000.0;0.0;10003.0;125003.0;;;;;;;;;;Comodoro Rivadavia;;Chubut;Argentina;Correo Argentino Clasico - Envio a domicilio;Mercado Pago;;;;05/11/2024;06/11/2024;Francesca (L);115000;1;;Web;;;;Sí;;;;;
4601;cliente_1108@ejemplo.com;05/11/2024 14:13:12;Abierta;Recibido;Enviado;ARS;100000.0;0.0;7722.01;107722.01;;;;;;;;;;Benavidez ;;Gran Buenos Aires;Argentina;Correo Argentino Clasico - Envio a domicilio;Mercado Pago;;;;05/11/2024;06/11/2024;Vestido Libre (M);100000;1;;Móvil;;;;Sí;;;;;
4600;cliente_1661@ejemplo.com;05/11/2024 11:22:28;Abierta;Recibido;Enviado;ARS;52500.0;0.0;13007.0;65507.0;;;;;;;;;;Garupa;;Misiones;Argentina;Correo Argentino Clasico - Envio a domicilio;Mercado Pago;;;;05/11/2024;06/11/2024;Vestido Juliette (M);52500;1;;Móvil;;;;Sí;;;;;
4599;cliente_1662@ejemplo.com;04/11/2024 22:02:51;Abierta;Recibido;Enviado;ARS;93750.0;0.0;4699.99;98449.99;;;;;;;;;;Quilmes;;Gran Buenos Aires;Argentina;Punto de retiro;Mercado Pago;;;;04/11/2024;05/11/2024;Vestido Cristal (XL);93750;1;;Móvil;;;;Sí;;;;;
4598;cliente_1663@ejemplo.com;04/11/2024 20:37:28;Abierta;Recibido;Enviado;ARS;136000.0;0.0;9159.0;145159.0;;;;;;;;;;La Plata;;Buenos Aires;Argentina;Correo Argentino Clasico - Envio a domicilio;Mercado Pago;;;;04/11/2024;05/11/2024;Overall Eiffel (XL);136000;1;;Móvil;;;;Sí;;;;;
4596;cliente_1664@ejemplo.com;04/11/2024 13:44:03;Abierta;Recibido;Enviado;ARS;123250.0;0.0;10003.0;133253.0;;;;;;;;;;Comodoro Rivadavia;;Chubut;Argentina;Correo Argentino Clasico - Envio a domicilio;Mercado Pago;;;;04/11/2024;05/11/2024;Vestido Ula (M);123250;1;;Móvil;;;;Sí;;;;;
4595;cliente_1665@ejemplo.com;04/11/2024 12:59:48;Abierta;Recibido;Enviado;ARS;177300.0;0.0;10800.0;188100.0;;;;;;;;;;San Pedro;;Jujuy;Argentina;Correo Argentino Clasico - Envio a domicilio;Mercado Pago;;;;04/11/2024;05/11/2024;Pantalón Fiona (L);87300;1;;Móvil;;;;Sí;;;;;
4595;cliente_1665@ejemplo.com;;;;;;;;;;;;;;;;;;;;;;;;;;;;;;Arlet (42);90000;1;1762;;;;;Sí;;;;;
4594;cliente_1666@ejemplo.com;04/11/2024 06:53:03;Abierta;Recibido;Enviado;ARS;146700.0;0.0;6237.0;152937.0;;;;;;;;;;Formosa;;Formosa;Argentina;Punto de retiro;Mercado Pago;;;;04/11/2024;04/11/2024;Blazer Carel (XL);146700;1;;Móvil;;;;Sí;;;;;
4593;cliente_1667@ejemplo.com;03/11/2024 23:18:00;Abierta;Recibido;Enviado;ARS;59500.0;0.0;6000.0;65500.0;;;;;;;;;;Capital Federal;;Capital Federal;Argentina;Envio en moto CABA;Mercado Pago;;;;03/11/2024;13/11/2024;Corset Ambar (L);59500;1;;Móvil;;;;Sí;;;;;
4592;cliente_1387@ejemplo.com;03/11/2024 20:52:16;Abierta;Recibido;Enviado;ARS;92400.0;0.0;9159.0;101559.0;;;;;;;;;;La Plata ;;Buenos Aires;Argentina;Correo Argentino Clasico - Envio a domicilio;Mercado Pago;;;;03/11/2024;04/11/2024;Vestido Keaton (XL);92400;1;;Móvil;;;;Sí;;;;;
4591;cliente_1113@ejemplo.com;03/11/2024 20:43:29;Abierta;Recibido;Enviado;ARS;135000.0;0.0;4699.99;139699.99;;;;;;;;;;San Isidro;;Gran Buenos Aires;Argentina;Punto de retiro;Mercado Pago;;;;03/11/2024;04/11/2024;Minerva (M);135000;1;;Móvil;;;;Sí;;;;;
4590;cliente_1584@ejemplo.com;03/11/2024 20:39:06;Abierta;Recibido;Enviado;ARS;84000.0;0.0;4699.99;88699.99;;;;;;;;;;Capital Federal;;Capital Federal;Argentina;Punto de retiro;Mercado Pago;;;;03/11/2024;04/11/2024;Catsuit Pola jean (M);84000;1;;Móvil;;;;Sí;;;;;
4589;cliente_0316@ejemplo.com;03/11/2024 17:04:11;Abierta;Recibido;Enviado;ARS;49000.0;0.0;9933.0;58933.0;;;;;;;;;;Maipú 5513 Mendoza;;Mendoza;Argentina;Correo Argentino Clasico - Envio a domicilio;Mercado Pago;;;;03/11/2024;04/11/2024;Vestido Giuli (L);49000;1;;Móvil;;;;Sí;;;;;
4588;cliente_0447@ejemplo.com;03/11/2024 13:19:03;Abierta;Recibido;Enviado;ARS;100000.0;0.0;9159.0;109159.0;;;;;;;;;;Villaguay ;;Entre Ríos;Argentina;Correo Argentino Clasico - Envio a domicilio;Mercado Pago;;;;03/11/2024;04/11/2024;Catsuit Bora negro (S);100000;1;1679;Móvil;;;;Sí;;;;;
4587;cliente_1668@ejemplo.com;03/11/2024 10:39:48;Abierta;Recibido;Enviado;ARS;80100.0;0.0;5715.0;85815.0;;;;;;;;;;Cordoba;;Córdoba;Argentina;Punto de retiro;Transferencia o depósito bancario;;;;04/11/2024;05/11/2024;Falda Irina (L);80100;1;;Web;;;;Sí;;;;;
4585;cliente_1669@ejemplo.com;03/11/2024 07:43:27;Abierta;Recibido;Enviado;ARS;144000.0;0.0;9159.0;153159.0;;;;;;;;;;Roldan;;Santa Fe;Argentina;Correo Argentino Clasico - Envio a domicilio;Mercado Pago;;;;03/11/2024;04/11/2024;New Taylor (XL);144000;1;;Móvil;;;;Sí;;;;;
4584;cliente_1670@ejemplo.com;03/11/2024 00:45:03;Abierta;Recibido;Enviado;ARS;59500.0;0.0;5715.0;65215.0;;;;;;;;;;Chapaleufú;;La Pampa;Argentina;Punto de retiro;Mercado Pago;;;;03/11/2024;04/11/2024;Chaleco Noya (XL);59500;1;;Móvil;;;;Sí;;;;;
4582;cliente_1671@ejemplo.com;02/11/2024 18:59:38;Abierta;Recibido;Enviado;ARS;178500.0;0.0;10242.0;188742.0;;;;;;;;;;Neuquén ;;Neuquén;Argentina;Correo Argentino Clasico - Envio a domicilio;Mercado Pago;;;;02/11/2024;05/11/2024;Catsuit Destroyed (S);91000;1;;Móvil;;;;Sí;;;;;
4582;cliente_1671@ejemplo.com;;;;;;;;;;;;;;;;;;;;;;;;;;;;;;Catsuit Charly negro (S);87500;1;;;;;;Sí;;;;;
4581;cliente_0417@ejemplo.com;02/11/2024 18:35:40;Abierta;Recibido;Enviado;ARS;93750.0;0.0;4699.99;98449.99;;;;;;;;;;Capital Federal;;Capital Federal;Argentina;Punto de retiro;Mercado Pago;;;;02/11/2024;04/11/2024;Vestido Cristal (S);93750;1;;Móvil;;;;Sí;;;;;
4579;cliente_1287@ejemplo.com;02/11/2024 17:37:32;Abierta;Recibido;Enviado;ARS;144000.0;0.0;5715.0;149715.0;;;;;;;;;;La Capital;;Santa Fe;Argentina;Punto de retiro;Mercado Pago;;;;02/11/2024;04/11/2024;New Taylor (S);144000;1;;Móvil;;;;Sí;;;;;
4578;cliente_1672@ejemplo.com;02/11/2024 17:35:13;Abierta;Recibido;Enviado;ARS;114400.0;0.0;9933.0;124333.0;;;;;;;;;;Conesa;;Rio Negro;Argentina;Correo Argentino Clasico - Envio a domicilio;Mercado Pago;;;;02/11/2024;04/11/2024;Vestido Selene (L);114400;1;;Móvil;;;;Sí;;;;;
4577;cliente_1673@ejemplo.com;02/11/2024 17:11:25;Abierta;Recibido;Enviado;ARS;144000.0;0.0;4699.99;148699.99;;;;;;;;;;Almirante Brown;;Gran Buenos Aires;Argentina;Punto de retiro;Mercado Pago;;;;02/11/2024;04/11/2024;New Taylor (XL);144000;1;;Móvil;;;;Sí;;;;;
4576;cliente_1674@ejemplo.com;02/11/2024 15:15:29;Abierta;Recibido;Enviado;ARS;90000.0;0.0;6493.0;96493.0;;;;;;;;;;Rawson;;Chubut;Argentina;Punto de retiro;Mercado Pago;;;;02/11/2024;04/11/2024;Arlet (42);90000;1;1762;Móvil;;;;Sí;;;;;
4575;cliente_0519@ejemplo.com;02/11/2024 10:55:10;Abierta;Recibido;Enviado;ARS;84000.0;0.0;5715.0;89715.0;;;;;;;;;;Capital;;Córdoba;Argentina;Punto de retiro;Mercado Pago;;;;02/11/2024;04/11/2024;Catsuit Pola jean (L);84000;1;;Móvil;;;;Sí;;;;;
4574;cliente_0389@ejemplo.com;02/11/2024 10:43:57;Abierta;Recibido;Enviado;ARS;101250.0;0.0;4699.99;105949.99;;;;;;;;;;Vicente López;;Gran Buenos Aires;Argentina;Punto de retiro;Mercado Pago;;;;02/11/2024;04/11/2024;Vestido Libre (XL);101250;1;;Móvil;;;;Sí;;;;;
4572;cliente_1492@ejemplo.com;02/11/2024 08:07:06;Abierta;Recibido;Enviado;ARS;84000.0;0.0;9159.0;93159.0;;;;;;;;;;Villa General Belgrano;;Córdoba;Argentina;Correo Argentino Clasico - Envio a domicilio;Mercado Pago;;;;02/11/2024;05/11/2024;Catsuit Pola jean (M);84000;1;;Móvil;;;;Sí;;;;;
4571;cliente_0739@ejemplo.com;01/11/2024 21:17:25;Abierta;Recibido;Enviado;ARS;189000.0;0.0;8424.0;197424.0;;;;;;;;;;Esteban Echeverria;;Gran Buenos Aires;Argentina;Correo Argentino Clasico - Envio a domicilio;Mercado Pago;;;;01/11/2024;05/11/2024;Catsuit Destroyed (S);91000;1;;Móvil;;;;Sí;;;;;
4571;cliente_0739@ejemplo.com;;;;;;;;;;;;;;;;;;;;;;;;;;;;;;Catalina (S);98000;1;;;;;;Sí;;;;;
4570;cliente_0250@ejemplo.com;01/11/2024 21:09:20;Abierta;Recibido;Enviado;ARS;93750.0;0.0;6237.0;99987.0;;;;;;;;;;San Fernando;;Chaco;Argentina;Punto de retiro;Mercado Pago;;;;01/11/2024;04/11/2024;Vestido Cristal (S);93750;1;;Móvil;;;;Sí;;;;;
4569;cliente_1675@ejemplo.com;01/11/2024 19:26:12;Abierta;Recibido;Enviado;ARS;105000.0;0.0;6000.0;111000.0;;;;;;;;;;Capital Federal;;Capital Federal;Argentina;Envio en moto CABA;Mercado Pago;;;;01/11/2024;13/11/2024;Virna (XL);105000;1;;Móvil;;;;Sí;;;;;
4568;cliente_1676@ejemplo.com;01/11/2024 19:01:33;Abierta;Recibido;Enviado;ARS;92400.0;0.0;8974.01;101374.01;;;;;;;;;;La Plata;;Buenos Aires;Argentina;Punto de retiro;Mercado Pago;;;;01/11/2024;04/11/2024;Vestido Many (L);92400;1;;Móvil;;;;Sí;;;;;
4567;cliente_1677@ejemplo.com;31/10/2024 17:22:48;Abierta;Recibido;Enviado;ARS;132000.0;0.0;8204.0;140204.0;;;;;;;;;;Capital;;Córdoba;Argentina;Punto de retiro;Mercado Pago;;;;31/10/2024;01/11/2024;Vestido Many (XL);132000;1;;Móvil;;;;Sí;;;;;
4566;cliente_1678@ejemplo.com;31/10/2024 13:03:52;Abierta;Recibido;Enviado;ARS;100000.0;0.0;6000.0;106000.0;;;;;;;;;;Capital Federal;;Capital Federal;Argentina;Envio en moto CABA;Mercado Pago;;;;31/10/2024;13/11/2024;RICHi (46, Celeste);100000;1;;Móvil;;;;Sí;;;;;
4565;cliente_1679@ejemplo.com;30/10/2024 23:05:39;Abierta;Recibido;Enviado;ARS;167000.0;0.0;9356.0;176356.0;;;;;;;;;;San Miguel de Tucumán ;;Tucumán;Argentina;Correo Argentino Clasico - Envio a domicilio;Mercado Pago;;;;30/10/2024;01/11/2024;Chaleco Noya (L);70000;1;;Móvil;;;;Sí;;;;;
4565;cliente_1679@ejemplo.com;;;;;;;;;;;;;;;;;;;;;;;;;;;;;;Pantalón Fiona (L);97000;1;;;;;;Sí;;;;;
4564;cliente_1289@ejemplo.com;30/10/2024 21:42:28;Abierta;Recibido;Enviado;ARS;135000.0;0.0;5241.0;140241.0;;;;;;;;;;General Pueyrredón;;Buenos Aires;Argentina;Punto de retiro;Mercado Pago;;;;30/10/2024;01/11/2024;Vestido Libre (M);135000;1;;Móvil;;;;Sí;;;;;
4562;cliente_1680@ejemplo.com;29/10/2024 23:18:41;Abierta;Recibido;Enviado;ARS;93000.0;0.0;5241.0;98241.0;;;;;;;;;;Berisso;;Buenos Aires;Argentina;Punto de retiro;Mercado Pago;;;;29/10/2024;01/11/2024;Pantalon LOUIS (44);93000;1;;Móvil;;;;Sí;;;;;
4561;cliente_1083@ejemplo.com;29/10/2024 21:42:38;Abierta;Recibido;Enviado;ARS;160000.0;0.0;5241.0;165241.0;;;;;;;;;;Paraná;;Entre Ríos;Argentina;Punto de retiro;Mercado Pago;;;;29/10/2024;01/11/2024;Overall Heidi (S);160000;1;;Móvil;;;;Sí;;;;;
4560;cliente_1681@ejemplo.com;29/10/2024 18:26:03;Abierta;Recibido;Enviado;ARS;207000.0;0.0;6801.0;213801.0;;;;;;;;;;Quilmes;;Gran Buenos Aires;Argentina;Punto de retiro;Mercado Pago;;;;29/10/2024;01/11/2024;Vestido Juliette blanco (S);75000;1;;Móvil;;;;Sí;;;;;
4560;cliente_1681@ejemplo.com;;;;;;;;;;;;;;;;;;;;;;;;;;;;;;JACKIE (S);132000;1;;;;;;Sí;;;;;
4559;cliente_1682@ejemplo.com;29/10/2024 15:16:23;Abierta;Recibido;Enviado;ARS;205000.0;0.0;4591.0;209591.0;;;;;;;;;;Lomas de Zamora;;Gran Buenos Aires;Argentina;Punto de retiro;Mercado Pago;;;;29/10/2024;01/11/2024;Jean Arlet (44);105000;1;1762;Móvil;;;;Sí;;;;;
4559;cliente_1682@ejemplo.com;;;;;;;;;;;;;;;;;;;;;;;;;;;;;;Fran (44);100000;1;;;;;;Sí;;;;;
4557;cliente_1164@ejemplo.com;27/10/2024 18:43:55;Abierta;Recibido;Enviado;ARS;120000.0;0.0;8372.01;128372.01;;;;;;;;;;Morteros;;Córdoba;Argentina;Correo Argentino Clasico - Envio a domicilio;Mercado Pago;;;;27/10/2024;28/10/2024;Vestido Ashlyn (L);120000;1;;Móvil;;;;Sí;;;;;
4554;cliente_1683@ejemplo.com;25/10/2024 21:38:23;Abierta;Recibido;Enviado;ARS;235000.0;0.0;4591.0;239591.0;;;;;;;;;;La Matanza;;Gran Buenos Aires;Argentina;Punto de retiro;Mercado Pago;;;;25/10/2024;28/10/2024;Catsuit Casandra (S);105000;1;1651;Móvil;;;;Sí;;;;;
4554;cliente_1683@ejemplo.com;;;;;;;;;;;;;;;;;;;;;;;;;;;;;;Catsuit Destroyed (S);130000;1;;;;;;Sí;;;;;
4553;cliente_1684@ejemplo.com;25/10/2024 14:41:20;Abierta;Recibido;Enviado;ARS;160000.0;0.0;6000.0;166000.0;;;;;;;;;;Capital Federal;;Capital Federal;Argentina;Envio en moto CABA;Mercado Pago;;;;25/10/2024;05/11/2024;Overall Taylor (L);160000;1;;Web;;;;Sí;;;;;
4551;cliente_1033@ejemplo.com;23/10/2024 02:56:37;Abierta;Recibido;Enviado;ARS;130000.0;0.0;5241.0;135241.0;;;;;;;;;;Patagonés;;Buenos Aires;Argentina;Punto de retiro;Mercado Pago;;;;23/10/2024;23/10/2024;Vestido Olivia (XL);130000;1;;Móvil;;;;Sí;;;;;
4549;cliente_1685@ejemplo.com;22/10/2024 10:14:07;Abierta;Recibido;Enviado;ARS;140000.0;0.0;6000.0;146000.0;;;;;;;;;;Capital Federal;;Capital Federal;Argentina;Envio en moto CABA;Mercado Pago;;;;22/10/2024;08/11/2024;Vestido Catalina (S);140000;1;;Móvil;;;;Sí;;;;;
4547;cliente_1686@ejemplo.com;21/10/2024 09:14:12;Abierta;Recibido;Enviado;ARS;130000.0;0.0;8372.01;138372.01;;;;;;;;;;Salazar;;Buenos Aires;Argentina;Correo Argentino Clasico - Envio a domicilio;Mercado Pago;;;;21/10/2024;21/10/2024;Vestido Olivia (XL);130000;1;;Móvil;;;;Sí;;;;;
4546;cliente_1687@ejemplo.com;20/10/2024 23:45:39;Abierta;Recibido;Enviado;ARS;210000.0;0.0;6575.0;216575.0;;;;;;;;;;Comandante Fernández;;Chaco;Argentina;Punto de retiro;Mercado Pago;;;;20/10/2024;21/10/2024;Camisa Lotus (L);67000;1;1677;Móvil;;;;Sí;;;;;
4546;cliente_1687@ejemplo.com;;;;;;;;;;;;;;;;;;;;;;;;;;;;;;Vestido Bianca (XL);143000;1;;;;;;Sí;;;;;
4544;cliente_1688@ejemplo.com;19/10/2024 18:50:08;Abierta;Recibido;Enviado;ARS;418000.0;120000.0;11869.99;309869.99;;;;;;;;;;Santa María ;;Catamarca;Argentina;Correo Argentino Clasico - Envio a domicilio;Mercado Pago;;;;21/10/2024;21/10/2024;Vestido Marilyn (XL);143000;1;;Móvil;;;;Sí;;;;;
4544;cliente_1688@ejemplo.com;;;;;;;;;;;;;;;;;;;;;;;;;;;;;;Vestido Ashlyn (XL);120000;1;;;;;;Sí;;;;;
4544;cliente_1688@ejemplo.com;;;;;;;;;;;;;;;;;;;;;;;;;;;;;;Vestido Koko (XL);155000;1;1662;;;;;Sí;;;;;
4542;cliente_1689@ejemplo.com;19/10/2024 07:08:54;Abierta;Recibido;Enviado;ARS;300000.0;100000.0;7704.0;207704.0;;;;;;;;;;Bella Vista ;;Gran Buenos Aires;Argentina;Correo Argentino Clasico - Envio a domicilio;Mercado Pago;;;;19/10/2024;21/10/2024;RICHi (46);100000;1;;Móvil;;;;Sí;;;;;
4542;cliente_1689@ejemplo.com;;;;;;;;;;;;;;;;;;;;;;;;;;;;;;Fran (46);100000;1;;;;;;Sí;;;;;
4542;cliente_1689@ejemplo.com;;;;;;;;;;;;;;;;;;;;;;;;;;;;;;Pantalon Zara Dark (46);100000;1;;;;;;Sí;;;;;
4541;cliente_1690@ejemplo.com;19/10/2024 07:04:23;Abierta;Recibido;Enviado;ARS;387000.0;72000.0;9780.0;324780.0;;;;;;;;;;La Capital;;San Luis;Argentina;Punto de retiro;Mercado Pago;;;;19/10/2024;21/10/2024;Vestido New Magnolia (S);72000;1;;Móvil;;;;Sí;;;;;
4541;cliente_1690@ejemplo.com;;;;;;;;;;;;;;;;;;;;;;;;;;;;;;Vestido Mandy (S);152000;1;;;;;;Sí;;;;;
4541;cliente_1690@ejemplo.com;;;;;;;;;;;;;;;;;;;;;;;;;;;;;;Blazer Carel (M);163000;1;;;;;;Sí;;;;;
4539;cliente_1691@ejemplo.com;18/10/2024 19:47:22;Abierta;Recibido;Enviado;ARS;158000.0;0.0;7065.0;165065.0;;;;;;;;;;Capital Federal;;Capital Federal;Argentina;Correo Argentino Clasico - Envio a domicilio;Mercado Pago;;;;18/10/2024;21/10/2024;Catsuit Máxima (M);158000;1;;Móvil;;;;Sí;;;;;
4538;cliente_1692@ejemplo.com;18/10/2024 13:33:31;Abierta;Recibido;Enviado;ARS;210000.0;70000.0;4591.0;144591.0;;;;;;;;;;Capital Federal;;Capital Federal;Argentina;Punto de retiro;Mercado Pago;;;;18/10/2024;21/10/2024;Vestido Giuli (L);70000;1;;Móvil;;;;Sí;;;;;
4538;cliente_1692@ejemplo.com;;;;;;;;;;;;;;;;;;;;;;;;;;;;;;Corset Ambar (XL);70000;1;;;;;;Sí;;;;;
4538;cliente_1692@ejemplo.com;;;;;;;;;;;;;;;;;;;;;;;;;;;;;;jackes (XL);70000;1;;;;;;Sí;;;;;
4536;cliente_1693@ejemplo.com;17/10/2024 18:29:17;Abierta;Recibido;Enviado;ARS;135000.0;0.0;6000.0;141000.0;;;;;;;;;;Capital Federal;;Capital Federal;Argentina;Envio en moto CABA;Mercado Pago;;;;17/10/2024;08/11/2024;Vestido Libre (S);135000;1;;Móvil;;;;Sí;;;;;
4535;cliente_1694@ejemplo.com;17/10/2024 17:00:04;Abierta;Recibido;Enviado;ARS;367000.0;100000.0;6077.0;273077.0;;;;;;;;;;Las Colonias;;Santa Fe;Argentina;Punto de retiro;Mercado Pago;;;;17/10/2024;21/10/2024;Isabella (L);132000;1;;Móvil;;;;Sí;;;;;
4535;cliente_1694@ejemplo.com;;;;;;;;;;;;;;;;;;;;;;;;;;;;;;Vestido Libre (M);135000;1;;;;;;Sí;;;;;
4535;cliente_1694@ejemplo.com;;;;;;;;;;;;;;;;;;;;;;;;;;;;;;Fran (40);100000;1;;;;;;Sí;;;;;
4534;cliente_1695@ejemplo.com;17/10/2024 16:04:43;Abierta;Recibido;Enviado;ARS;93000.0;0.0;5948.0;98948.0;;;;;;;;;;Biedma;;Chubut;Argentina;Punto de retiro;Mercado Pago;;;;17/10/2024;21/10/2024;Pantalon LOUIS (38);93000;1;;Móvil;;;;Sí;;;;;
4533;cliente_1696@ejemplo.com;17/10/2024 11:39:00;Abierta;Recibido;Enviado;ARS;432000.0;132000.0;6000.0;306000.0;;;;;;;;;;Capital Federal;;Capital Federal;Argentina;Envio en moto CABA;Transferencia o depósito bancario;;;;17/10/2024;08/11/2024;Vestido Many (L);132000;1;;Móvil;;;;Sí;;;;;
4533;cliente_1696@ejemplo.com;;;;;;;;;;;;;;;;;;;;;;;;;;;;;;Catsuit Antonella (XL);145000;1;;;;;;Sí;;;;;
4533;cliente_1696@ejemplo.com;;;;;;;;;;;;;;;;;;;;;;;;;;;;;;Catsuit Olimpea (XL);155000;1;;;;;;Sí;;;;;
4532;cliente_1697@ejemplo.com;17/10/2024 11:25:06;Abierta;Recibido;Enviado;ARS;181000.0;39000.0;7920.0;149920.0;;;;;;;;;;Villa Rosa Pilar;;Gran Buenos Aires;Argentina;Correo Argentino Clasico - Envio a domicilio;Mercado Pago;;;;17/10/2024;21/10/2024;Corset Idole (L);70000;1;;Móvil;;;;Sí;;;;;
4532;cliente_1697@ejemplo.com;;;;;;;;;;;;;;;;;;;;;;;;;;;;;;Top Euforia (L);39000;1;;;;;;Sí;;;;;
4532;cliente_1697@ejemplo.com;;;;;;;;;;;;;;;;;;;;;;;;;;;;;;Corset Roma (XL);72000;1;;;;;;Sí;;;;;
4531;cliente_1698@ejemplo.com;16/10/2024 20:54:13;Abierta;Recibido;Enviado;ARS;155000.0;0.0;8372.01;163372.01;;;;;;;;;;Holmberg;;Córdoba;Argentina;Correo Argentino Clasico - Envio a domicilio;Mercado Pago;;;;16/10/2024;21/10/2024;Catsuit Sena (XL);155000;1;;Móvil;;;;Sí;;;;;
4530;cliente_1699@ejemplo.com;16/10/2024 20:15:27;Abierta;Recibido;Enviado;ARS;70000.0;0.0;7065.0;77065.0;;;;;;;;;;Ituzaingo;;Gran Buenos Aires;Argentina;Correo Argentino Clasico - Envio a domicilio;Mercado Pago;;;;16/10/2024;21/10/2024;Chaleco Noya (XL);70000;1;;Móvil;;;;Sí;;;;;
4529;cliente_0750@ejemplo.com;16/10/2024 12:22:15;Abierta;Recibido;Enviado;ARS;87000.0;0.0;7065.0;94065.0;;;;;;;;;;Esteban Echeverría canning ;;Buenos Aires;Argentina;Correo Argentino Clasico - Envio a domicilio;Mercado Pago;;;;16/10/2024;21/10/2024;Falda Vivianne (M);87000;1;;Móvil;;;;Sí;;;;;
4527;cliente_1061@ejemplo.com;16/10/2024 08:11:43;Abierta;Recibido;Enviado;ARS;140000.0;0.0;7065.0;147065.0;;;;;;;;;;Campana;;Buenos Aires;Argentina;Correo Argentino Clasico - Envio a domicilio;Mercado Pago;;;;16/10/2024;16/10/2024;Túnica Natasha (M);140000;1;;Móvil;;;;Sí;;;;;
4526;cliente_1700@ejemplo.com;16/10/2024 05:02:55;Abierta;Recibido;Enviado;ARS;120000.0;0.0;7065.0;127065.0;;;;;;;;;;Fciovarela;;Gran Buenos Aires;Argentina;Correo Argentino Clasico - Envio a domicilio;Mercado Pago;;;;16/10/2024;16/10/2024;Catsuit Pola black (L);120000;1;;Móvil;;;;Sí;;;;;
4525;cliente_1701@ejemplo.com;15/10/2024 22:39:12;Abierta;Recibido;Enviado;ARS;163000.0;0.0;8372.01;171372.01;;;;;;;;;;Lezama;;Buenos Aires;Argentina;Correo Argentino Clasico - Envio a domicilio;Mercado Pago;;;;15/10/2024;16/10/2024;Blazer Carel (XL);163000;1;;Móvil;;;;Sí;;;;;
4524;cliente_0465@ejemplo.com;15/10/2024 16:55:41;Abierta;Recibido;Enviado;ARS;93000.0;0.0;6000.0;99000.0;;;;;;;;;;Capital Federal;;Capital Federal;Argentina;Envio en moto CABA;Mercado Pago;;;;15/10/2024;08/11/2024;Pantalon Zara blue (46);93000;1;;Móvil;;;;Sí;;;;;
4523;cliente_1702@ejemplo.com;15/10/2024 14:14:46;Abierta;Recibido;Enviado;ARS;410000.0;132000.0;4591.0;282591.0;;;;;;;;;;Florencio Varela;;Gran Buenos Aires;Argentina;Punto de retiro;Mercado Pago;;;;15/10/2024;16/10/2024;Vestido Marilyn (XL);143000;1;;Móvil;;;;Sí;;;;;
4523;cliente_1702@ejemplo.com;;;;;;;;;;;;;;;;;;;;;;;;;;;;;;Isabella (XL);132000;1;;;;;;Sí;;;;;
4523;cliente_1702@ejemplo.com;;;;;;;;;;;;;;;;;;;;;;;;;;;;;;Vestido Libre (L);135000;1;;;;;;Sí;;;;;
4522;cliente_1703@ejemplo.com;15/10/2024 10:42:22;Abierta;Recibido;Enviado;ARS;222000.0;68000.0;8606.0;162606.0;;;;;;;;;;Santa Fe;;Santa Fe;Argentina;Correo Argentino Clasico - Envio a domicilio;Mercado Pago;;;;15/10/2024;15/10/2024;Camisa Ivette (L);68000;2;1412;Móvil;;;;Sí;;;;;
4522;cliente_1703@ejemplo.com;;;;;;;;;;;;;;;;;;;;;;;;;;;;;;Camisa Seven (UNICO);86000;1;1661;;;;;Sí;;;;;
4521;cliente_1704@ejemplo.com;15/10/2024 08:29:35;Abierta;Recibido;Enviado;ARS;355000.0;93000.0;8606.0;270606.0;;;;;;;;;;Santa Fe ;;Santa Fe;Argentina;Correo Argentino Clasico - Envio a domicilio;Mercado Pago;;;;15/10/2024;16/10/2024;Pantalon Zara blue (46);93000;1;;Móvil;;;;Sí;;;;;
4521;cliente_1704@ejemplo.com;;;;;;;;;;;;;;;;;;;;;;;;;;;;;;Pantalon Zara Dark (46);100000;1;;;;;;Sí;;;;;
4521;cliente_1704@ejemplo.com;;;;;;;;;;;;;;;;;;;;;;;;;;;;;;Overall Carola (XL);162000;1;;;;;;Sí;;;;;
4520;cliente_0687@ejemplo.com;14/10/2024 20:45:40;Abierta;Recibido;Enviado;ARS;70000.0;0.0;5948.0;75948.0;;;;;;;;;;Escalante;;Chubut;Argentina;Punto de retiro;Mercado Pago;;;;14/10/2024;15/10/2024;Chaleco Noya (XL);70000;1;;Móvil;;;;Sí;;;;;
4519;cliente_1705@ejemplo.com;14/10/2024 20:31:46;Abierta;Recibido;Enviado;ARS;210000.0;70000.0;8430.0;148430.0;;;;;;;;;;Lago Argentino;;Santa Cruz;Argentina;Punto de retiro;Mercado Pago;;;;14/10/2024;15/10/2024;Chaleco Noya (L);70000;2;;Móvil;;;;Sí;;;;;
4519;cliente_1705@ejemplo.com;;;;;;;;;;;;;;;;;;;;;;;;;;;;;;Chaleco Noya (XL);70000;1;;;;;;Sí;;;;;
4517;cliente_1706@ejemplo.com;14/10/2024 18:28:53;Abierta;Recibido;Enviado;ARS;135000.0;0.0;5241.0;140241.0;;;;;;;;;;Bahia Blanca;;Buenos Aires;Argentina;Punto de retiro;Mercado Pago;;;;14/10/2024;15/10/2024;Vestido Libre (XL);135000;1;;Móvil;;;;Sí;;;;;
4516;cliente_1707@ejemplo.com;14/10/2024 18:09:04;Abierta;Recibido;Enviado;ARS;95000.0;0.0;11869.99;106869.99;;;;;;;;;;Gobernador Virasoro;;Corrientes;Argentina;Correo Argentino Clasico - Envio a domicilio;Mercado Pago;;;;14/10/2024;15/10/2024;Jean Enzo (42);95000;1;1748;Móvil;;;;Sí;;;;;
4515;cliente_1708@ejemplo.com;14/10/2024 15:41:51;Abierta;Recibido;Enviado;ARS;293000.0;70000.0;6666.99;229666.99;;;;;;;;;;La Plata;;Buenos Aires;Argentina;Punto de retiro;Mercado Pago;;;;14/10/2024;15/10/2024;Vestido Olivia (XL);130000;1;;Móvil;;;;Sí;;;;;
4515;cliente_1708@ejemplo.com;;;;;;;;;;;;;;;;;;;;;;;;;;;;;;Chaleco Noya (XL);70000;1;;;;;;Sí;;;;;
4515;cliente_1708@ejemplo.com;;;;;;;;;;;;;;;;;;;;;;;;;;;;;;Pantalon LOUIS (46);93000;1;;;;;;Sí;;;;;
4513;cliente_1709@ejemplo.com;14/10/2024 12:04:48;Abierta;Recibido;Enviado;ARS;145000.0;0.0;9075.0;154075.0;;;;;;;;;;Monteros ;;Tucumán;Argentina;Correo Argentino Clasico - Envio a domicilio;Mercado Pago;;;;14/10/2024;15/10/2024;Catsuit Antonella (M);145000;1;;Móvil;;;;Sí;;;;;
4512;cliente_1710@ejemplo.com;14/10/2024 09:05:06;Abierta;Recibido;Enviado;ARS;270000.0;70000.0;10799.0;210799.0;;;;;;;;;;Picó Truncado;;Santa Cruz;Argentina;Correo Argentino Clasico - Envio a domicilio;Mercado Pago;;;;14/10/2024;14/10/2024;Vestido Cristal (S);125000;1;;Móvil;;;;Sí;;;;;
4512;cliente_1710@ejemplo.com;;;;;;;;;;;;;;;;;;;;;;;;;;;;;;Vestido Juliette blanco (S);75000;1;;;;;;Sí;;;;;
4512;cliente_1710@ejemplo.com;;;;;;;;;;;;;;;;;;;;;;;;;;;;;;Corset Idole (S);70000;1;;;;;;Sí;;;;;
4511;cliente_0155@ejemplo.com;13/10/2024 11:08:24;Abierta;Recibido;Enviado;ARS;345000.0;95000.0;8144.01;258144.01;;;;;;;;;;Escobar ;;Gran Buenos Aires;Argentina;Correo Argentino Clasico - Envio a domicilio;Mercado Pago;;;;13/10/2024;14/10/2024;Fran (46);100000;1;;Móvil;;;;Sí;;;;;
4511;cliente_0155@ejemplo.com;;;;;;;;;;;;;;;;;;;;;;;;;;;;;;Jean Enzo (46);95000;1;1748;;;;;Sí;;;;;
4511;cliente_0155@ejemplo.com;;;;;;;;;;;;;;;;;;;;;;;;;;;;;;Vestido Minerva (L);150000;1;;;;;;Sí;;;;;
4510;cliente_1711@ejemplo.com;11/10/2024 16:27:53;Abierta;Recibido;Enviado;ARS;483000.0;160000.0;6000.0;329000.0;;;;;;;;;;Capital Federal;;Capital Federal;Argentina;Envio en moto CABA;Mercado Pago;;;;11/10/2024;21/10/2024;Overall Eiffel (XL);160000;1;;Móvil;;;;Sí;;;;;
4510;cliente_1711@ejemplo.com;;;;;;;;;;;;;;;;;;;;;;;;;;;;;;NEW TAYLOR (XL);160000;1;;;;;;Sí;;;;;
4510;cliente_1711@ejemplo.com;;;;;;;;;;;;;;;;;;;;;;;;;;;;;;Blazer Carel (XL);163000;1;;;;;;Sí;;;;;
4509;cliente_1712@ejemplo.com;11/10/2024 11:55:54;Abierta;Recibido;Enviado;ARS;332000.0;70000.0;8372.01;270372.01;;;;;;;;;;Mendiolaza;;Córdoba;Argentina;Correo Argentino Clasico - Envio a domicilio;Mercado Pago;;;;11/10/2024;14/10/2024;Isabella (XL);132000;1;;Móvil;;;;Sí;;;;;
4509;cliente_1712@ejemplo.com;;;;;;;;;;;;;;;;;;;;;;;;;;;;;;jackes (XL);70000;1;;;;;;Sí;;;;;
4509;cliente_1712@ejemplo.com;;;;;;;;;;;;;;;;;;;;;;;;;;;;;;Vestido Olivia (XL);130000;1;;;;;;Sí;;;;;
4508;cliente_1713@ejemplo.com;11/10/2024 11:02:40;Abierta;Recibido;Enviado;ARS;130000.0;0.0;8372.01;138372.01;;;;;;;;;;Cordoba;;Córdoba;Argentina;Correo Argentino Clasico - Envio a domicilio;Mercado Pago;;;;11/10/2024;14/10/2024;Vestido Olivia (XL);130000;1;;Móvil;;;;Sí;;;;;
4507;cliente_1714@ejemplo.com;11/10/2024 00:56:45;Abierta;Recibido;Enviado;ARS;120000.0;0.0;4318.0;124318.0;;;;;;;;;;Avellaneda;;Gran Buenos Aires;Argentina;Punto de retiro;Mercado Pago;;;;11/10/2024;14/10/2024;Catsuit Pola jean (S);120000;1;;Móvil;;;;Sí;;;;;
4506;cliente_1715@ejemplo.com;10/10/2024 21:07:06;Abierta;Recibido;Enviado;ARS;132000.0;0.0;5241.0;137241.0;;;;;;;;;;Constitución;;Santa Fe;Argentina;Punto de retiro;Mercado Pago;;;;10/10/2024;14/10/2024;JACKIE (S);132000;1;;Móvil;;;;Sí;;;;;
4505;cliente_1716@ejemplo.com;10/10/2024 19:10:28;Abierta;Recibido;Enviado;ARS;70000.0;0.0;5241.0;75241.0;;;;;;;;;;Diamante;;Entre Ríos;Argentina;Punto de retiro;Mercado Pago;;;;10/10/2024;14/10/2024;Chaleco Noya (XL);70000;1;;Móvil;;;;Sí;;;;;
4504;cliente_1717@ejemplo.com;10/10/2024 17:41:53;Abierta;Recibido;Enviado;ARS;158000.0;0.0;5715.0;163715.0;;;;;;;;;;Capital;;Corrientes;Argentina;Punto de retiro;Mercado Pago;;;;10/10/2024;14/10/2024;Overall Milo (S);158000;1;;Móvil;;;;Sí;;;;;
4500;cliente_0309@ejemplo.com;10/10/2024 10:44:53;Abierta;Recibido;Enviado;ARS;407000.0;125000.0;10153.0;292153.0;;;;;;;;;;Rincón de los Sauces ;;Neuquén;Argentina;Correo Argentino Clasico - Envio a domicilio;Mercado Pago;;;;10/10/2024;10/10/2024;Vestido Keaton (XL);132000;1;;Móvil;;;;Sí;;;;;
4500;cliente_0309@ejemplo.com;;;;;;;;;;;;;;;;;;;;;;;;;;;;;;Vestido Cristal (XL);125000;1;;;;;;Sí;;;;;
4500;cliente_0309@ejemplo.com;;;;;;;;;;;;;;;;;;;;;;;;;;;;;;Vestido Minerva (XL);150000;1;;;;;;Sí;;;;;
4499;cliente_1718@ejemplo.com;10/10/2024 10:36:07;Abierta;Recibido;Enviado;ARS;405000.0;120000.0;7920.0;292920.0;;;;;;;;;;Castelar ;;Gran Buenos Aires;Argentina;Correo Argentino Clasico - Envio a domicilio;Mercado Pago;;;;10/10/2024;10/10/2024;Vestido Minerva (M);150000;1;;Móvil;;;;Sí;;;;;
4499;cliente_1718@ejemplo.com;;;;;;;;;;;;;;;;;;;;;;;;;;;;;;Vestido Libre (M);135000;1;;;;;;Sí;;;;;
4499;cliente_1718@ejemplo.com;;;;;;;;;;;;;;;;;;;;;;;;;;;;;;Catsuit Aurora (M);120000;1;;;;;;Sí;;;;;
4498;cliente_1719@ejemplo.com;10/10/2024 10:30:09;Abierta;Recibido;Enviado;ARS;125000.0;0.0;8372.01;133372.01;;;;;;;;;;General Conesa;;Buenos Aires;Argentina;Correo Argentino Clasico - Envio a domicilio;Mercado Pago;;;;10/10/2024;10/10/2024;Vestido Cristal (L);125000;1;;Móvil;;;;Sí;;;;;
4497;cliente_0485@ejemplo.com;10/10/2024 00:39:11;Abierta;Recibido;Enviado;ARS;150000.0;0.0;4318.0;154318.0;;;;;;;;;;Lanus;;Gran Buenos Aires;Argentina;Punto de retiro;Mercado Pago;;;;10/10/2024;10/10/2024;Vestido Ornella (M);150000;1;;Móvil;;;;Sí;;;;;
4494;cliente_1720@ejemplo.com;09/10/2024 08:04:02;Abierta;Recibido;Enviado;ARS;412000.0;100000.0;6000.0;318000.0;;;;;;;;;;Capital Federal;;Capital Federal;Argentina;Envio en moto CABA;Mercado Pago;;;;09/10/2024;10/10/2024;Vestido Mandy (S);152000;1;;Móvil;;;;Sí;;;;;
4494;cliente_1720@ejemplo.com;;;;;;;;;;;;;;;;;;;;;;;;;;;;;;Jean Arlet (38);100000;1;1762;;;;;Sí;;;;;
4494;cliente_1720@ejemplo.com;;;;;;;;;;;;;;;;;;;;;;;;;;;;;;Overall Donatella (M);160000;1;;;;;;Sí;;;;;
4493;cliente_1721@ejemplo.com;08/10/2024 11:15:37;Abierta;Recibido;Enviado;ARS;163000.0;0.0;9139.0;172139.0;;;;;;;;;;Río Grande ;;Tierra del Fuego;Argentina;Correo Argentino Clasico - Envio a domicilio;Transferencia o depósito bancario;;;;08/10/2024;10/10/2024;Blazer Carel (XL);163000;1;;Móvil;;;;Sí;;;;;
4492;cliente_1722@ejemplo.com;07/10/2024 22:29:44;Abierta;Recibido;Enviado;ARS;75000.0;0.0;5298.0;80298.0;;;;;;;;;;Formosa;;Formosa;Argentina;Punto de retiro;Mercado Pago;;;;07/10/2024;08/10/2024;Vestido Juliette (S);75000;1;;Móvil;;;;Sí;;;;;
4491;cliente_0874@ejemplo.com;06/10/2024 21:24:52;Abierta;Recibido;Enviado;ARS;80000.0;0.0;4318.0;84318.0;;;;;;;;;;Capital Federal;;Capital Federal;Argentina;Punto de retiro;Mercado Pago;;;;06/10/2024;08/10/2024;Falda Vivianne (L);80000;1;;Móvil;;;;Sí;;;;;
4490;cliente_1723@ejemplo.com;05/10/2024 07:44:15;Abierta;Recibido;Enviado;ARS;228000.0;0.0;6590.0;234590.0;;;;;;;;;;Escobar;;Gran Buenos Aires;Argentina;Correo Argentino Clasico - Envio a domicilio;Mercado Pago;;;;05/10/2024;08/10/2024;Camisa Ivette (M);68000;1;1412;Móvil;;;;Sí;;;;;
4490;cliente_1723@ejemplo.com;;;;;;;;;;;;;;;;;;;;;;;;;;;;;;NEW TAYLOR (L);160000;1;;;;;;Sí;;;;;
4489;cliente_1724@ejemplo.com;04/10/2024 14:18:20;Abierta;Recibido;Enviado;ARS;70000.0;0.0;5298.0;75298.0;;;;;;;;;;Confluencia;;Neuquén;Argentina;Punto de retiro;Transferencia o depósito bancario;;;;08/10/2024;08/10/2024;Vestido Juliette (S);70000;1;;Móvil;;;;Sí;;;;;
4488;cliente_1725@ejemplo.com;02/10/2024 19:11:28;Abierta;Recibido;Enviado;ARS;93000.0;0.0;8372.01;101372.01;;;;;;;;;;Santa Fe ;;Santa Fe;Argentina;Correo Argentino Clasico - Envio a domicilio;Mercado Pago;;;;02/10/2024;08/10/2024;Pantalon Zara blue (44);93000;1;;Móvil;;;;Sí;;;;;
4486;cliente_1726@ejemplo.com;02/10/2024 16:14:21;Abierta;Recibido;Enviado;ARS;120000.0;0.0;8372.01;128372.01;;;;;;;;;;La Plata ;;Buenos Aires;Argentina;Correo Argentino Clasico - Envio a domicilio;Mercado Pago;;;;02/10/2024;08/10/2024;Vestido Olivia (XL);120000;1;;Móvil;;;;Sí;;;;;
4485;cliente_1727@ejemplo.com;02/10/2024 14:17:38;Abierta;Recibido;Enviado;ARS;132000.0;0.0;9075.0;141075.0;;;;;;;;;;Mendoza;;Mendoza;Argentina;Correo Argentino Clasico - Envio a domicilio;Mercado Pago;;;;02/10/2024;08/10/2024;Vestido Marilyn (XL);132000;1;;Web;;;;Sí;;;;;
4484;cliente_1728@ejemplo.com;02/10/2024 11:58:55;Abierta;Recibido;Enviado;ARS;135000.0;0.0;9139.0;144139.0;;;;;;;;;;Las Heras;;Santa Cruz;Argentina;Correo Argentino Clasico - Envio a domicilio;Mercado Pago;;;;02/10/2024;02/10/2024;Vestido Selene (XL);135000;1;;Móvil;;;;Sí;;;;;
4483;cliente_1237@ejemplo.com;02/10/2024 09:02:22;Abierta;Recibido;Enviado;ARS;125000.0;0.0;8372.01;133372.01;;;;;;;;;;Bolívar ;;Buenos Aires;Argentina;Correo Argentino Clasico - Envio a domicilio;Mercado Pago;;;;02/10/2024;02/10/2024;Vestido Francesca (L);125000;1;;Móvil;;;;Sí;;;;;
4482;cliente_1729@ejemplo.com;02/10/2024 09:00:01;Abierta;Recibido;Enviado;ARS;163000.0;0.0;9356.0;172356.0;;;;;;;;;;Capital;;Misiones;Argentina;Correo Argentino Clasico - Envio a domicilio;Mercado Pago;;;;02/10/2024;02/10/2024;Chaleco Noya (M);70000;1;;Móvil;;;;Sí;;;;;
4482;cliente_1729@ejemplo.com;;;;;;;;;;;;;;;;;;;;;;;;;;;;;;Pantalon LOUIS (44);93000;1;;;;;;Sí;;;;;
4481;cliente_1160@ejemplo.com;02/10/2024 08:24:46;Abierta;Recibido;Enviado;ARS;70000.0;0.0;6000.0;76000.0;;;;;;;;;;Capital Federal;;Capital Federal;Argentina;Envio en moto CABA;Mercado Pago;;;;02/10/2024;15/10/2024;Vestido Juliette (M);70000;1;;Móvil;;;;Sí;;;;;
4480;cliente_1730@ejemplo.com;01/10/2024 21:46:29;Abierta;Recibido;Enviado;ARS;135000.0;0.0;9075.0;144075.0;;;;;;;;;;Pto. Iguazú;;Misiones;Argentina;Correo Argentino Clasico - Envio a domicilio;Mercado Pago;;;;01/10/2024;02/10/2024;Vestido Fini (M);135000;1;;Móvil;;;;Sí;;;;;
4479;cliente_0881@ejemplo.com;01/10/2024 16:13:52;Abierta;Recibido;Enviado;ARS;153000.0;0.0;9139.0;162139.0;;;;;;;;;;Caleta Olivia ;;Santa Cruz;Argentina;Correo Argentino Clasico - Envio a domicilio;Mercado Pago;;;;01/10/2024;08/10/2024;Overall Milo (M);153000;1;;Móvil;;;;Sí;;;;;
4478;cliente_1502@ejemplo.com;01/10/2024 00:12:45;Abierta;Recibido;Enviado;ARS;214000.0;0.0;5519.3;219519.3;;;;;;;;;;Rosario;;Santa Fe;Argentina;Punto de retiro;Mercado Pago;;;;01/10/2024;01/10/2024;Vestido Koko (M);146000;1;1662;Móvil;;;;Sí;;;;;
4478;cliente_1502@ejemplo.com;;;;;;;;;;;;;;;;;;;;;;;;;;;;;;Camisa Ivette (M);68000;1;1412;;;;;Sí;;;;;
4477;cliente_1731@ejemplo.com;30/09/2024 22:20:38;Abierta;Recibido;Enviado;ARS;307000.0;0.0;7795.39;314795.39;;;;;;;;;;Mar del Plata;;Buenos Aires;Argentina;Correo Argentino Clasico - Envio a domicilio;Mercado Pago;;;;30/09/2024;01/10/2024;Blazer Carel (M);150000;1;;Móvil;;;;Sí;;;;;
4477;cliente_1731@ejemplo.com;;;;;;;;;;;;;;;;;;;;;;;;;;;;;;Overall Taylor (M);157000;1;;;;;;Sí;;;;;
4476;cliente_1732@ejemplo.com;30/09/2024 20:06:54;Abierta;Recibido;Enviado;ARS;90000.0;0.0;6000.0;96000.0;;;;;;;;;;Capital Federal;;Capital Federal;Argentina;Envio en moto CABA;Mercado Pago;;;;30/09/2024;15/10/2024;Pantalon Zara Dark (46);90000;1;;Móvil;;;;Sí;;;;;
4475;cliente_1733@ejemplo.com;30/09/2024 19:50:44;Abierta;Recibido;Enviado;ARS;135000.0;0.0;4766.9;139766.9;;;;;;;;;;Luján;;Buenos Aires;Argentina;Punto de retiro;Mercado Pago;;;;30/09/2024;01/10/2024;Vestido Minerva (XL);135000;1;;Móvil;;;;Sí;;;;;
4473;cliente_1734@ejemplo.com;30/09/2024 16:48:30;Abierta;Recibido;Enviado;ARS;160000.0;0.0;8217.5;168217.5;;;;;;;;;;Banda;;Santiago del Estero;Argentina;Correo Argentino Clasico - Envio a domicilio;Mercado Pago;;;;30/09/2024;01/10/2024;Overall Eiffel (XL);160000;1;;Móvil;;;;Sí;;;;;
4472;cliente_1396@ejemplo.com;30/09/2024 15:59:58;Abierta;Recibido;Enviado;ARS;120000.0;0.0;8217.5;128217.5;;;;;;;;;;Mendoza ;;Mendoza;Argentina;Correo Argentino Clasico - Envio a domicilio;Mercado Pago;;;;30/09/2024;01/10/2024;Vestido Libre (XL);120000;1;;Móvil;;;;Sí;;;;;
4470;cliente_1735@ejemplo.com;30/09/2024 13:16:32;Abierta;Recibido;Enviado;ARS;157000.0;0.0;7584.8;164584.8;;;;;;;;;;Capital;;Córdoba;Argentina;Correo Argentino Clasico - Envio a domicilio;Mercado Pago;;;;30/09/2024;01/10/2024;Overall Taylor (L);157000;1;;Móvil;;;;Sí;;;;;
4469;cliente_1736@ejemplo.com;30/09/2024 09:10:52;Abierta;Recibido;Enviado;ARS;140000.0;0.0;6983.6;146983.6;;;;;;;;;;Lomas de zamora;;Gran Buenos Aires;Argentina;Correo Argentino Clasico - Envio a domicilio;Mercado Pago;;;;30/09/2024;30/09/2024;Vestido Giuli (M);70000;1;;Móvil;;;;Sí;;;;;
4469;cliente_1736@ejemplo.com;;;;;;;;;;;;;;;;;;;;;;;;;;;;;;Vestido Juliette (M);70000;1;;;;;;Sí;;;;;
4466;cliente_1737@ejemplo.com;29/09/2024 23:36:28;Abierta;Recibido;Enviado;ARS;135000.0;0.0;7584.8;142584.8;;;;;;;;;;Tres Arroyos ;;Buenos Aires;Argentina;Correo Argentino Clasico - Envio a domicilio;Mercado Pago;;;;29/09/2024;30/09/2024;Vestido Minerva (L);135000;1;;Móvil;;;;Sí;;;;;
4465;cliente_1738@ejemplo.com;29/09/2024 21:58:15;Abierta;Recibido;Enviado;ARS;132000.0;0.0;4766.9;136766.9;;;;;;;;;;Capital;;Córdoba;Argentina;Punto de retiro;Mercado Pago;;;;29/09/2024;30/09/2024;Vestido Marilyn (L);132000;1;;Móvil;;;;Sí;;;;;
4464;cliente_1466@ejemplo.com;29/09/2024 17:00:15;Abierta;Recibido;Enviado;ARS;125000.0;0.0;6000.0;131000.0;;;;;;;;;;Capital Federal;;Capital Federal;Argentina;Envio en moto CABA;Mercado Pago;;;;29/09/2024;07/02/2025;Vestido Fini (M);125000;1;;Móvil;;;;Sí;;;;;
4463;cliente_1739@ejemplo.com;29/09/2024 11:01:13;Abierta;Recibido;Enviado;ARS;132000.0;0.0;8217.5;140217.5;;;;;;;;;;Monteros ;;Tucumán;Argentina;Correo Argentino Clasico - Envio a domicilio;Mercado Pago;;;;29/09/2024;30/09/2024;Vestido Marilyn (S);132000;1;;Móvil;;;;Sí;;;;;
4462;cliente_1740@ejemplo.com;29/09/2024 08:59:36;Abierta;Recibido;Enviado;ARS;105000.0;0.0;4766.9;109766.9;;;;;;;;;;Chivilcoy;;Buenos Aires;Argentina;Punto de retiro;Mercado Pago;;;;29/09/2024;30/09/2024;PRE - VENTA Vestido Ornella (XL);105000;1;;Móvil;;;;Sí;;;;;
4461;cliente_1741@ejemplo.com;28/09/2024 20:43:40;Abierta;Recibido;Enviado;ARS;125000.0;0.0;6000.0;131000.0;;;;;;;;;;Capital Federal;;Capital Federal;Argentina;Envio en moto CABA;Mercado Pago;;;;28/09/2024;19/11/2024;Catsuit Charly celeste (L);125000;1;;Móvil;;;;Sí;;;;;
4460;cliente_1016@ejemplo.com;28/09/2024 19:48:03;Abierta;Recibido;Enviado;ARS;70000.0;0.0;3936.19;73936.19;;;;;;;;;;Tres de Febrero;;Gran Buenos Aires;Argentina;Punto de retiro;Mercado Pago;;;;28/09/2024;30/09/2024;Vestido Juliette negro (M);70000;1;;Móvil;;;;Sí;;;;;
4459;cliente_1560@ejemplo.com;28/09/2024 17:17:29;Abierta;Recibido;Enviado;ARS;135000.0;0.0;8275.1;143275.1;;;;;;;;;;Río turbio ;;Santa Cruz;Argentina;Correo Argentino Clasico - Envio a domicilio;Mercado Pago;;;;28/09/2024;30/09/2024;Vestido Minerva (XL);135000;1;;Móvil;;;;Sí;;;;;
4458;cliente_1742@ejemplo.com;28/09/2024 14:56:16;Abierta;Recibido;Enviado;ARS;120000.0;0.0;6000.0;126000.0;;;;;;;;;;Capital Federal;;Capital Federal;Argentina;Envio en moto CABA;Mercado Pago;;;;28/09/2024;01/10/2024;Vestido Libre (L);120000;1;;Móvil;;;;Sí;;;;;
4457;cliente_1743@ejemplo.com;28/09/2024 11:03:35;Abierta;Recibido;Enviado;ARS;183000.0;0.0;6395.89;189395.89;;;;;;;;;;Ushuaia;;Tierra del Fuego;Argentina;Punto de retiro;Mercado Pago;;;;28/09/2024;08/11/2024;Corset Ambar (XL);63000;1;;Móvil;;;;Sí;;;;;
4457;cliente_1743@ejemplo.com;;;;;;;;;;;;;;;;;;;;;;;;;;;;;;PRE-VENTA MAKENA (L);120000;1;;;;;;Sí;;;;;
4455;cliente_1744@ejemplo.com;27/09/2024 18:30:04;Abierta;Recibido;Enviado;ARS;120000.0;0.0;7584.8;127584.8;;;;;;;;;;La Capital;;Santa Fe;Argentina;Correo Argentino Clasico - Envio a domicilio;Mercado Pago;;;;27/09/2024;08/11/2024;PRE-VENTA MAKENA (M);120000;1;;Web;;;;Sí;;;;;
4453;cliente_1745@ejemplo.com;27/09/2024 16:39:15;Abierta;Recibido;Enviado;ARS;135000.0;0.0;4766.9;139766.9;;;;;;;;;;La Plata;;Buenos Aires;Argentina;Punto de retiro;Mercado Pago;;;;27/09/2024;30/09/2024;Vestido Minerva (XL);135000;1;;Móvil;;;;Sí;;;;;
4452;cliente_1746@ejemplo.com;27/09/2024 14:54:46;Abierta;Recibido;Enviado;ARS;120000.0;0.0;5403.2;125403.2;;;;;;;;;;Ushuaia;;Tierra del Fuego;Argentina;Punto de retiro;Mercado Pago;;;;27/09/2024;30/09/2024;Catsuit Destroyed (S);120000;1;;Móvil;;;;Sí;;;;;
4450;cliente_1747@ejemplo.com;27/09/2024 08:50:39;Abierta;Recibido;Enviado;ARS;123000.0;0.0;7584.8;130584.8;;;;;;;;;;Roaario;;Santa Fe;Argentina;Correo Argentino Clasico - Envio a domicilio;Mercado Pago;;;;27/09/2024;27/09/2024;Vestido Marion (L);123000;1;;Móvil;;;;Sí;;;;;
4449;cliente_1748@ejemplo.com;27/09/2024 08:22:56;Abierta;Recibido;Enviado;ARS;70000.0;0.0;4440.2;74440.2;;;;;;;;;;General Pueyrredón;;Buenos Aires;Argentina;Punto de retiro;Mercado Pago;;;;27/09/2024;27/09/2024;Vestido Juliette (M);70000;1;;Móvil;;;;Sí;;;;;
4448;cliente_1749@ejemplo.com;27/09/2024 07:58:10;Abierta;Recibido;Enviado;ARS;70000.0;0.0;7584.8;77584.8;;;;;;;;;;Córdoba ;;Córdoba;Argentina;Correo Argentino Clasico - Envio a domicilio;Mercado Pago;;;;27/09/2024;27/09/2024;Vestido Juliette negro (M);70000;1;;Móvil;;;;Sí;;;;;
4447;cliente_1750@ejemplo.com;27/09/2024 00:07:03;Abierta;Recibido;Enviado;ARS;120000.0;0.0;3936.19;123936.19;;;;;;;;;;Capital Federal;;Capital Federal;Argentina;Punto de retiro;Mercado Pago;;;;27/09/2024;19/11/2024;PRE-VENTA MAKENA (S);120000;1;;Móvil;;;;Sí;;;;;
4445;cliente_1751@ejemplo.com;26/09/2024 16:57:28;Abierta;Recibido;Enviado;ARS;232000.0;0.0;6983.6;238983.6;;;;;;;;;;Escobar;;Gran Buenos Aires;Argentina;Correo Argentino Clasico - Envio a domicilio;Mercado Pago;;;;26/09/2024;27/09/2024;Vestido Magda (M);95000;1;1725;Móvil;;;;Sí;;;;;
4445;cliente_1751@ejemplo.com;;;;;;;;;;;;;;;;;;;;;;;;;;;;;;Blazer Carel (M);137000;1;;;;;;Sí;;;;;
4444;cliente_1752@ejemplo.com;26/09/2024 14:48:33;Abierta;Recibido;Enviado;ARS;125000.0;0.0;7584.8;132584.8;;;;;;;;;;Río Cuarto;;Córdoba;Argentina;Correo Argentino Clasico - Envio a domicilio;Mercado Pago;;;;26/09/2024;27/09/2024;Vestido Fini (L);125000;1;;Móvil;;;;Sí;;;;;
4443;cliente_0243@ejemplo.com;25/09/2024 14:41:18;Abierta;Recibido;Enviado;ARS;153000.0;0.0;3936.19;156936.19;;;;;;;;;;Escobar;;Gran Buenos Aires;Argentina;Punto de retiro;Mercado Pago;;;;25/09/2024;26/09/2024;Overall Milo (XL);153000;1;;Móvil;;;;Sí;;;;;
4441;cliente_1753@ejemplo.com;25/09/2024 11:53:49;Abierta;Recibido;Enviado;ARS;132000.0;0.0;3936.19;135936.19;;;;;;;;;;Moron;;Buenos Aires;Argentina;Punto de retiro;Mercado Pago;;;;25/09/2024;26/09/2024;Vestido Marilyn (M);132000;1;;Móvil;;;;Sí;;;;;
4440;cliente_0394@ejemplo.com;24/09/2024 22:21:26;Abierta;Recibido;Enviado;ARS;135000.0;0.0;8203.09;143203.09;;;;;;;;;;CÓrdoba;;Córdoba;Argentina;Correo Argentino Clasico - Envio a domicilio;Mercado Pago;;;;24/09/2024;26/09/2024;Vestido Mandy (M);135000;1;;Móvil;;;;Sí;;;;;
4439;cliente_1754@ejemplo.com;24/09/2024 12:25:43;Abierta;Recibido;Enviado;ARS;393000.0;0.0;9633.2;402633.2;;;;;;;;;;Rio Cuarto ;;Córdoba;Argentina;Correo Argentino Clasico - Envio a domicilio;Mercado Pago;;;;24/09/2024;26/09/2024;Corset Idole (M);60000;1;;Móvil;;;;Sí;;;;;
4439;cliente_1754@ejemplo.com;;;;;;;;;;;;;;;;;;;;;;;;;;;;;;Pantalón Fiona (L);91000;1;;;;;;Sí;;;;;
4439;cliente_1754@ejemplo.com;;;;;;;;;;;;;;;;;;;;;;;;;;;;;;Vestido Olivia (M);120000;1;;;;;;Sí;;;;;
4439;cliente_1754@ejemplo.com;;;;;;;;;;;;;;;;;;;;;;;;;;;;;;Vestido Many (M);122000;1;;;;;;Sí;;;;;
4438;cliente_1755@ejemplo.com;24/09/2024 08:42:48;Abierta;Recibido;Enviado;ARS;70000.0;0.0;4766.9;74766.9;;;;;;;;;;Río Cuarto;;Córdoba;Argentina;Punto de retiro;Mercado Pago;;;;24/09/2024;24/09/2024;Chaleco Noya (XL);70000;1;;Móvil;;;;Sí;;;;;
4437;cliente_1111@ejemplo.com;23/09/2024 23:21:15;Abierta;Recibido;Enviado;ARS;135000.0;0.0;5193.51;140193.51;;;;;;;;;;Caucete;;San Juan;Argentina;Punto de retiro;Mercado Pago;;;;23/09/2024;24/09/2024;Vestido Minerva (M);135000;1;;Web;;;;Sí;;;;;
4436;cliente_0767@ejemplo.com;23/09/2024 21:31:22;Abierta;Recibido;Enviado;ARS;120000.0;0.0;4766.9;124766.9;;;;;;;;;;General Obligado;;Santa Fe;Argentina;Punto de retiro;Mercado Pago;;;;23/09/2024;08/11/2024;PRE-VENTA MAKENA (M);120000;1;;Móvil;;;;Sí;;;;;
4435;cliente_1756@ejemplo.com;23/09/2024 15:02:19;Abierta;Recibido;Enviado;ARS;60000.0;0.0;6000.0;66000.0;;;;;;;;;;Capital Federal;;Capital Federal;Argentina;Envio en moto CABA;Mercado Pago;;;;23/09/2024;26/09/2024;Corset Idole (XL);60000;1;;Móvil;;;;Sí;;;;;
4434;cliente_0615@ejemplo.com;23/09/2024 12:36:00;Abierta;Recibido;Enviado;ARS;150000.0;0.0;3936.19;153936.19;;;;;;;;;;Ezeiza;;Gran Buenos Aires;Argentina;Punto de retiro;Mercado Pago;;;;23/09/2024;24/09/2024;Catsuit Sena (L);150000;1;;Móvil;;;;Sí;;;;;
4433;cliente_1757@ejemplo.com;23/09/2024 11:37:18;Abierta;Recibido;Enviado;ARS;120000.0;0.0;6000.0;126000.0;;;;;;;;;;Capital Federal;;Capital Federal;Argentina;Envio en moto CABA;Mercado Pago;;;;23/09/2024;07/02/2025;PRE- VENTA NEW TAYLOR (M);120000;1;;Móvil;;;;Sí;;;;;
4431;cliente_1758@ejemplo.com;22/09/2024 17:43:14;Abierta;Recibido;Enviado;ARS;123000.0;0.0;8217.5;131217.5;;;;;;;;;;Confluencia;;Neuquén;Argentina;Correo Argentino Clasico - Envio a domicilio;Mercado Pago;;;;22/09/2024;23/09/2024;Vestido Marion (M);123000;1;;Móvil;;;;Sí;;;;;
4430;cliente_1501@ejemplo.com;22/09/2024 13:00:14;Abierta;Recibido;Enviado;ARS;120000.0;0.0;4766.9;124766.9;;;;;;;;;;Tandil;;Buenos Aires;Argentina;Punto de retiro;Mercado Pago;;;;22/09/2024;08/11/2024;PRE-VENTA MAKENA (S);120000;1;;Móvil;;;;Sí;;;;;
4428;cliente_1002@ejemplo.com;22/09/2024 11:12:48;Abierta;Recibido;Enviado;ARS;120000.0;0.0;7584.8;127584.8;;;;;;;;;;San Javier;;Córdoba;Argentina;Correo Argentino Clasico - Envio a domicilio;Mercado Pago;;;;22/09/2024;08/11/2024;PRE-VENTA MAKENA (S);120000;1;;Móvil;;;;Sí;;;;;
4427;cliente_1759@ejemplo.com;22/09/2024 09:55:23;Abierta;Recibido;Enviado;ARS;120000.0;0.0;3936.19;123936.19;;;;;;;;;;General San Martin;;Gran Buenos Aires;Argentina;Punto de retiro;Mercado Pago;;;;22/09/2024;22/10/2024;PRE-VENTA MAKENA (XL);120000;1;;Móvil;;;;Sí;;;;;
4425;cliente_1760@ejemplo.com;21/09/2024 21:41:49;Abierta;Recibido;Enviado;ARS;125000.0;0.0;3936.19;128936.19;;;;;;;;;;Capital Federal;;Capital Federal;Argentina;Punto de retiro;Mercado Pago;;;;21/09/2024;23/09/2024;Vestido Bianca (XL);125000;1;;Móvil;;;;Sí;;;;;
4424;cliente_1761@ejemplo.com;21/09/2024 15:38:33;Abierta;Recibido;Enviado;ARS;99000.0;0.0;3936.19;102936.19;;;;;;;;;;Moron;;Gran Buenos Aires;Argentina;Punto de retiro;Mercado Pago;;;;21/09/2024;30/09/2024;PRE - SALE VESTIDO JACKIE (S);99000;1;;Móvil;;;;Sí;;;;;
4420;cliente_0619@ejemplo.com;21/09/2024 07:01:41;Abierta;Recibido;Enviado;ARS;105000.0;0.0;3936.19;108936.19;;;;;;;;;;Lomas de Zamora;;Gran Buenos Aires;Argentina;Punto de retiro;Mercado Pago;;;;21/09/2024;23/09/2024;Catsuit Jade (L);105000;1;;Móvil;;;;Sí;;;;;
4419;cliente_1631@ejemplo.com;21/09/2024 06:31:03;Abierta;Recibido;Enviado;ARS;258000.0;0.0;9060.8;267060.8;;;;;;;;;;Moreno;;Gran Buenos Aires;Argentina;Correo Argentino Clasico - Envio a domicilio;Mercado Pago;;;;21/09/2024;23/09/2024;Jean Enzo (46);95000;1;1748;Móvil;;;;Sí;;;;;
4419;cliente_1631@ejemplo.com;;;;;;;;;;;;;;;;;;;;;;;;;;;;;;Pantalon LOUIS (46);93000;1;;;;;;Sí;;;;;
4419;cliente_1631@ejemplo.com;;;;;;;;;;;;;;;;;;;;;;;;;;;;;;Chaleco Noya (XL);70000;1;;;;;;Sí;;;;;
4418;cliente_1394@ejemplo.com;20/09/2024 19:01:30;Abierta;Recibido;Enviado;ARS;250000.0;0.0;5967.49;255967.49;;;;;;;;;;Confluencia;;Neuquén;Argentina;Punto de retiro;Mercado Pago;;;;20/09/2024;08/11/2024;PRE-VENTA MAKENA (S);120000;1;;Web;;;;Sí;;;;;
4418;cliente_1394@ejemplo.com;;;;;;;;;;;;;;;;;;;;;;;;;;;;;;Vestido Farrel (S);130000;1;;;;;;Sí;;;;;
4416;cliente_1762@ejemplo.com;20/09/2024 10:22:37;Abierta;Recibido;Enviado;ARS;120000.0;0.0;7584.8;127584.8;;;;;;;;;;Córdoba ;;Córdoba;Argentina;Correo Argentino Clasico - Envio a domicilio;Mercado Pago;;;;20/09/2024;23/09/2024;PRE-VENTA MAKENA (XL);120000;1;;Móvil;;;;Sí;;;;;
4414;cliente_1615@ejemplo.com;19/09/2024 22:02:07;Abierta;Recibido;Enviado;ARS;95000.0;0.0;5193.51;100193.51;;;;;;;;;;Mendoza;;Mendoza;Argentina;Punto de retiro;Mercado Pago;;;;19/09/2024;20/09/2024;Vestido Magda (XL);95000;1;1725;Móvil;;;;Sí;;;;;
4413;cliente_1763@ejemplo.com;19/09/2024 21:56:05;Abierta;Recibido;Enviado;ARS;120000.0;0.0;8217.5;128217.5;;;;;;;;;;Guaymallen ;;Mendoza;Argentina;Correo Argentino Clasico - Envio a domicilio;Mercado Pago;;;;19/09/2024;19/11/2024;PRE-VENTA MAKENA (S);120000;1;;Móvil;;;;Sí;;;;;
4412;cliente_1764@ejemplo.com;19/09/2024 16:35:08;Abierta;Recibido;Enviado;ARS;83000.0;0.0;6408.5;89408.5;;;;;;;;;;Canning ;;Gran Buenos Aires;Argentina;Correo Argentino Clasico - Envio a domicilio;Mercado Pago;;;;19/09/2024;20/09/2024;Falda Irina (XL);83000;1;;Móvil;;;;Sí;;;;;
4411;cliente_1765@ejemplo.com;19/09/2024 14:01:09;Abierta;Recibido;Enviado;ARS;93000.0;0.0;7584.8;100584.8;;;;;;;;;;La  Plata;;Buenos Aires;Argentina;Correo Argentino Clasico - Envio a domicilio;Mercado Pago;;;;19/09/2024;20/09/2024;Vestido Angel (XL);93000;1;;Móvil;;;;Sí;;;;;
4410;cliente_1161@ejemplo.com;19/09/2024 13:07:38;Abierta;Recibido;Enviado;ARS;400000.0;0.0;8470.4;408470.4;;;;;;;;;;Neuquén;;Neuquén;Argentina;Correo Argentino Clasico - Envio a domicilio;Mercado Pago;;;;19/09/2024;08/11/2024;PRE- VENTA NEW TAYLOR (S);120000;1;;Móvil;;;;Sí;;;;;
4410;cliente_1161@ejemplo.com;;;;;;;;;;;;;;;;;;;;;;;;;;;;;;PRE-VENTA MAKENA (S);120000;1;;;;;;Sí;;;;;
4410;cliente_1161@ejemplo.com;;;;;;;;;;;;;;;;;;;;;;;;;;;;;;Overall Heidi (S);160000;1;;;;;;Sí;;;;;
4409;cliente_1766@ejemplo.com;19/09/2024 13:03:22;Abierta;Recibido;Enviado;ARS;125000.0;0.0;7584.8;132584.8;;;;;;;;;;Villa Carlos Paz;;Córdoba;Argentina;Correo Argentino Clasico - Envio a domicilio;Mercado Pago;;;;19/09/2024;20/09/2024;Catsuit Pola jean (S);125000;1;;Móvil;;;;Sí;;;;;
4408;cliente_1767@ejemplo.com;18/09/2024 13:45:50;Abierta;Recibido;Enviado;ARS;132000.0;0.0;8217.5;140217.5;;;;;;;;;;Graneros;;Tucumán;Argentina;Correo Argentino Clasico - Envio a domicilio;Mercado Pago;;;;18/09/2024;23/09/2024;Vestido Ginna (L);132000;1;;Móvil;;;;Sí;;;;;
4406;cliente_1768@ejemplo.com;18/09/2024 12:39:05;Abierta;Recibido;Enviado;ARS;120000.0;0.0;7584.8;127584.8;;;;;;;;;;Ausonia;;Córdoba;Argentina;Correo Argentino Clasico - Envio a domicilio;Mercado Pago;;;;18/09/2024;23/09/2024;Vestido Sofia (L);120000;1;;Web;;;;Sí;;;;;
4405;cliente_1410@ejemplo.com;18/09/2024 09:46:44;Abierta;Recibido;Enviado;ARS;132000.0;0.0;3936.19;135936.19;;;;;;;;;;Vicente López;;Gran Buenos Aires;Argentina;Punto de retiro;Mercado Pago;;;;18/09/2024;20/09/2024;Vestido Marilyn (M);132000;1;;Móvil;;;;Sí;;;;;
4404;cliente_1769@ejemplo.com;18/09/2024 08:11:00;Abierta;Recibido;Enviado;ARS;135000.0;0.0;6000.0;141000.0;;;;;;;;;;Capital Federal;;Capital Federal;Argentina;Envio en moto CABA;Mercado Pago;;;;18/09/2024;23/09/2024;Vestido Minerva (S);135000;1;;Web;;;;Sí;;;;;
4403;cliente_1770@ejemplo.com;17/09/2024 21:49:01;Abierta;Recibido;Enviado;ARS;135000.0;0.0;4766.9;139766.9;;;;;;;;;;Rosario;;Santa Fe;Argentina;Punto de retiro;Mercado Pago;;;;17/09/2024;18/09/2024;Vestido Zendaya (XL);135000;1;;Móvil;;;;Sí;;;;;
4402;cliente_1246@ejemplo.com;17/09/2024 20:12:21;Abierta;Recibido;Enviado;ARS;132000.0;0.0;6408.5;138408.5;;;;;;;;;;Bs As;;Gran Buenos Aires;Argentina;Correo Argentino Clasico - Envio a domicilio;Mercado Pago;;;;17/09/2024;18/09/2024;Vestido Ula (L);132000;1;;Móvil;;;;Sí;;;;;
4401;cliente_1771@ejemplo.com;17/09/2024 18:57:54;Abierta;Recibido;Enviado;ARS;125000.0;0.0;4766.9;129766.9;;;;;;;;;;Río Segundo;;Córdoba;Argentina;Punto de retiro;Mercado Pago;;;;17/09/2024;18/09/2024;Vestido Fini (S);125000;1;;Móvil;;;;Sí;;;;;
4400;cliente_1772@ejemplo.com;17/09/2024 16:00:28;Abierta;Recibido;Enviado;ARS;120000.0;0.0;6408.5;126408.5;;;;;;;;;;Pilar;;Gran Buenos Aires;Argentina;Correo Argentino Clasico - Envio a domicilio;Mercado Pago;;;;17/09/2024;18/09/2024;Vestido Catalina (XL);120000;1;;Móvil;;;;Sí;;;;;
4399;cliente_1773@ejemplo.com;17/09/2024 08:07:04;Abierta;Recibido;Enviado;ARS;135000.0;0.0;6000.0;141000.0;;;;;;;;;;Capital Federal;;Capital Federal;Argentina;Envio en moto CABA;Mercado Pago;;;;17/09/2024;26/09/2024;Vestido Selene (XL);135000;1;;Móvil;;;;Sí;;;;;
4398;cliente_1774@ejemplo.com;16/09/2024 21:37:24;Abierta;Recibido;Enviado;ARS;120000.0;0.0;8217.5;128217.5;;;;;;;;;;Posadas;;Misiones;Argentina;Correo Argentino Clasico - Envio a domicilio;Mercado Pago;;;;16/09/2024;20/09/2024;Vestido Libre (M);120000;1;;Móvil;;;;Sí;;;;;
4396;cliente_1775@ejemplo.com;16/09/2024 17:18:08;Abierta;Recibido;Enviado;ARS;83000.0;0.0;4766.9;87766.9;;;;;;;;;;Maraco;;La Pampa;Argentina;Punto de retiro;Mercado Pago;;;;17/09/2024;18/09/2024;Falda Irina (S);83000;1;;Móvil;;;;Sí;;;;;
4395;cliente_1776@ejemplo.com;16/09/2024 13:49:00;Abierta;Recibido;Enviado;ARS;120000.0;0.0;6408.5;126408.5;;;;;;;;;;Buenos aires;;Gran Buenos Aires;Argentina;Correo Argentino Clasico - Envio a domicilio;Mercado Pago;;;;16/09/2024;20/09/2024;Catsuit Destroyed (S);120000;1;;Móvil;;;;Sí;;;;;
4394;cliente_1106@ejemplo.com;16/09/2024 01:02:32;Abierta;Recibido;Enviado;ARS;200000.0;0.0;6983.6;206983.6;;;;;;;;;;Nordelta Buenos Aires ;;Gran Buenos Aires;Argentina;Correo Argentino Clasico - Envio a domicilio;Mercado Pago;;;;16/09/2024;16/09/2024;Overall Heidi (M);100000;1;;Móvil;;;;Sí;;;;;
4394;cliente_1106@ejemplo.com;;;;;;;;;;;;;;;;;;;;;;;;;;;;;;Overall Eiffel (L);100000;1;;;;;;Sí;;;;;
4391;cliente_0250@ejemplo.com;15/09/2024 23:39:14;Abierta;Recibido;Enviado;ARS;200000.0;0.0;6796.4;206796.4;;;;;;;;;;San Fernando;;Chaco;Argentina;Punto de retiro;Mercado Pago;;;;15/09/2024;16/09/2024;Catsuit Ciro (S);100000;1;;Móvil;;;;Sí;;;;;
4391;cliente_0250@ejemplo.com;;;;;;;;;;;;;;;;;;;;;;;;;;;;;;Overall Uma (L);100000;1;;;;;;Sí;;;;;
4390;cliente_0093@ejemplo.com;15/09/2024 20:01:34;Abierta;Recibido;Enviado;ARS;100000.0;0.0;7584.8;107584.8;;;;;;;;;;Mar del Plarta;;Buenos Aires;Argentina;Correo Argentino Clasico - Envio a domicilio;Mercado Pago;;;;15/09/2024;17/09/2024;Overall Milo (S);100000;1;;Móvil;;;;Sí;;;;;
4389;cliente_1744@ejemplo.com;15/09/2024 19:29:05;Abierta;Recibido;Enviado;ARS;100000.0;0.0;7584.8;107584.8;;;;;;;;;;La Capital;;Santa Fe;Argentina;Correo Argentino Clasico - Envio a domicilio;Mercado Pago;;;;15/09/2024;16/09/2024;Vestido Libre (S);100000;1;;Web;;;;Sí;;;;;
4388;cliente_0265@ejemplo.com;15/09/2024 17:25:01;Abierta;Recibido;Enviado;ARS;300000.0;0.0;10732.99;310732.99;;;;;;;;;;Capital San juan ;;San Juan;Argentina;Correo Argentino Clasico - Envio a domicilio;Mercado Pago;;;;15/09/2024;16/09/2024;Overall Taylor (M);100000;1;;Móvil;;;;Sí;;;;;
4388;cliente_0265@ejemplo.com;;;;;;;;;;;;;;;;;;;;;;;;;;;;;;Vestido Koko (M);100000;1;1662;;;;;Sí;;;;;
4388;cliente_0265@ejemplo.com;;;;;;;;;;;;;;;;;;;;;;;;;;;;;;Overall Uma (M);100000;1;;;;;;Sí;;;;;
4386;cliente_1777@ejemplo.com;15/09/2024 14:32:45;Abierta;Recibido;Enviado;ARS;200000.0;0.0;5519.3;205519.3;;;;;;;;;;Necochea;;Buenos Aires;Argentina;Punto de retiro;Mercado Pago;;;;15/09/2024;17/09/2024;Vestido Libre (XL);100000;1;;Móvil;;;;Sí;;;;;
4386;cliente_1777@ejemplo.com;;;;;;;;;;;;;;;;;;;;;;;;;;;;;;Vestido Keaton (XL);100000;1;;;;;;Sí;;;;;
4385;cliente_0494@ejemplo.com;15/09/2024 11:41:09;Abierta;Recibido;Enviado;ARS;160000.0;0.0;4181.9;164181.9;;;;;;;;;;La Matanza;;Gran Buenos Aires;Argentina;Punto de retiro;Mercado Pago;;;;15/09/2024;17/09/2024;Vestido Farrel (M);100000;1;;Móvil;;;;Sí;;;;;
4385;cliente_0494@ejemplo.com;;;;;;;;;;;;;;;;;;;;;;;;;;;;;;Corset Idole (M);60000;1;;;;;;Sí;;;;;
4384;cliente_1778@ejemplo.com;15/09/2024 11:23:06;Abierta;Recibido;Enviado;ARS;100000.0;0.0;6408.5;106408.5;;;;;;;;;;Crucesita;;Gran Buenos Aires;Argentina;Correo Argentino Clasico - Envio a domicilio;Mercado Pago;;;;15/09/2024;16/09/2024;Vestido Minerva (M);100000;1;;Móvil;;;;Sí;;;;;
4382;cliente_1779@ejemplo.com;15/09/2024 00:07:03;Abierta;Recibido;Enviado;ARS;100000.0;0.0;6408.5;106408.5;;;;;;;;;;Berazategui;;Gran Buenos Aires;Argentina;Correo Argentino Clasico - Envio a domicilio;Mercado Pago;;;;15/09/2024;16/09/2024;Catsuit Felix (S);100000;1;;Móvil;;;;Sí;;;;;
4380;cliente_1780@ejemplo.com;14/09/2024 17:59:30;Abierta;Recibido;Enviado;ARS;200000.0;0.0;7178.0;207178.0;;;;;;;;;;San Isidro;;Gran Buenos Aires;Argentina;Correo Argentino Clasico - Envio a domicilio;Mercado Pago;;;;14/09/2024;16/09/2024;Vestido Koko (M);100000;1;1662;Móvil;;;;Sí;;;;;
4380;cliente_1780@ejemplo.com;;;;;;;;;;;;;;;;;;;;;;;;;;;;;;Vestido Alora (M);100000;1;1703;;;;;Sí;;;;;
4379;cliente_1696@ejemplo.com;14/09/2024 15:04:21;Abierta;Recibido;Enviado;ARS;100000.0;0.0;6000.0;106000.0;;;;;;;;;;Capital Federal;;Capital Federal;Argentina;Envio en moto CABA;Transferencia o depósito bancario;;;;14/09/2024;19/09/2024;Vestido Marilyn (XL);100000;1;;Móvil;;;;Sí;;;;;
4378;cliente_1781@ejemplo.com;14/09/2024 14:14:10;Abierta;Recibido;Enviado;ARS;100000.0;0.0;8275.1;108275.1;;;;;;;;;;Río Gallegos ;;Santa Cruz;Argentina;Correo Argentino Clasico - Envio a domicilio;Mercado Pago;;;;14/09/2024;16/09/2024;Catsuit Aurora (M);100000;1;;Móvil;;;;Sí;;;;;
4377;cliente_1782@ejemplo.com;14/09/2024 14:11:43;Abierta;Recibido;Enviado;ARS;100000.0;0.0;6000.0;106000.0;;;;;;;;;;Capital Federal;;Capital Federal;Argentina;Envio en moto CABA;Mercado Pago;;;;14/09/2024;19/09/2024;Vestido Minerva (XL);100000;1;;Móvil;;;;Sí;;;;;
4376;cliente_0970@ejemplo.com;14/09/2024 14:07:03;Abierta;Recibido;Enviado;ARS;100000.0;0.0;7584.8;107584.8;;;;;;;;;;Mar del Plata;;Buenos Aires;Argentina;Correo Argentino Clasico - Envio a domicilio;Mercado Pago;;;;14/09/2024;16/09/2024;Overall Taylor (M);100000;1;1721;Móvil;;;;Sí;;;;;
4375;cliente_1614@ejemplo.com;14/09/2024 12:17:08;Abierta;Recibido;Enviado;ARS;100000.0;0.0;6408.5;106408.5;;;;;;;;;;Hudson ;;Gran Buenos Aires;Argentina;Correo Argentino Clasico - Envio a domicilio;Mercado Pago;;;;14/09/2024;16/09/2024;Catsuit Aurora (M);100000;1;;Móvil;;;;Sí;;;;;
4374;cliente_1783@ejemplo.com;14/09/2024 12:00:50;Abierta;Recibido;Enviado;ARS;100000.0;0.0;5403.2;105403.2;;;;;;;;;;Biedma;;Chubut;Argentina;Punto de retiro;Mercado Pago;;;;14/09/2024;16/09/2024;Vestido Libre (S);100000;1;;Móvil;;;;Sí;;;;;
4373;cliente_0272@ejemplo.com;14/09/2024 10:24:23;Abierta;Recibido;Enviado;ARS;100000.0;0.0;3936.19;103936.19;;;;;;;;;;General San Martin;;Gran Buenos Aires;Argentina;Punto de retiro;Mercado Pago;;;;14/09/2024;17/09/2024;Overall Taylor (XL);100000;1;;Móvil;;;;Sí;;;;;
4372;cliente_1784@ejemplo.com;14/09/2024 08:47:56;Abierta;Recibido;Enviado;ARS;168000.0;0.0;6395.89;174395.89;;;;;;;;;;Lago Argentino;;Santa Cruz;Argentina;Punto de retiro;Mercado Pago;;;;14/09/2024;16/09/2024;Camisa Ivette (L);68000;1;1412;Móvil;;;;Sí;;;;;
4372;cliente_1784@ejemplo.com;;;;;;;;;;;;;;;;;;;;;;;;;;;;;;Catsuit Máxima (L);100000;1;;;;;;Sí;;;;;
4371;cliente_0417@ejemplo.com;14/09/2024 07:59:14;Abierta;Recibido;Enviado;ARS;100000.0;0.0;3833.6;103833.6;;;;;;;;;;Capital Federal;;Capital Federal;Argentina;Punto de retiro;Mercado Pago;;;;14/09/2024;16/09/2024;Vestido Many (S);100000;1;;Móvil;;;;Sí;;;;;
4368;cliente_1785@ejemplo.com;13/09/2024 21:24:27;Abierta;Recibido;Enviado;ARS;100000.0;0.0;4181.9;104181.9;;;;;;;;;;Vicente López;;Gran Buenos Aires;Argentina;Punto de retiro;Mercado Pago;;;;13/09/2024;17/09/2024;Vestido Koko (S);100000;1;1662;Móvil;;;;Sí;;;;;
4367;cliente_1786@ejemplo.com;13/09/2024 21:21:05;Abierta;Recibido;Enviado;ARS;100000.0;0.0;4766.9;104766.9;;;;;;;;;;Río Cuarto;;Córdoba;Argentina;Punto de retiro;Mercado Pago;;;;13/09/2024;16/09/2024;Vestido Keaton (XL);100000;1;;Móvil;;;;Sí;;;;;
4366;cliente_1692@ejemplo.com;13/09/2024 20:49:44;Abierta;Recibido;Enviado;ARS;200000.0;0.0;4181.9;204181.9;;;;;;;;;;Capital Federal;;Capital Federal;Argentina;Punto de retiro;Mercado Pago;;;;13/09/2024;16/09/2024;Catsuit Venezia (XL);100000;1;;Móvil;;;;Sí;;;;;
4366;cliente_1692@ejemplo.com;;;;;;;;;;;;;;;;;;;;;;;;;;;;;;Vestido Cristal (M);100000;1;;;;;;Sí;;;;;
4364;cliente_1787@ejemplo.com;13/09/2024 19:48:24;Abierta;Recibido;Enviado;ARS;100000.0;0.0;8217.5;108217.5;;;;;;;;;;Sáenz peña ;;Chaco;Argentina;Correo Argentino Clasico - Envio a domicilio;Mercado Pago;;;;13/09/2024;16/09/2024;Overall Taylor (L);100000;1;;Móvil;;;;Sí;;;;;
4360;cliente_1788@ejemplo.com;13/09/2024 17:51:27;Abierta;Recibido;Enviado;ARS;100000.0;0.0;5193.51;105193.51;;;;;;;;;;Los Lagos;;Neuquén;Argentina;Punto de retiro;Transferencia o depósito bancario;;;;15/09/2024;17/09/2024;Vestido Zendaya (L);100000;1;;Móvil;;;;Sí;;;;;
4359;cliente_0876@ejemplo.com;13/09/2024 17:40:23;Abierta;Recibido;Enviado;ARS;200000.0;0.0;4181.9;204181.9;;;;;;;;;;Capital Federal;;Capital Federal;Argentina;Punto de retiro;Mercado Pago;;;;13/09/2024;17/09/2024;Vestido Fini (L);100000;1;;Móvil;;;;Sí;;;;;
4359;cliente_0876@ejemplo.com;;;;;;;;;;;;;;;;;;;;;;;;;;;;;;Vestido Zendaya (L);100000;1;;;;;;Sí;;;;;
4358;cliente_1789@ejemplo.com;13/09/2024 16:38:32;Abierta;Recibido;Enviado;ARS;200000.0;0.0;4181.9;204181.9;;;;;;;;;;La Matanza;;Gran Buenos Aires;Argentina;Punto de retiro;Mercado Pago;;;;13/09/2024;17/09/2024;Vestido Marilyn (L);100000;1;;Móvil;;;;Sí;;;;;
4358;cliente_1789@ejemplo.com;;;;;;;;;;;;;;;;;;;;;;;;;;;;;;Vestido Fini (L);100000;1;;;;;;Sí;;;;;
4357;cliente_1790@ejemplo.com;13/09/2024 10:50:44;Abierta;Recibido;Enviado;ARS;228000.0;45600.0;4181.9;186581.9;;;;;;;;;;Quilmes;;Gran Buenos Aires;Argentina;Punto de retiro;Mercado Pago;;;;13/09/2024;17/09/2024;Vestido Nadine (L);135000;1;;Móvil;;;;Sí;;;;;
4357;cliente_1790@ejemplo.com;;;;;;;;;;;;;;;;;;;;;;;;;;;;;;Pantalon Zara blue (40);93000;1;;;;;;Sí;;;;;
4356;cliente_0455@ejemplo.com;11/09/2024 21:58:40;Abierta;Recibido;Enviado;ARS;135000.0;13500.0;7584.8;129084.8;;;;;;;;;;Chivilcoy;;Buenos Aires;Argentina;Correo Argentino Clasico - Envio a domicilio;Mercado Pago;;;;11/09/2024;12/09/2024;Vestido Minerva (S);135000;1;;Móvil;;;;Sí;;;;;
4355;cliente_1791@ejemplo.com;11/09/2024 13:36:02;Abierta;Recibido;Enviado;ARS;120000.0;12000.0;8217.5;116217.5;;;;;;;;;;Presidencia Roque Saenz Peña Chaco;;Chaco;Argentina;Correo Argentino Clasico - Envio a domicilio;Mercado Pago;;;;11/09/2024;12/09/2024;Catsuit Jade (L);120000;1;;Móvil;;;;Sí;;;;;
4354;cliente_1792@ejemplo.com;11/09/2024 09:13:42;Abierta;Recibido;Enviado;ARS;186000.0;37200.0;5519.3;154319.3;;;;;;;;;;La Plata;;Buenos Aires;Argentina;Punto de retiro;Mercado Pago;;;;11/09/2024;11/09/2024;Pantalon Zara acid (42);93000;1;;Móvil;;;;Sí;;;;;
4354;cliente_1792@ejemplo.com;;;;;;;;;;;;;;;;;;;;;;;;;;;;;;Pantalon Zara acid (38);93000;1;;;;;;Sí;;;;;
4353;cliente_1793@ejemplo.com;10/09/2024 22:03:41;Abierta;Recibido;Enviado;ARS;220000.0;44000.0;8470.4;184470.4;;;;;;;;;;Aconquija ;;Catamarca;Argentina;Correo Argentino Clasico - Envio a domicilio;Mercado Pago;;;;10/09/2024;11/09/2024;Vestido Fini (XL);125000;1;;Móvil;;;;Sí;;;;;
4353;cliente_1793@ejemplo.com;;;;;;;;;;;;;;;;;;;;;;;;;;;;;;Vestido Magda (XL);95000;1;1725;;;;;Sí;;;;;
4351;cliente_1794@ejemplo.com;10/09/2024 15:17:45;Abierta;Recibido;Enviado;ARS;310000.0;62000.0;6983.6;254983.6;;;;;;;;;;San Miguel;;Gran Buenos Aires;Argentina;Correo Argentino Clasico - Envio a domicilio;Mercado Pago;;;;10/09/2024;11/09/2024;Overall Donatella (M);150000;1;;Móvil;;;;Sí;;;;;
4351;cliente_1794@ejemplo.com;;;;;;;;;;;;;;;;;;;;;;;;;;;;;;Overall Heidi (M);160000;1;;;;;;Sí;;;;;
4350;cliente_1795@ejemplo.com;10/09/2024 10:30:32;Abierta;Recibido;Enviado;ARS;120000.0;12000.0;8217.5;116217.5;;;;;;;;;;Neuquen;;Neuquén;Argentina;Correo Argentino Clasico - Envio a domicilio;Mercado Pago;;;;10/09/2024;11/09/2024;Vestido Libre (S);120000;1;;Móvil;;;;Sí;;;;;
4349;cliente_1796@ejemplo.com;10/09/2024 09:05:39;Abierta;Recibido;Enviado;ARS;132000.0;13200.0;4318.0;123118.0;;;;;;;;;;Quilmes;;Gran Buenos Aires;Argentina;Punto de retiro;Mercado Pago;;;;13/09/2024;13/09/2024;Vestido Ula (L);132000;1;;Móvil;;;;Sí;;;;;
4348;cliente_1797@ejemplo.com;09/09/2024 12:47:19;Abierta;Recibido;Enviado;ARS;183000.0;36600.0;7795.39;154195.39;;;;;;;;;;Villa Dolores;;Córdoba;Argentina;Correo Argentino Clasico - Envio a domicilio;Mercado Pago;;;;09/09/2024;11/09/2024;Pantalon Zara Dark (40);90000;1;;Móvil;;;;Sí;;;;;
4348;cliente_1797@ejemplo.com;;;;;;;;;;;;;;;;;;;;;;;;;;;;;;Pantalon Zara blue (40);93000;1;;;;;;Sí;;;;;
4346;cliente_1798@ejemplo.com;09/09/2024 09:38:39;Abierta;Recibido;Enviado;ARS;105000.0;10500.0;10012.0;104512.0;;;;;;;;;;Pte derqui ;;Gran Buenos Aires;Argentina;Correo Argentino Clasico - Envio a domicilio;Mercado Pago;;;;09/09/2024;09/09/2024;Jean Arlet (38);105000;1;1762;Móvil;;;;Sí;;;;;
4345;cliente_1164@ejemplo.com;08/09/2024 14:47:31;Abierta;Recibido;Enviado;ARS;125000.0;12500.0;8372.01;120872.01;;;;;;;;;;Morteros ;;Córdoba;Argentina;Correo Argentino Clasico - Envio a domicilio;Mercado Pago;;;;08/09/2024;09/09/2024;Vestido Fini (L);125000;1;;Móvil;;;;Sí;;;;;
4344;cliente_0677@ejemplo.com;08/09/2024 13:51:15;Abierta;Recibido;Enviado;ARS;250000.0;50000.0;7704.0;207704.0;;;;;;;;;;Guillermo Hudson;;Gran Buenos Aires;Argentina;Correo Argentino Clasico - Envio a domicilio;Mercado Pago;;;;08/09/2024;09/09/2024;Catsuit Pola jean (M);125000;1;;Móvil;;;;Sí;;;;;
4344;cliente_0677@ejemplo.com;;;;;;;;;;;;;;;;;;;;;;;;;;;;;;Catsuit Charly negro (M);125000;1;;;;;;Sí;;;;;
4342;cliente_1799@ejemplo.com;08/09/2024 12:09:12;Abierta;Recibido;Enviado;ARS;587000.0;205450.0;10648.0;392198.0;;;;;;;;;;Capital;;Córdoba;Argentina;Correo Argentino Clasico - Envio a domicilio;Mercado Pago;;;;08/09/2024;09/09/2024;Vestido Zendaya (XL);135000;1;;Móvil;;;;Sí;;;;;
4342;cliente_1799@ejemplo.com;;;;;;;;;;;;;;;;;;;;;;;;;;;;;;Overall Taylor (XL);157000;1;;;;;;Sí;;;;;
4342;cliente_1799@ejemplo.com;;;;;;;;;;;;;;;;;;;;;;;;;;;;;;Overall Eiffel (XL);160000;1;;;;;;Sí;;;;;
4342;cliente_1799@ejemplo.com;;;;;;;;;;;;;;;;;;;;;;;;;;;;;;Vestido Minerva (XL);135000;1;;;;;;Sí;;;;;
4341;cliente_1800@ejemplo.com;08/09/2024 11:30:01;Abierta;Recibido;Enviado;ARS;135000.0;13500.0;9059.0;130559.0;;;;;;;;;;Santa fe;;Santa Fe;Argentina;Correo Argentino Clasico - Envio a domicilio;Mercado Pago;;;;08/09/2024;09/09/2024;Vestido Mandy (XL);135000;1;;Móvil;;;;Sí;;;;;
4340;cliente_1801@ejemplo.com;07/09/2024 11:56:58;Abierta;Recibido;Enviado;ARS;188000.0;37600.0;10012.0;160412.0;;;;;;;;;;Buenos aires;;Gran Buenos Aires;Argentina;Correo Argentino Clasico - Envio a domicilio;Mercado Pago;;;;07/09/2024;09/09/2024;Jean Calix (40);95000;1;1747;Móvil;;;;Sí;;;;;
4340;cliente_1801@ejemplo.com;;;;;;;;;;;;;;;;;;;;;;;;;;;;;;Pantalon LOUIS (40);93000;1;;;;;;Sí;;;;;
4339;cliente_1802@ejemplo.com;07/09/2024 10:24:52;Abierta;Recibido;Enviado;ARS;415000.0;145250.0;16667.0;286417.0;;;;;;;;;;Yerba buena ;;Tucumán;Argentina;Correo Argentino Clasico - Envio a domicilio;Mercado Pago;;;;07/09/2024;09/09/2024;Jean Arlet (38);105000;1;1762;Móvil;;;;Sí;;;;;
4339;cliente_1802@ejemplo.com;;;;;;;;;;;;;;;;;;;;;;;;;;;;;;Corset Ambar (L);63000;1;;;;;;Sí;;;;;
4339;cliente_1802@ejemplo.com;;;;;;;;;;;;;;;;;;;;;;;;;;;;;;Vestido Alba (M);125000;1;;;;;;Sí;;;;;
4339;cliente_1802@ejemplo.com;;;;;;;;;;;;;;;;;;;;;;;;;;;;;;Vestido Many (M);122000;1;;;;;;Sí;;;;;
4338;cliente_1803@ejemplo.com;06/09/2024 19:52:08;Abierta;Recibido;Enviado;ARS;105000.0;10500.0;15273.0;109773.0;;;;;;;;;;General Roca;;Rio Negro;Argentina;Punto de retiro;Transferencia o depósito bancario;;;;09/09/2024;09/09/2024;Jean Arlet (40);105000;1;1762;Móvil;;;;Sí;;;;;
4337;cliente_0045@ejemplo.com;06/09/2024 16:39:36;Abierta;Recibido;Enviado;ARS;272000.0;81600.0;9059.0;199459.0;;;;;;;;;;Tandil;;Buenos Aires;Argentina;Correo Argentino Clasico - Envio a domicilio;Mercado Pago;;;;06/09/2024;09/09/2024;Falda Irina (L);83000;1;;Móvil;;;;Sí;;;;;
4337;cliente_0045@ejemplo.com;;;;;;;;;;;;;;;;;;;;;;;;;;;;;;Corset Roma (L);69000;1;;;;;;Sí;;;;;
4337;cliente_0045@ejemplo.com;;;;;;;;;;;;;;;;;;;;;;;;;;;;;;Vestido Libre (L);120000;1;;;;;;Sí;;;;;
4336;cliente_1804@ejemplo.com;06/09/2024 11:52:37;Abierta;Recibido;Enviado;ARS;142000.0;14200.0;9356.0;137156.0;;;;;;;;;;Plottier ;;Neuquén;Argentina;Correo Argentino Clasico - Envio a domicilio;Mercado Pago;;;;06/09/2024;09/09/2024;Vestido Alora (L);142000;1;1703;Web;;;;Sí;;;;;
4334;cliente_1805@ejemplo.com;05/09/2024 19:18:44;Abierta;Recibido;Enviado;ARS;344000.0;120400.0;6000.0;229600.0;;;;;;;;;;Capital Federal;;Capital Federal;Argentina;Envio en moto CABA;Transferencia o depósito bancario;;;;06/09/2024;06/09/2024;Jean Calix (46);95000;1;1747;Web;;;;Sí;;;;;
4334;cliente_1805@ejemplo.com;;;;;;;;;;;;;;;;;;;;;;;;;;;;;;Corset Ambar (XL);63000;1;;;;;;Sí;;;;;
4334;cliente_1805@ejemplo.com;;;;;;;;;;;;;;;;;;;;;;;;;;;;;;Pantalón Fiona (XL);91000;1;;;;;;Sí;;;;;
4334;cliente_1805@ejemplo.com;;;;;;;;;;;;;;;;;;;;;;;;;;;;;;Jean Enzo (46);95000;1;1748;;;;;Sí;;;;;
4333;cliente_0748@ejemplo.com;05/09/2024 17:53:26;Abierta;Recibido;Enviado;ARS;60000.0;6000.0;7065.0;61065.0;;;;;;;;;;Tigre ;;Gran Buenos Aires;Argentina;Correo Argentino Clasico - Envio a domicilio;Mercado Pago;;;;05/09/2024;06/09/2024;Corset Idole (M);60000;1;;Web;;;;Sí;;;;;
4332;cliente_1806@ejemplo.com;04/09/2024 15:21:30;Abierta;Recibido;Enviado;ARS;95000.0;9500.0;4318.0;89818.0;;;;;;;;;;Capital Federal;;Capital Federal;Argentina;Punto de retiro;Mercado Pago;;;;04/09/2024;05/09/2024;Vestido Magda (M);95000;1;1725;Móvil;;;;Sí;;;;;
4331;cliente_1807@ejemplo.com;04/09/2024 11:34:12;Abierta;Recibido;Enviado;ARS;225000.0;45000.0;16667.0;196667.0;;;;;;;;;;Bella vista;;Corrientes;Argentina;Correo Argentino Clasico - Envio a domicilio;Mercado Pago;;;;04/09/2024;05/09/2024;Jean Enzo (44);95000;1;1748;Móvil;;;;Sí;;;;;
4331;cliente_1807@ejemplo.com;;;;;;;;;;;;;;;;;;;;;;;;;;;;;;Vestido Farrel (L);130000;1;;;;;;Sí;;;;;
4330;cliente_1808@ejemplo.com;04/09/2024 11:00:27;Abierta;Recibido;Enviado;ARS;87000.0;8700.0;5715.0;84015.0;;;;;;;;;;General Roca;;Rio Negro;Argentina;Punto de retiro;Mercado Pago;;;;04/09/2024;04/09/2024;Pantalón Cami (XL);87000;1;;Móvil;;;;Sí;;;;;
4329;cliente_1809@ejemplo.com;04/09/2024 10:35:01;Abierta;Recibido;Enviado;ARS;157000.0;15700.0;6000.0;147300.0;;;;;;;;;;Capital Federal;;Capital Federal;Argentina;Envio en moto CABA;Mercado Pago;;;;04/09/2024;06/09/2024;Overall Taylor (XL);157000;1;;Móvil;;;;Sí;;;;;
4328;cliente_1356@ejemplo.com;03/09/2024 18:37:14;Abierta;Recibido;Enviado;ARS;145000.0;14500.0;4318.0;134818.0;;;;;;;;;;Vicente López;;Gran Buenos Aires;Argentina;Punto de retiro;Mercado Pago;;;;03/09/2024;04/09/2024;Catsuit Máxima (XL);145000;1;;Móvil;;;;Sí;;;;;
4326;cliente_1810@ejemplo.com;02/09/2024 10:25:16;Abierta;Recibido;Enviado;ARS;160000.0;16000.0;9075.0;153075.0;;;;;;;;;;Neuquen ;;Neuquén;Argentina;Correo Argentino Clasico - Envio a domicilio;Mercado Pago;;;;02/09/2024;02/09/2024;Overall Eiffel (XL);160000;1;;Móvil;;;;Sí;;;;;
4325;cliente_1811@ejemplo.com;02/09/2024 00:38:07;Abierta;Recibido;Enviado;ARS;245000.0;49000.0;6000.0;202000.0;;;;;;;;;;Capital Federal;;Capital Federal;Argentina;Envio en moto CABA;Mercado Pago;;;;02/09/2024;06/09/2024;Vestido Catalina (S);120000;1;;Móvil;;;;Sí;;;;;
4325;cliente_1811@ejemplo.com;;;;;;;;;;;;;;;;;;;;;;;;;;;;;;Catsuit Pola black (S);125000;1;;;;;;Sí;;;;;
4324;cliente_1563@ejemplo.com;01/09/2024 13:33:20;Abierta;Recibido;Enviado;ARS;183000.0;36600.0;4591.0;150991.0;;;;;;;;;;Capital Federal;;Capital Federal;Argentina;Punto de retiro;Mercado Pago;;;;01/09/2024;02/09/2024;Pantalon Zara acid (38);93000;1;;Móvil;;;;Sí;;;;;
4324;cliente_1563@ejemplo.com;;;;;;;;;;;;;;;;;;;;;;;;;;;;;;Pantalon Zara Dark (36);90000;1;;;;;;Sí;;;;;
4323;cliente_1744@ejemplo.com;01/09/2024 01:35:29;Abierta;Recibido;Enviado;ARS;93000.0;9300.0;7656.0;91356.0;;;;;;;;;; Santa Fe ;;Santa Fe;Argentina;Correo Argentino Clasico - Envio a domicilio;Mercado Pago;;;;01/09/2024;02/09/2024;Pantalon LOUIS (38);93000;1;;Web;;;;Sí;;;;;
4322;cliente_1812@ejemplo.com;31/08/2024 21:54:18;Abierta;Recibido;Enviado;ARS;280000.0;28000.0;7869.0;259869.0;;;;;;;;;;Bahia Blanca;;Buenos Aires;Argentina;Correo Argentino Clasico - Envio a domicilio;Mercado Pago;;;;04/09/2024;06/09/2024;Trench Hillary (S);280000;1;;Móvil;;;;Sí;;;;;
4320;cliente_1261@ejemplo.com;31/08/2024 15:12:46;Abierta;Recibido;Enviado;ARS;145000.0;14500.0;3971.01;134471.01;;;;;;;;;;Pilar;;Gran Buenos Aires;Argentina;Punto de retiro;Mercado Pago;;;;31/08/2024;02/09/2024;Catsuit Máxima (L);145000;1;;Móvil;;;;Sí;;;;;
4319;cliente_1813@ejemplo.com;31/08/2024 13:25:19;Abierta;Recibido;Enviado;ARS;110000.0;11000.0;5453.0;104453.0;;;;;;;;;;Corpen Aike;;Santa Cruz;Argentina;Punto de retiro;Mercado Pago;;;;31/08/2024;02/09/2024;Vestido Cristal (M);110000;1;;Móvil;;;;Sí;;;;;
4317;cliente_1814@ejemplo.com;31/08/2024 09:47:54;Abierta;Recibido;Enviado;ARS;135000.0;13500.0;4810.0;126310.0;;;;;;;;;;La Plata;;Buenos Aires;Argentina;Punto de retiro;Mercado Pago;;;;31/08/2024;02/09/2024;Vestido Minerva (M);135000;1;;Móvil;;;;Sí;;;;;
4316;cliente_1815@ejemplo.com;30/08/2024 16:41:10;Abierta;Recibido;Enviado;ARS;195000.0;39000.0;12839.0;168839.0;;;;;;;;;;Funes;;Santa Fe;Argentina;Correo Argentino Clasico - Envio a domicilio;Mercado Pago;;;;30/08/2024;02/09/2024;Pantalon Zara Dark (42);90000;1;;Móvil;;;;Sí;;;;;
4316;cliente_1815@ejemplo.com;;;;;;;;;;;;;;;;;;;;;;;;;;;;;;Jean Arlet (44);105000;1;1762;;;;;Sí;;;;;
4315;cliente_1816@ejemplo.com;30/08/2024 16:32:52;Abierta;Recibido;Enviado;ARS;120000.0;12000.0;6468.0;114468.0;;;;;;;;;;Buenos Aires Pilar;;Gran Buenos Aires;Argentina;Correo Argentino Clasico - Envio a domicilio;Mercado Pago;;;;30/08/2024;02/09/2024;Vestido Libre (M);120000;1;;Móvil;;;;Sí;;;;;
4314;cliente_1817@ejemplo.com;30/08/2024 10:57:02;Abierta;Recibido;Enviado;ARS;163000.0;32600.0;9147.0;139547.0;;;;;;;;;;Florida;;Gran Buenos Aires;Argentina;Correo Argentino Clasico - Envio a domicilio;Mercado Pago;;;;30/08/2024;30/08/2024;Jean Calix (46);95000;1;1747;Móvil;;;;Sí;;;;;
4314;cliente_1817@ejemplo.com;;;;;;;;;;;;;;;;;;;;;;;;;;;;;;Camisa Ivette (M);68000;1;1412;;;;;Sí;;;;;
4312;cliente_1818@ejemplo.com;29/08/2024 14:57:56;Abierta;Recibido;Enviado;ARS;225000.0;45000.0;13930.0;193930.0;;;;;;;;;;General Roca;;Rio Negro;Argentina;Punto de retiro;Mercado Pago;;;;29/08/2024;30/08/2024;Jean Arlet (42);105000;1;1762;Móvil;;;;Sí;;;;;
4312;cliente_1818@ejemplo.com;;;;;;;;;;;;;;;;;;;;;;;;;;;;;;Catsuit Jade (M);120000;1;;;;;;Sí;;;;;
4311;cliente_1819@ejemplo.com;29/08/2024 14:05:17;Abierta;Recibido;Enviado;ARS;320000.0;96000.0;15197.0;239197.0;;;;;;;;;;Neuquén ;;Neuquén;Argentina;Correo Argentino Clasico - Envio a domicilio;Mercado Pago;;;;29/08/2024;30/08/2024;Jean Arlet (46);105000;1;1762;Móvil;;;;Sí;;;;;
4311;cliente_1819@ejemplo.com;;;;;;;;;;;;;;;;;;;;;;;;;;;;;;Pantalon Zara acid (46);93000;1;;;;;;Sí;;;;;
4311;cliente_1819@ejemplo.com;;;;;;;;;;;;;;;;;;;;;;;;;;;;;;Vestido Many (XL);122000;1;;;;;;Sí;;;;;
4310;cliente_1820@ejemplo.com;29/08/2024 11:40:09;Abierta;Recibido;Enviado;ARS;145000.0;14500.0;5241.0;135741.0;;;;;;;;;;San Martín;;Mendoza;Argentina;Punto de retiro;Mercado Pago;;;;29/08/2024;30/08/2024;Catsuit Máxima (S);145000;1;;Móvil;;;;Sí;;;;;
4309;cliente_0094@ejemplo.com;28/08/2024 18:25:51;Abierta;Recibido;Enviado;ARS;250000.0;50000.0;7049.0;207049.0;;;;;;;;;;Buenos Aires ;;Gran Buenos Aires;Argentina;Correo Argentino Clasico - Envio a domicilio;Mercado Pago;;;;28/08/2024;30/08/2024;Vestido Fini (S);125000;1;;Móvil;;;;Sí;;;;;
4309;cliente_0094@ejemplo.com;;;;;;;;;;;;;;;;;;;;;;;;;;;;;;Vestido Francesca (S);125000;1;;;;;;Sí;;;;;
4308;cliente_1356@ejemplo.com;28/08/2024 11:17:59;Abierta;Recibido;Enviado;ARS;125000.0;12500.0;3971.01;116471.01;;;;;;;;;;Vicente López;;Gran Buenos Aires;Argentina;Punto de retiro;Mercado Pago;;;;28/08/2024;28/08/2024;Vestido Fini (XL);125000;1;;Móvil;;;;Sí;;;;;
4307;cliente_1821@ejemplo.com;28/08/2024 11:09:14;Abierta;Recibido;Enviado;ARS;150000.0;15000.0;6000.0;141000.0;;;;;;;;;;Capital Federal;;Capital Federal;Argentina;Envio en moto CABA;Mercado Pago;;;;28/08/2024;29/08/2024;Catsuit Sena (XL);150000;1;;Móvil;;;;Sí;;;;;
4306;cliente_1822@ejemplo.com;28/08/2024 09:24:32;Abierta;Recibido;Enviado;ARS;120000.0;12000.0;3971.01;111971.01;;;;;;;;;;Capital Federal;;Capital Federal;Argentina;Punto de retiro;Mercado Pago;;;;28/08/2024;28/08/2024;Vestido Libre (S);120000;1;;Móvil;;;;Sí;;;;;
4305;cliente_1823@ejemplo.com;28/08/2024 08:40:51;Abierta;Recibido;Enviado;ARS;276000.0;82800.0;4331.01;197531.01;;;;;;;;;;Capital Federal;;Capital Federal;Argentina;Punto de retiro;Mercado Pago;;;;28/08/2024;28/08/2024;Pantalon Zara Dark (40);90000;1;;Móvil;;;;Sí;;;;;
4305;cliente_1823@ejemplo.com;;;;;;;;;;;;;;;;;;;;;;;;;;;;;;Pantalon Zara acid (40);93000;1;;;;;;Sí;;;;;
4305;cliente_1823@ejemplo.com;;;;;;;;;;;;;;;;;;;;;;;;;;;;;;Pantalon Zara blue (40);93000;1;;;;;;Sí;;;;;
4304;cliente_1824@ejemplo.com;27/08/2024 18:15:27;Abierta;Recibido;Enviado;ARS;135000.0;13500.0;7656.0;129156.0;;;;;;;;;;25 de Mayo;;Buenos Aires;Argentina;Correo Argentino Clasico - Envio a domicilio;Mercado Pago;;;;27/08/2024;28/08/2024;Vestido Zendaya (XL);135000;1;;Móvil;;;;Sí;;;;;
4303;cliente_1825@ejemplo.com;27/08/2024 13:42:12;Abierta;Recibido;Enviado;ARS;95000.0;9500.0;7449.01;92949.01;;;;;;;;;;Merlo;;Gran Buenos Aires;Argentina;Correo Argentino Clasico - Envio a domicilio;Mercado Pago;;;;27/08/2024;28/08/2024;Jean Enzo (44);95000;1;1748;Móvil;;;;Sí;;;;;
4301;cliente_1826@ejemplo.com;26/08/2024 14:21:57;Abierta;Recibido;Enviado;ARS;93000.0;9300.0;8295.0;91995.0;;;;;;;;;;Centenario;;Neuquén;Argentina;Correo Argentino Clasico - Envio a domicilio;Mercado Pago;;;;26/08/2024;28/08/2024;Pantalon Zara acid (44);93000;1;;Móvil;;;;Sí;;;;;
4298;cliente_1756@ejemplo.com;25/08/2024 12:35:03;Abierta;Recibido;Enviado;ARS;60000.0;6000.0;6000.0;60000.0;;;;;;;;;;Capital Federal;;Capital Federal;Argentina;Envio en moto CABA;Mercado Pago;;;;25/08/2024;29/08/2024;Corset Idole (M);60000;1;;Móvil;;;;Sí;;;;;
4297;cliente_1827@ejemplo.com;24/08/2024 19:54:16;Abierta;Recibido;Enviado;ARS;120000.0;12000.0;7656.0;115656.0;;;;;;;;;;Coronel Suarez;;Buenos Aires;Argentina;Correo Argentino Clasico - Envio a domicilio;Mercado Pago;;;;24/08/2024;26/08/2024;Vestido Libre (XL);120000;1;;Móvil;;;;Sí;;;;;
4296;cliente_1828@ejemplo.com;23/08/2024 20:23:14;Abierta;Recibido;Enviado;ARS;524000.0;183400.0;9725.0;350325.0;;;;;;;;;;Villa Allende ;;Córdoba;Argentina;Correo Argentino Clasico - Envio a domicilio;Mercado Pago;;;;23/08/2024;26/08/2024;Vestido Koko (L);146000;1;1662;Móvil;;;;Sí;;;;;
4296;cliente_1828@ejemplo.com;;;;;;;;;;;;;;;;;;;;;;;;;;;;;;Vestido Minerva (L);135000;1;;;;;;Sí;;;;;
4296;cliente_1828@ejemplo.com;;;;;;;;;;;;;;;;;;;;;;;;;;;;;;Vestido Catalina (L);120000;1;;;;;;Sí;;;;;
4296;cliente_1828@ejemplo.com;;;;;;;;;;;;;;;;;;;;;;;;;;;;;;Vestido Valentino (L);123000;1;;;;;;Sí;;;;;
4295;cliente_1571@ejemplo.com;23/08/2024 19:27:40;Abierta;Recibido;Enviado;ARS;120000.0;12000.0;5241.0;113241.0;;;;;;;;;;General Roca;;Rio Negro;Argentina;Punto de retiro;Transferencia o depósito bancario;;;;26/08/2024;26/08/2024;Vestido Catalina (S);120000;1;;Web;;;;Sí;;;;;
4294;cliente_1829@ejemplo.com;23/08/2024 17:39:27;Abierta;Recibido;Enviado;ARS;63000.0;6300.0;3971.01;60671.01;;;;;;;;;;Lomas de Zamora;;Gran Buenos Aires;Argentina;Punto de retiro;Mercado Pago;;;;23/08/2024;26/08/2024;Corset Ambar (L);63000;1;;Móvil;;;;Sí;;;;;
4293;cliente_1830@ejemplo.com;22/08/2024 22:35:48;Abierta;Recibido;Enviado;ARS;120000.0;12000.0;5241.0;113241.0;;;;;;;;;;Confluencia;;Neuquén;Argentina;Punto de retiro;Mercado Pago;;;;22/08/2024;26/08/2024;Catsuit Jade (L);120000;1;;Móvil;;;;Sí;;;;;
4292;cliente_1831@ejemplo.com;22/08/2024 16:06:10;Abierta;Recibido;Enviado;ARS;80000.0;8000.0;3971.01;75971.01;;;;;;;;;;Lomas de Zamora;;Gran Buenos Aires;Argentina;Punto de retiro;Mercado Pago;;;;22/08/2024;26/08/2024;Falda Zoe (M);80000;1;;Web;;;;Sí;;;;;
4291;cliente_1832@ejemplo.com;22/08/2024 15:34:00;Abierta;Recibido;Enviado;ARS;63000.0;6300.0;6468.0;63168.0;;;;;;;;;;Rincon de Milberg;;Gran Buenos Aires;Argentina;Correo Argentino Clasico - Envio a domicilio;Mercado Pago;;;;22/08/2024;26/08/2024;Corset Ambar (M);63000;1;;Móvil;;;;Sí;;;;;
4290;cliente_1826@ejemplo.com;22/08/2024 08:06:16;Abierta;Recibido;Enviado;ARS;135000.0;0.0;8295.0;143295.0;;;;;;;;;;Centenario ;;Neuquén;Argentina;Correo Argentino Clasico - Envio a domicilio;Mercado Pago;;;;22/08/2024;22/08/2024;Vestido Minerva (XL);135000;1;;Móvil;;;;Sí;;;;;
4289;cliente_1833@ejemplo.com;21/08/2024 20:06:53;Abierta;Recibido;Enviado;ARS;148000.0;0.0;6000.0;154000.0;;;;;;;;;;Capital Federal;;Capital Federal;Argentina;Envio en moto CABA;Mercado Pago;;;;21/08/2024;26/08/2024;Catsuit Ciro (L);148000;1;;Móvil;;;;Sí;;;;;
4288;cliente_1696@ejemplo.com;21/08/2024 16:10:35;Abierta;Recibido;Enviado;ARS;287000.0;0.0;6000.0;293000.0;;;;;;;;;;Capital Federal;;Capital Federal;Argentina;Envio en moto CABA;Mercado Pago;;;;21/08/2024;26/08/2024;Vestido Farrel (XL);130000;1;;Web;;;;Sí;;;;;
4288;cliente_1696@ejemplo.com;;;;;;;;;;;;;;;;;;;;;;;;;;;;;;Overall Taylor (XL);157000;1;;;;;;Sí;;;;;
4287;cliente_0458@ejemplo.com;21/08/2024 00:17:13;Abierta;Recibido;Enviado;ARS;83000.0;0.0;5241.0;88241.0;;;;;;;;;;Las Heras;;Mendoza;Argentina;Punto de retiro;Mercado Pago;;;;21/08/2024;21/08/2024;Falda Irina (S);83000;1;;Móvil;;;;Sí;;;;;
4286;cliente_0516@ejemplo.com;20/08/2024 18:26:07;Abierta;Recibido;Enviado;ARS;125000.0;0.0;6629.0;131629.0;;;;;;;;;;Pergamino ;;Buenos Aires;Argentina;Correo Argentino Clasico - Envio a domicilio;Mercado Pago;;;;20/08/2024;21/08/2024;Vestido Alba (S);125000;1;;Móvil;;;;Sí;;;;;
4285;cliente_1834@ejemplo.com;20/08/2024 17:21:21;Abierta;Recibido;Enviado;ARS;135000.0;0.0;6468.0;141468.0;;;;;;;;;;Pontevedra ;;Gran Buenos Aires;Argentina;Correo Argentino Clasico - Envio a domicilio;Mercado Pago;;;;20/08/2024;21/08/2024;Vestido Minerva (M);135000;1;;Móvil;;;;Sí;;;;;
4284;cliente_1835@ejemplo.com;20/08/2024 11:03:24;Abierta;Recibido;Enviado;ARS;120000.0;0.0;7656.0;127656.0;;;;;;;;;;Adelia María ;;Córdoba;Argentina;Correo Argentino Clasico - Envio a domicilio;Mercado Pago;;;;20/08/2024;21/08/2024;Vestido Libre (M);120000;1;;Web;;;;Sí;;;;;
4283;cliente_1836@ejemplo.com;20/08/2024 10:09:06;Abierta;Recibido;Enviado;ARS;380000.0;120000.0;6000.0;266000.0;;;;;;;;;;Capital Federal;;Capital Federal;Argentina;Envio en moto CABA;Mercado Pago;;;;20/08/2024;22/08/2024;Vestido Zendaya (S);135000;1;;Móvil;;;;Sí;;;;;
4283;cliente_1836@ejemplo.com;;;;;;;;;;;;;;;;;;;;;;;;;;;;;;Catsuit Aurora (S);120000;1;;;;;;Sí;;;;;
4283;cliente_1836@ejemplo.com;;;;;;;;;;;;;;;;;;;;;;;;;;;;;;Catsuit Bora negro (M);125000;1;1679;;;;;Sí;;;;;
4282;cliente_1837@ejemplo.com;19/08/2024 21:28:00;Abierta;Recibido;Enviado;ARS;405000.0;125000.0;6000.0;286000.0;;;;;;;;;;Capital Federal;;Capital Federal;Argentina;Envio en moto CABA;Mercado Pago;;;;19/08/2024;22/08/2024;Vestido Fini (M);125000;1;;Móvil;;;;Sí;;;;;
4282;cliente_1837@ejemplo.com;;;;;;;;;;;;;;;;;;;;;;;;;;;;;;Catsuit Máxima (L);145000;1;;;;;;Sí;;;;;
4282;cliente_1837@ejemplo.com;;;;;;;;;;;;;;;;;;;;;;;;;;;;;;Vestido Minerva (L);135000;1;;;;;;Sí;;;;;
4280;cliente_1612@ejemplo.com;18/08/2024 18:01:21;Abierta;Recibido;Enviado;ARS;308000.0;93000.0;15197.0;230197.0;;;;;;;;;;Resistencia ;;Chaco;Argentina;Correo Argentino Clasico - Envio a domicilio;Mercado Pago;;;;18/08/2024;19/08/2024;Pantalón Apolo (42);93000;1;;Móvil;;;;Sí;;;;;
4280;cliente_1612@ejemplo.com;;;;;;;;;;;;;;;;;;;;;;;;;;;;;;Vestido Catalina (L);120000;1;;;;;;Sí;;;;;
4280;cliente_1612@ejemplo.com;;;;;;;;;;;;;;;;;;;;;;;;;;;;;;Jean Calix Snow (42);95000;1;1767;;;;;Sí;;;;;
4279;cliente_1612@ejemplo.com;18/08/2024 17:28:02;Abierta;Recibido;Enviado;ARS;383000.0;123000.0;9275.0;269275.0;;;;;;;;;;Resistencia ;;Chaco;Argentina;Correo Argentino Clasico - Envio a domicilio;Mercado Pago;;;;18/08/2024;19/08/2024;Vestido Francesca (L);125000;1;;Móvil;;;;Sí;;;;;
4279;cliente_1612@ejemplo.com;;;;;;;;;;;;;;;;;;;;;;;;;;;;;;Vestido Minerva (L);135000;1;;;;;;Sí;;;;;
4279;cliente_1612@ejemplo.com;;;;;;;;;;;;;;;;;;;;;;;;;;;;;;Vestido Valentino (L);123000;1;;;;;;Sí;;;;;
4278;cliente_1838@ejemplo.com;18/08/2024 10:42:50;Abierta;Recibido;Enviado;ARS;334000.0;91000.0;4331.01;247331.01;;;;;;;;;;Vicente López;;Gran Buenos Aires;Argentina;Punto de retiro;Mercado Pago;;;;18/08/2024;19/08/2024;Pantalon LOUIS (44);93000;1;;Móvil;;;;Sí;;;;;
4278;cliente_1838@ejemplo.com;;;;;;;;;;;;;;;;;;;;;;;;;;;;;;Pantalón Fiona (L);91000;1;;;;;;Sí;;;;;
4278;cliente_1838@ejemplo.com;;;;;;;;;;;;;;;;;;;;;;;;;;;;;;Overall Falon (L);150000;1;;;;;;Sí;;;;;
4277;cliente_0826@ejemplo.com;18/08/2024 09:48:28;Abierta;Recibido;Enviado;ARS;120000.0;0.0;6468.0;126468.0;;;;;;;;;;Florida oeste ;;Gran Buenos Aires;Argentina;Correo Argentino Clasico - Envio a domicilio;Mercado Pago;;;;18/08/2024;19/08/2024;Vestido Olivia (L);120000;1;;Móvil;;;;Sí;;;;;
4276;cliente_1839@ejemplo.com;17/08/2024 10:23:26;Abierta;Recibido;Enviado;ARS;237000.0;0.0;6000.0;243000.0;;;;;;;;;;Capital Federal;;Capital Federal;Argentina;Envio en moto CABA;Mercado Pago;;;;17/08/2024;21/08/2024;Catsuit Felix (XL);147000;1;;Móvil;;;;Sí;;;;;
4276;cliente_1839@ejemplo.com;;;;;;;;;;;;;;;;;;;;;;;;;;;;;;Vestido Juliette (M);90000;1;;;;;;Sí;;;;;
4275;cliente_1840@ejemplo.com;17/08/2024 08:55:33;Abierta;Recibido;Enviado;ARS;400000.0;122000.0;6000.0;284000.0;;;;;;;;;;Capital Federal;;Capital Federal;Argentina;Envio en moto CABA;Mercado Pago;;;;17/08/2024;21/08/2024;Vestido Koko (M);146000;1;1662;Móvil;;;;Sí;;;;;
4275;cliente_1840@ejemplo.com;;;;;;;;;;;;;;;;;;;;;;;;;;;;;;Vestido Many (M);122000;1;;;;;;Sí;;;;;
4275;cliente_1840@ejemplo.com;;;;;;;;;;;;;;;;;;;;;;;;;;;;;;Vestido Ula (M);132000;1;;;;;;Sí;;;;;
4274;cliente_1841@ejemplo.com;16/08/2024 12:02:48;Abierta;Recibido;Enviado;ARS;146000.0;0.0;7049.0;153049.0;;;;;;;;;;Vicente Lopez;;Gran Buenos Aires;Argentina;Correo Argentino Clasico - Envio a domicilio;Mercado Pago;;;;16/08/2024;19/08/2024;Vestido Koko (S);146000;1;1662;Móvil;;;;Sí;;;;;
4273;cliente_1842@ejemplo.com;16/08/2024 11:16:22;Abierta;Recibido;Enviado;ARS;423000.0;60000.0;9725.0;372725.0;;;;;;;;;;Luján;;Buenos Aires;Argentina;Correo Argentino Clasico - Envio a domicilio;Mercado Pago;;;;16/08/2024;16/08/2024;Catsuit Sena (M);150000;1;;Móvil;;;;Sí;;;;;
4273;cliente_1842@ejemplo.com;;;;;;;;;;;;;;;;;;;;;;;;;;;;;;Vestido Libre (S);120000;1;;;;;;Sí;;;;;
4273;cliente_1842@ejemplo.com;;;;;;;;;;;;;;;;;;;;;;;;;;;;;;Vestido Angel (S);93000;1;;;;;;Sí;;;;;
4273;cliente_1842@ejemplo.com;;;;;;;;;;;;;;;;;;;;;;;;;;;;;;Corset Idole (S);60000;1;;;;;;Sí;;;;;
4272;cliente_1843@ejemplo.com;16/08/2024 10:03:33;Abierta;Recibido;Enviado;ARS;163000.0;0.0;5570.0;168570.0;;;;;;;;;;Tercero Arriba;;Córdoba;Argentina;Punto de retiro;Mercado Pago;;;;16/08/2024;16/08/2024;Pantalon LOUIS (40);93000;1;;Móvil;;;;Sí;;;;;
4272;cliente_1843@ejemplo.com;;;;;;;;;;;;;;;;;;;;;;;;;;;;;;Chaleco Noya (L);70000;1;;;;;;Sí;;;;;
4271;cliente_1844@ejemplo.com;15/08/2024 19:38:10;Abierta;Recibido;Enviado;ARS;405000.0;125000.0;9725.0;289725.0;;;;;;;;;;Villa Allende;;Córdoba;Argentina;Correo Argentino Clasico - Envio a domicilio;Mercado Pago;;;;15/08/2024;16/08/2024;Vestido Minerva (M);135000;1;;Móvil;;;;Sí;;;;;
4271;cliente_1844@ejemplo.com;;;;;;;;;;;;;;;;;;;;;;;;;;;;;;Vestido Francesca (S);125000;1;;;;;;Sí;;;;;
4271;cliente_1844@ejemplo.com;;;;;;;;;;;;;;;;;;;;;;;;;;;;;;Overall Uma (L);145000;1;;;;;;Sí;;;;;
4270;cliente_0316@ejemplo.com;14/08/2024 21:37:57;Abierta;Recibido;Enviado;ARS;183000.0;60000.0;9275.0;132275.0;;;;;;;;;;Maipú 5513 Mendoza;;Mendoza;Argentina;Correo Argentino Clasico - Envio a domicilio;Mercado Pago;;;;14/08/2024;15/08/2024;Corset Ambar (L);63000;1;;Móvil;;;;Sí;;;;;
4270;cliente_0316@ejemplo.com;;;;;;;;;;;;;;;;;;;;;;;;;;;;;;Corset Idole (L);60000;2;;;;;;Sí;;;;;
4267;cliente_1845@ejemplo.com;14/08/2024 15:24:17;Abierta;Recibido;Enviado;ARS;275000.0;87000.0;6000.0;194000.0;;;;;;;;;;Capital Federal;;Capital Federal;Argentina;Envio en moto CABA;Mercado Pago;;;;14/08/2024;19/08/2024;Pantalon LOUIS (38);93000;1;;Móvil;;;;Sí;;;;;
4267;cliente_1845@ejemplo.com;;;;;;;;;;;;;;;;;;;;;;;;;;;;;;Pantalón Cami (S);87000;1;;;;;;Sí;;;;;
4267;cliente_1845@ejemplo.com;;;;;;;;;;;;;;;;;;;;;;;;;;;;;;Jean Enzo (36);95000;1;1748;;;;;Sí;;;;;
4264;cliente_1846@ejemplo.com;13/08/2024 17:11:31;Abierta;Recibido;Enviado;ARS;135000.0;0.0;6000.0;141000.0;;;;;;;;;;Capital Federal;;Capital Federal;Argentina;Envio en moto CABA;Mercado Pago;;;;13/08/2024;19/08/2024;Vestido Minerva (M);135000;1;;Móvil;;;;Sí;;;;;
4263;cliente_1680@ejemplo.com;13/08/2024 15:37:36;Abierta;Recibido;Enviado;ARS;313000.0;68000.0;8281.0;253281.0;;;;;;;;;;Berisso;;Buenos Aires;Argentina;Correo Argentino Clasico - Envio a domicilio;Mercado Pago;;;;13/08/2024;15/08/2024;Vestido Keaton (XL);125000;1;;Móvil;;;;Sí;;;;;
4263;cliente_1680@ejemplo.com;;;;;;;;;;;;;;;;;;;;;;;;;;;;;;Vestido Libre (XL);120000;1;;;;;;Sí;;;;;
4263;cliente_1680@ejemplo.com;;;;;;;;;;;;;;;;;;;;;;;;;;;;;;Camisa Ivette (L);68000;1;1412;;;;;Sí;;;;;
4262;cliente_1847@ejemplo.com;13/08/2024 14:07:48;Abierta;Recibido;Enviado;ARS;146000.0;0.0;7869.0;153869.0;;;;;;;;;;Villa Elisa ;;Entre Ríos;Argentina;Correo Argentino Clasico - Envio a domicilio;Mercado Pago;;;;13/08/2024;15/08/2024;Vestido Koko (XL);146000;1;1662;Móvil;;;;Sí;;;;;
4260;cliente_1848@ejemplo.com;12/08/2024 23:10:30;Abierta;Recibido;Enviado;ARS;328000.0;63000.0;8281.0;273281.0;;;;;;;;;;Vicuña Mackenna;;Córdoba;Argentina;Correo Argentino Clasico - Envio a domicilio;Transferencia o depósito bancario;;;;15/08/2024;16/08/2024;Vestido Libre (M);120000;1;;Móvil;;;;Sí;;;;;
4260;cliente_1848@ejemplo.com;;;;;;;;;;;;;;;;;;;;;;;;;;;;;;Catsuit Máxima (L);145000;1;;;;;;Sí;;;;;
4260;cliente_1848@ejemplo.com;;;;;;;;;;;;;;;;;;;;;;;;;;;;;;Corset Ambar (XL);63000;1;;;;;;Sí;;;;;
4259;cliente_1849@ejemplo.com;12/08/2024 20:02:37;Abierta;Recibido;Enviado;ARS;245000.0;60000.0;7245.0;192245.0;;;;;;;;;;Quilmes ;;Gran Buenos Aires;Argentina;Correo Argentino Clasico - Envio a domicilio;Mercado Pago;;;;12/08/2024;13/08/2024;Corset Ambar (XL);63000;1;;Móvil;;;;Sí;;;;;
4259;cliente_1849@ejemplo.com;;;;;;;;;;;;;;;;;;;;;;;;;;;;;;Corset Idole (XL);60000;1;;;;;;Sí;;;;;
4259;cliente_1849@ejemplo.com;;;;;;;;;;;;;;;;;;;;;;;;;;;;;;Vestido Many (XL);122000;1;;;;;;Sí;;;;;
4258;cliente_1850@ejemplo.com;12/08/2024 19:05:11;Abierta;Recibido;Enviado;ARS;289000.0;91000.0;15197.0;213197.0;;;;;;;;;;Neuquen;;Neuquén;Argentina;Correo Argentino Clasico - Envio a domicilio;Mercado Pago;;;;12/08/2024;13/08/2024;Pantalon LOUIS (44);93000;1;;Móvil;;;;Sí;;;;;
4258;cliente_1850@ejemplo.com;;;;;;;;;;;;;;;;;;;;;;;;;;;;;;Pantalón Fiona (M);91000;1;;;;;;Sí;;;;;
4258;cliente_1850@ejemplo.com;;;;;;;;;;;;;;;;;;;;;;;;;;;;;;Jean Arlet (42);105000;1;1762;;;;;Sí;;;;;
4257;cliente_1851@ejemplo.com;12/08/2024 16:17:17;Abierta;Recibido;Enviado;ARS;135000.0;0.0;7656.0;142656.0;;;;;;;;;;Gral alvear  bs as;;Buenos Aires;Argentina;Correo Argentino Clasico - Envio a domicilio;Mercado Pago;;;;12/08/2024;13/08/2024;Vestido Minerva (S);135000;1;;Móvil;;;;Sí;;;;;
4256;cliente_1852@ejemplo.com;11/08/2024 23:27:04;Abierta;Recibido;Enviado;ARS;400000.0;120000.0;7245.0;287245.0;;;;;;;;;;Lomas de Zamora ;;Gran Buenos Aires;Argentina;Correo Argentino Clasico - Envio a domicilio;Mercado Pago;;;;11/08/2024;13/08/2024;Catsuit Máxima (S);145000;1;;Móvil;;;;Sí;;;;;
4256;cliente_1852@ejemplo.com;;;;;;;;;;;;;;;;;;;;;;;;;;;;;;Vestido Minerva (S);135000;1;;;;;;Sí;;;;;
4256;cliente_1852@ejemplo.com;;;;;;;;;;;;;;;;;;;;;;;;;;;;;;Vestido Catalina (S);120000;1;;;;;;Sí;;;;;
4255;cliente_1843@ejemplo.com;11/08/2024 20:20:36;Abierta;Recibido;Enviado;ARS;225000.0;62000.0;6106.0;169106.0;;;;;;;;;;Tercero Arriba;;Córdoba;Argentina;Punto de retiro;Mercado Pago;;;;11/08/2024;13/08/2024;Camisa Lotus (L);62000;1;1677;Móvil;;;;Sí;;;;;
4255;cliente_1843@ejemplo.com;;;;;;;;;;;;;;;;;;;;;;;;;;;;;;Chaleco Noya (L);70000;1;;;;;;Sí;;;;;
4255;cliente_1843@ejemplo.com;;;;;;;;;;;;;;;;;;;;;;;;;;;;;;Pantalon LOUIS (42);93000;1;;;;;;Sí;;;;;
4254;cliente_1853@ejemplo.com;11/08/2024 20:12:25;Abierta;Recibido;Enviado;ARS;132000.0;0.0;5241.0;137241.0;;;;;;;;;;San Fernando;;Chaco;Argentina;Punto de retiro;Mercado Pago;;;;11/08/2024;13/08/2024;Vestido Marilyn (XL);132000;1;;Móvil;;;;Sí;;;;;
4253;cliente_1854@ejemplo.com;11/08/2024 18:28:48;Abierta;Recibido;Enviado;ARS;257000.0;69000.0;6227.99;194227.99;;;;;;;;;;Avellaneda;;Gran Buenos Aires;Argentina;Punto de retiro;Mercado Pago;;;;11/08/2024;13/08/2024;Falda Irina (S);83000;1;;Móvil;;;;Sí;;;;;
4253;cliente_1854@ejemplo.com;;;;;;;;;;;;;;;;;;;;;;;;;;;;;;Corset Roma (S);69000;1;;;;;;Sí;;;;;
4253;cliente_1854@ejemplo.com;;;;;;;;;;;;;;;;;;;;;;;;;;;;;;Jean Arlet (38);105000;1;1762;;;;;Sí;;;;;
4252;cliente_1434@ejemplo.com;11/08/2024 12:25:37;Abierta;Recibido;Enviado;ARS;402000.0;132000.0;7504.0;277504.0;;;;;;;;;;La Plata;;Buenos Aires;Argentina;Punto de retiro;Mercado Pago;;;;11/08/2024;13/08/2024;Vestido Marilyn (XL);132000;1;;Móvil;;;;Sí;;;;;
4252;cliente_1434@ejemplo.com;;;;;;;;;;;;;;;;;;;;;;;;;;;;;;Vestido Mandy (M);135000;1;;;;;;Sí;;;;;
4252;cliente_1434@ejemplo.com;;;;;;;;;;;;;;;;;;;;;;;;;;;;;;Vestido Selene (S);135000;1;;;;;;Sí;;;;;
4251;cliente_1855@ejemplo.com;11/08/2024 11:26:43;Abierta;Recibido;Enviado;ARS;454000.0;147000.0;7656.0;314656.0;;;;;;;;;;Río Tercefo;;Córdoba;Argentina;Correo Argentino Clasico - Envio a domicilio;Transferencia o depósito bancario;;;;13/08/2024;15/08/2024;Overall Carola (M);147000;1;;Móvil;;;;Sí;;;;;
4251;cliente_1855@ejemplo.com;;;;;;;;;;;;;;;;;;;;;;;;;;;;;;Overall Heidi (L);160000;1;;;;;;Sí;;;;;
4251;cliente_1855@ejemplo.com;;;;;;;;;;;;;;;;;;;;;;;;;;;;;;Overall Carola (L);147000;1;;;;;;Sí;;;;;
4249;cliente_1856@ejemplo.com;10/08/2024 21:15:54;Abierta;Recibido;Enviado;ARS;362000.0;95000.0;5000.0;272000.0;;;;;;;;;;Capital Federal;;Capital Federal;Argentina;Envio en moto CABA;Transferencia o depósito bancario;;;;12/08/2024;19/08/2024;Vestido Ginna (S);132000;1;;Móvil;;;;Sí;;;;;
4249;cliente_1856@ejemplo.com;;;;;;;;;;;;;;;;;;;;;;;;;;;;;;Vestido Mandy (S);135000;1;;;;;;Sí;;;;;
4249;cliente_1856@ejemplo.com;;;;;;;;;;;;;;;;;;;;;;;;;;;;;;Jean Calix (44);95000;1;1747;;;;;Sí;;;;;
4248;cliente_1857@ejemplo.com;10/08/2024 18:20:10;Abierta;Recibido;Enviado;ARS;373000.0;95000.0;9725.0;287725.0;;;;;;;;;;Santa Clara;;Santa Fe;Argentina;Correo Argentino Clasico - Envio a domicilio;Mercado Pago;;;;10/08/2024;13/08/2024;Vestido Ula (L);132000;1;;Móvil;;;;Sí;;;;;
4248;cliente_1857@ejemplo.com;;;;;;;;;;;;;;;;;;;;;;;;;;;;;;Vestido Koko (L);146000;1;1662;;;;;Sí;;;;;
4248;cliente_1857@ejemplo.com;;;;;;;;;;;;;;;;;;;;;;;;;;;;;;Vestido Atenea;95000;1;;;;;;Sí;;;;;
4247;cliente_1858@ejemplo.com;10/08/2024 15:51:40;Abierta;Recibido;Enviado;ARS;63000.0;0.0;6468.0;69468.0;;;;;;;;;;Buenos Aires ;;Gran Buenos Aires;Argentina;Correo Argentino Clasico - Envio a domicilio;Mercado Pago;;;;10/08/2024;13/08/2024;Corset Ambar (M);63000;1;;Móvil;;;;Sí;;;;;
4244;cliente_0316@ejemplo.com;10/08/2024 11:00:42;Abierta;Recibido;Enviado;ARS;380000.0;120000.0;9275.0;269275.0;;;;;;;;;;Luzuriaga (5513) Maipú;;Mendoza;Argentina;Correo Argentino Clasico - Envio a domicilio;Mercado Pago;;;;10/08/2024;12/08/2024;Vestido Francesca (M);125000;1;;Móvil;;;;Sí;;;;;
4244;cliente_0316@ejemplo.com;;;;;;;;;;;;;;;;;;;;;;;;;;;;;;Vestido Olivia (M);120000;1;;;;;;Sí;;;;;
4244;cliente_0316@ejemplo.com;;;;;;;;;;;;;;;;;;;;;;;;;;;;;;Vestido Selene (S);135000;1;;;;;;Sí;;;;;
4243;cliente_1859@ejemplo.com;09/08/2024 20:05:28;Abierta;Recibido;Enviado;ARS;318000.0;91000.0;12839.0;239839.0;;;;;;;;;;Bahia Blanca;;Buenos Aires;Argentina;Correo Argentino Clasico - Envio a domicilio;Mercado Pago;;;;09/08/2024;13/08/2024;Vestido Many (M);122000;1;;Móvil;;;;Sí;;;;;
4243;cliente_1859@ejemplo.com;;;;;;;;;;;;;;;;;;;;;;;;;;;;;;Pantalón Fiona (M);91000;1;;;;;;Sí;;;;;
4243;cliente_1859@ejemplo.com;;;;;;;;;;;;;;;;;;;;;;;;;;;;;;Jean Arlet (38);105000;1;1762;;;;;Sí;;;;;
4242;cliente_1860@ejemplo.com;09/08/2024 18:30:34;Abierta;Recibido;Enviado;ARS;618000.0;153000.0;15197.0;480197.0;;;;;;;;;;Neuquén ;;Neuquén;Argentina;Correo Argentino Clasico - Envio a domicilio;Mercado Pago;;;;09/08/2024;12/08/2024;Falda Irina (L);83000;1;;Móvil;;;;Sí;;;;;
4242;cliente_1860@ejemplo.com;;;;;;;;;;;;;;;;;;;;;;;;;;;;;;Chaleco Noya (L);70000;1;;;;;;Sí;;;;;
4242;cliente_1860@ejemplo.com;;;;;;;;;;;;;;;;;;;;;;;;;;;;;;Vestido Bianca (L);125000;1;;;;;;Sí;;;;;
4242;cliente_1860@ejemplo.com;;;;;;;;;;;;;;;;;;;;;;;;;;;;;;Vestido Catalina (L);120000;1;;;;;;Sí;;;;;
4242;cliente_1860@ejemplo.com;;;;;;;;;;;;;;;;;;;;;;;;;;;;;;Vestido Alba (M);125000;1;;;;;;Sí;;;;;
4242;cliente_1860@ejemplo.com;;;;;;;;;;;;;;;;;;;;;;;;;;;;;;Vestido Magda (M);95000;1;1725;;;;;Sí;;;;;
4241;cliente_0202@ejemplo.com;09/08/2024 11:16:00;Abierta;Recibido;Enviado;ARS;432000.0;135000.0;5000.0;302000.0;;;;;;;;;;Capital Federal;;Capital Federal;Argentina;Envio en moto CABA;Mercado Pago;;;;09/08/2024;13/08/2024;Catsuit Sena (XL);150000;1;;Móvil;;;;Sí;;;;;
4241;cliente_0202@ejemplo.com;;;;;;;;;;;;;;;;;;;;;;;;;;;;;;Catsuit Felix (XL);147000;1;;;;;;Sí;;;;;
4241;cliente_0202@ejemplo.com;;;;;;;;;;;;;;;;;;;;;;;;;;;;;;Vestido Minerva (XL);135000;1;;;;;;Sí;;;;;
4238;cliente_1861@ejemplo.com;08/08/2024 20:01:30;Abierta;Recibido;Enviado;ARS;576000.0;146000.0;8936.0;438936.0;;;;;;;;;;Confluencia;;Neuquén;Argentina;Punto de retiro;Mercado Pago;;;;08/08/2024;12/08/2024;Vestido Koko (XL);146000;1;1662;Móvil;;;;Sí;;;;;
4238;cliente_1861@ejemplo.com;;;;;;;;;;;;;;;;;;;;;;;;;;;;;;Overall Falon (XL);150000;1;;;;;;Sí;;;;;
4238;cliente_1861@ejemplo.com;;;;;;;;;;;;;;;;;;;;;;;;;;;;;;Trench Hillary (L);280000;1;;;;;;Sí;;;;;
4237;cliente_1862@ejemplo.com;08/08/2024 15:15:37;Abierta;Recibido;Enviado;ARS;83000.0;0.0;3971.01;86971.01;;;;;;;;;;Lanus;;Gran Buenos Aires;Argentina;Punto de retiro;Mercado Pago;;;;08/08/2024;12/08/2024;Falda Irina (XL);83000;1;;Móvil;;;;Sí;;;;;
4236;cliente_1863@ejemplo.com;08/08/2024 00:28:44;Abierta;Recibido;Enviado;ARS;224000.0;69000.0;8281.0;163281.0;;;;;;;;;;Rio Tercero;;Córdoba;Argentina;Correo Argentino Clasico - Envio a domicilio;Mercado Pago;;;;08/08/2024;08/08/2024;Corset Roma (L);69000;1;;Web;;;;Sí;;;;;
4236;cliente_1863@ejemplo.com;;;;;;;;;;;;;;;;;;;;;;;;;;;;;;Falda Irina (M);83000;1;;;;;;Sí;;;;;
4236;cliente_1863@ejemplo.com;;;;;;;;;;;;;;;;;;;;;;;;;;;;;;New Gardenia (M);72000;1;;;;;;Sí;;;;;
4235;cliente_0719@ejemplo.com;07/08/2024 22:55:12;Abierta;Recibido;Enviado;ARS;122000.0;0.0;6036.0;128036.0;;;;;;;;;;San Vicente;;Buenos Aires;Argentina;Correo Argentino Clasico - Envio a domicilio;Mercado Pago;;;;07/08/2024;08/08/2024;Vestido Many (L);122000;1;;Móvil;;;;Sí;;;;;
4234;cliente_1864@ejemplo.com;07/08/2024 21:38:15;Abierta;Recibido;Enviado;ARS;190000.0;39000.0;7245.0;158245.0;;;;;;;;;;Benavidez ;;Gran Buenos Aires;Argentina;Correo Argentino Clasico - Envio a domicilio;Mercado Pago;;;;07/08/2024;08/08/2024;Corset Idole (M);60000;1;;Móvil;;;;Sí;;;;;
4234;cliente_1864@ejemplo.com;;;;;;;;;;;;;;;;;;;;;;;;;;;;;;Pantalón Fiona (S);91000;1;;;;;;Sí;;;;;
4234;cliente_1864@ejemplo.com;;;;;;;;;;;;;;;;;;;;;;;;;;;;;;Top Euforia (M);39000;1;;;;;;Sí;;;;;
4233;cliente_1865@ejemplo.com;07/08/2024 18:15:15;Abierta;Recibido;Enviado;ARS;160000.0;0.0;4810.0;164810.0;;;;;;;;;;Pinamar;;Buenos Aires;Argentina;Punto de retiro;Mercado Pago;;;;07/08/2024;08/08/2024;Overall Heidi (M);160000;1;;Móvil;;;;Sí;;;;;
4232;cliente_1457@ejemplo.com;07/08/2024 11:26:55;Abierta;Recibido;Enviado;ARS;147000.0;0.0;5000.0;152000.0;;;;;;;;;;Capital Federal;;Capital Federal;Argentina;Envio en moto CABA;Mercado Pago;;;;07/08/2024;15/08/2024;Overall Carola (S);147000;1;;Móvil;;;;Sí;;;;;
4231;cliente_1866@ejemplo.com;07/08/2024 10:26:02;Abierta;Recibido;Enviado;ARS;125000.0;0.0;3971.01;128971.01;;;;;;;;;;Tres de Febrero;;Gran Buenos Aires;Argentina;Punto de retiro;Mercado Pago;;;;07/08/2024;08/08/2024;Vestido Bianca (M);125000;1;;Móvil;;;;Sí;;;;;
4228;cliente_1867@ejemplo.com;05/08/2024 19:09:20;Abierta;Recibido;Enviado;ARS;406000.0;125000.0;8281.0;289281.0;;;;;;;;;;Cordoba;;Córdoba;Argentina;Correo Argentino Clasico - Envio a domicilio;Mercado Pago;;;;05/08/2024;06/08/2024;Catsuit Máxima (XL);145000;1;;Móvil;;;;Sí;;;;;
4228;cliente_1867@ejemplo.com;;;;;;;;;;;;;;;;;;;;;;;;;;;;;;Vestido Francesca (XL);125000;1;;;;;;Sí;;;;;
4228;cliente_1867@ejemplo.com;;;;;;;;;;;;;;;;;;;;;;;;;;;;;;Catsuit Tamara (XL);136000;1;;;;;;Sí;;;;;
4227;cliente_1868@ejemplo.com;05/08/2024 14:29:54;Abierta;Recibido;Enviado;ARS;389000.0;122000.0;7449.01;274449.01;;;;;;;;;;Lanus;;Gran Buenos Aires;Argentina;Correo Argentino Clasico - Envio a domicilio;Mercado Pago;;;;05/08/2024;06/08/2024;Vestido Ginna (XL);132000;1;;Móvil;;;;Sí;;;;;
4227;cliente_1868@ejemplo.com;;;;;;;;;;;;;;;;;;;;;;;;;;;;;;Vestido Mandy (L);135000;1;;;;;;Sí;;;;;
4227;cliente_1868@ejemplo.com;;;;;;;;;;;;;;;;;;;;;;;;;;;;;;Vestido Many (XL);122000;1;;;;;;Sí;;;;;
4226;cliente_1869@ejemplo.com;05/08/2024 11:27:55;Abierta;Recibido;Enviado;ARS;419000.0;120000.0;7245.0;306245.0;;;;;;;;;;LOCALIDAD ADROGUE, PARTIDO Almirante Brown;;Gran Buenos Aires;Argentina;Correo Argentino Clasico - Envio a domicilio;Mercado Pago;;;;05/08/2024;06/08/2024;Vestido Libre (M);120000;1;;Móvil;;;;Sí;;;;;
4226;cliente_1869@ejemplo.com;;;;;;;;;;;;;;;;;;;;;;;;;;;;;;Overall Taylor (S);157000;1;;;;;;Sí;;;;;
4226;cliente_1869@ejemplo.com;;;;;;;;;;;;;;;;;;;;;;;;;;;;;;Catsuit Fame (M);142000;1;;;;;;Sí;;;;;
4225;cliente_1870@ejemplo.com;04/08/2024 20:09:12;Abierta;Recibido;Enviado;ARS;292000.0;0.0;7869.0;299869.0;;;;;;;;;;Mar Del Plata;;Buenos Aires;Argentina;Correo Argentino Clasico - Envio a domicilio;Mercado Pago;;;;04/08/2024;06/08/2024;Vestido Minerva (L);135000;1;;Móvil;;;;Sí;;;;;
4225;cliente_1870@ejemplo.com;;;;;;;;;;;;;;;;;;;;;;;;;;;;;;Overall Taylor (M);157000;1;;;;;;Sí;;;;;
4224;cliente_1871@ejemplo.com;04/08/2024 19:48:56;Abierta;Recibido;Enviado;ARS;120000.0;0.0;7656.0;127656.0;;;;;;;;;;Mar del plata ;;Buenos Aires;Argentina;Correo Argentino Clasico - Envio a domicilio;Mercado Pago;;;;04/08/2024;06/08/2024;Vestido Olivia (XL);120000;1;;Móvil;;;;Sí;;;;;
4223;cliente_1872@ejemplo.com;04/08/2024 19:08:49;Abierta;Recibido;Enviado;ARS;335000.0;93000.0;4331.01;246331.01;;;;;;;;;;Capital Federal;;Capital Federal;Argentina;Punto de retiro;Mercado Pago;;;;04/08/2024;06/08/2024;Vestido Many (M);122000;1;;Móvil;;;;Sí;;;;;
4223;cliente_1872@ejemplo.com;;;;;;;;;;;;;;;;;;;;;;;;;;;;;;Vestido Olivia (L);120000;1;;;;;;Sí;;;;;
4223;cliente_1872@ejemplo.com;;;;;;;;;;;;;;;;;;;;;;;;;;;;;;Deonisio (42);93000;1;;;;;;Sí;;;;;
4222;cliente_0786@ejemplo.com;04/08/2024 18:36:59;Abierta;Recibido;Enviado;ARS;416000.0;135000.0;6227.99;287227.99;;;;;;;;;;Moreno;;Gran Buenos Aires;Argentina;Punto de retiro;Mercado Pago;;;;04/08/2024;06/08/2024;Vestido Selene (S);135000;1;;Web;;;;Sí;;;;;
4222;cliente_0786@ejemplo.com;;;;;;;;;;;;;;;;;;;;;;;;;;;;;;Vestido Koko (S);146000;1;1662;;;;;Sí;;;;;
4222;cliente_0786@ejemplo.com;;;;;;;;;;;;;;;;;;;;;;;;;;;;;;Vestido Mandy (S);135000;1;;;;;;Sí;;;;;
4221;cliente_1588@ejemplo.com;04/08/2024 15:54:03;Abierta;Recibido;Enviado;ARS;153000.0;0.0;6455.0;159455.0;;;;;;;;;;Lago Buenos Aires;;Santa Cruz;Argentina;Punto de retiro;Transferencia o depósito bancario;;;;05/08/2024;06/08/2024;Catsuit Lucrecia (M);153000;1;;Móvil;;;;Sí;;;;;
4220;cliente_0705@ejemplo.com;04/08/2024 06:50:37;Abierta;Recibido;Enviado;ARS;150000.0;0.0;5000.0;155000.0;;;;;;;;;;Capital Federal;;Capital Federal;Argentina;Envio en moto CABA;Mercado Pago;;;;04/08/2024;15/08/2024;Overall Donatella (S);150000;1;;Móvil;;;;Sí;;;;;
4219;cliente_1873@ejemplo.com;03/08/2024 21:44:57;Abierta;Recibido;Enviado;ARS;122000.0;0.0;7198.0;129198.0;;;;;;;;;;Rada Tilly ;;Chubut;Argentina;Correo Argentino Clasico - Envio a domicilio;Mercado Pago;;;;03/08/2024;06/08/2024;Vestido Many (XL);122000;1;;Móvil;;;;Sí;;;;;
4217;cliente_1874@ejemplo.com;03/08/2024 15:03:34;Abierta;Recibido;Enviado;ARS;364000.0;93000.0;9275.0;280275.0;;;;;;;;;;Centenario, Neuquén ;;Neuquén;Argentina;Correo Argentino Clasico - Envio a domicilio;Mercado Pago;;;;03/08/2024;06/08/2024;Vestido Minerva (S);135000;1;;Móvil;;;;Sí;;;;;
4217;cliente_1874@ejemplo.com;;;;;;;;;;;;;;;;;;;;;;;;;;;;;;Catsuit Tamara (S);136000;1;;;;;;Sí;;;;;
4217;cliente_1874@ejemplo.com;;;;;;;;;;;;;;;;;;;;;;;;;;;;;;Pantalon Zara blue (38);93000;1;;;;;;Sí;;;;;
4216;cliente_1552@ejemplo.com;03/08/2024 13:39:36;Abierta;Recibido;Enviado;ARS;408000.0;125000.0;11904.0;294904.0;;;;;;;;;;Salta Capital;;Salta;Argentina;Correo Argentino Clasico - Envio a domicilio;Transferencia o depósito bancario;;;;05/08/2024;06/08/2024;Vestido Francesca (M);125000;1;;Móvil;;;;Sí;;;;;
4216;cliente_1552@ejemplo.com;;;;;;;;;;;;;;;;;;;;;;;;;;;;;;Vestido Farrel (M);130000;1;;;;;;Sí;;;;;
4216;cliente_1552@ejemplo.com;;;;;;;;;;;;;;;;;;;;;;;;;;;;;;Catsuit Lucrecia (M);153000;1;;;;;;Sí;;;;;
4215;cliente_1237@ejemplo.com;03/08/2024 13:23:26;Abierta;Recibido;Enviado;ARS;307000.0;0.0;7656.0;314656.0;;;;;;;;;;Bolivar ;;Buenos Aires;Argentina;Correo Argentino Clasico - Envio a domicilio;Mercado Pago;;;;03/08/2024;06/08/2024;Overall Eiffel (XL);160000;1;;Móvil;;;;Sí;;;;;
4215;cliente_1237@ejemplo.com;;;;;;;;;;;;;;;;;;;;;;;;;;;;;;Overall Carola (XL);147000;1;;;;;;Sí;;;;;
4214;cliente_1625@ejemplo.com;03/08/2024 11:18:51;Abierta;Recibido;Enviado;ARS;392000.0;125000.0;7245.0;274245.0;;;;;;;;;;Buenos aires;;Gran Buenos Aires;Argentina;Correo Argentino Clasico - Envio a domicilio;Mercado Pago;;;;03/08/2024;06/08/2024;Vestido Selene (XL);135000;1;;Móvil;;;;Sí;;;;;
4214;cliente_1625@ejemplo.com;;;;;;;;;;;;;;;;;;;;;;;;;;;;;;Vestido Ginna (XL);132000;1;;;;;;Sí;;;;;
4214;cliente_1625@ejemplo.com;;;;;;;;;;;;;;;;;;;;;;;;;;;;;;Vestido Bianca (XL);125000;1;;;;;;Sí;;;;;
4213;cliente_0316@ejemplo.com;03/08/2024 09:47:14;Abierta;Recibido;Enviado;ARS;205000.0;63000.0;9275.0;151275.0;;;;;;;;;;Maipú 5513 Mendoza;;Mendoza;Argentina;Correo Argentino Clasico - Envio a domicilio;Mercado Pago;;;;03/08/2024;06/08/2024;Vestido Giuli (M);70000;1;;Móvil;;;;Sí;;;;;
4213;cliente_0316@ejemplo.com;;;;;;;;;;;;;;;;;;;;;;;;;;;;;;Vestido New Magnolia (S);72000;1;;;;;;Sí;;;;;
4213;cliente_0316@ejemplo.com;;;;;;;;;;;;;;;;;;;;;;;;;;;;;;Corset Ambar (L);63000;1;;;;;;Sí;;;;;
4211;cliente_1875@ejemplo.com;02/08/2024 16:40:25;Abierta;Recibido;Enviado;ARS;430000.0;135000.0;5000.0;300000.0;;;;;;;;;;Capital Federal;;Capital Federal;Argentina;Envio en moto CABA;Mercado Pago;;;;02/08/2024;07/02/2025;Catsuit Sena (M);150000;1;;Móvil;;;;Sí;;;;;
4211;cliente_1875@ejemplo.com;;;;;;;;;;;;;;;;;;;;;;;;;;;;;;Catsuit Máxima (M);145000;1;;;;;;Sí;;;;;
4211;cliente_1875@ejemplo.com;;;;;;;;;;;;;;;;;;;;;;;;;;;;;;Vestido Minerva (M);135000;1;;;;;;Sí;;;;;
4210;cliente_1845@ejemplo.com;02/08/2024 14:53:52;Abierta;Recibido;Enviado;ARS;387000.0;120000.0;5000.0;272000.0;;;;;;;;;;Capital Federal;;Capital Federal;Argentina;Envio en moto CABA;Mercado Pago;;;;02/08/2024;07/02/2025;Catsuit Charly celeste (S);120000;1;;Móvil;;;;Sí;;;;;
4210;cliente_1845@ejemplo.com;;;;;;;;;;;;;;;;;;;;;;;;;;;;;;Catsuit Felix (M);147000;1;;;;;;Sí;;;;;
4210;cliente_1845@ejemplo.com;;;;;;;;;;;;;;;;;;;;;;;;;;;;;;Vestido Libre (S);120000;1;;;;;;Sí;;;;;
4209;cliente_1876@ejemplo.com;02/08/2024 14:46:10;Abierta;Recibido;Enviado;ARS;95000.0;0.0;8295.0;103295.0;;;;;;;;;;Santiago del estero;;Santiago del Estero;Argentina;Correo Argentino Clasico - Envio a domicilio;Mercado Pago;;;;02/08/2024;08/08/2024;Vestido Atenea;95000;1;;Web;;;;Sí;;;;;
4208;cliente_1877@ejemplo.com;02/08/2024 11:43:13;Abierta;Recibido;Enviado;ARS;338000.0;93000.0;8281.0;253281.0;;;;;;;;;;Capital;;Córdoba;Argentina;Correo Argentino Clasico - Envio a domicilio;Mercado Pago;;;;02/08/2024;06/08/2024;Pantalon LOUIS (42);93000;1;;Web;;;;Sí;;;;;
4208;cliente_1877@ejemplo.com;;;;;;;;;;;;;;;;;;;;;;;;;;;;;;Vestido Cristal (M);110000;1;;;;;;Sí;;;;;
4208;cliente_1877@ejemplo.com;;;;;;;;;;;;;;;;;;;;;;;;;;;;;;Vestido Minerva (XL);135000;1;;;;;;Sí;;;;;
4206;cliente_1878@ejemplo.com;01/08/2024 16:03:55;Abierta;Recibido;Enviado;ARS;135000.0;0.0;5000.0;140000.0;;;;;;;;;;Capital Federal;;Capital Federal;Argentina;Envio en moto CABA;Mercado Pago;;;;01/08/2024;02/08/2024;Vestido Minerva (L);135000;1;;Web;;;;Sí;;;;;
4205;cliente_1879@ejemplo.com;01/08/2024 14:34:56;Abierta;Recibido;Enviado;ARS;326000.0;83000.0;9275.0;252275.0;;;;;;;;;;La Rioja ;;La Rioja;Argentina;Correo Argentino Clasico - Envio a domicilio;Mercado Pago;;;;01/08/2024;02/08/2024;Overall Falon (XL);150000;1;;Móvil;;;;Sí;;;;;
4205;cliente_1879@ejemplo.com;;;;;;;;;;;;;;;;;;;;;;;;;;;;;;Pantalon LOUIS (46);93000;1;;;;;;Sí;;;;;
4205;cliente_1879@ejemplo.com;;;;;;;;;;;;;;;;;;;;;;;;;;;;;;Falda Irina (XL);83000;1;;;;;;Sí;;;;;
4204;cliente_1617@ejemplo.com;01/08/2024 14:07:04;Abierta;Recibido;Enviado;ARS;125000.0;0.0;6468.0;131468.0;;;;;;;;;;Capitán Sarmiento ;;Buenos Aires;Argentina;Correo Argentino Clasico - Envio a domicilio;Mercado Pago;;;;01/08/2024;02/08/2024;Vestido Fini (XL);125000;1;;Móvil;;;;Sí;;;;;
4203;cliente_1880@ejemplo.com;01/08/2024 13:03:03;Abierta;Recibido;Enviado;ARS;455000.0;145000.0;5000.0;315000.0;;;;;;;;;;Capital Federal;;Capital Federal;Argentina;Envio en moto CABA;Mercado Pago;;;;01/08/2024;02/08/2024;Catsuit Máxima (M);145000;1;;Móvil;;;;Sí;;;;;
4203;cliente_1880@ejemplo.com;;;;;;;;;;;;;;;;;;;;;;;;;;;;;;Overall Milo (S);153000;1;;;;;;Sí;;;;;
4203;cliente_1880@ejemplo.com;;;;;;;;;;;;;;;;;;;;;;;;;;;;;;Overall Taylor (M);157000;1;;;;;;Sí;;;;;
4202;cliente_1881@ejemplo.com;01/08/2024 10:25:13;Abierta;Recibido;Enviado;ARS;315000.0;87000.0;9725.0;237725.0;;;;;;;;;;Bigand ;;Santa Fe;Argentina;Correo Argentino Clasico - Envio a domicilio;Mercado Pago;;;;01/08/2024;02/08/2024;Vestido Mandy (L);135000;1;;Móvil;;;;Sí;;;;;
4202;cliente_1881@ejemplo.com;;;;;;;;;;;;;;;;;;;;;;;;;;;;;;Pantalon LOUIS (46);93000;1;;;;;;Sí;;;;;
4202;cliente_1881@ejemplo.com;;;;;;;;;;;;;;;;;;;;;;;;;;;;;;Pantalón Cami (XL);87000;1;;;;;;Sí;;;;;
4201;cliente_1882@ejemplo.com;01/08/2024 08:05:44;Abierta;Recibido;Enviado;ARS;446000.0;146000.0;11904.0;311904.0;;;;;;;;;;Villa San Lorenzo;;Salta;Argentina;Correo Argentino Clasico - Envio a domicilio;Mercado Pago;;;;01/08/2024;02/08/2024;Vestido Koko (L);146000;1;1662;Móvil;;;;Sí;;;;;
4201;cliente_1882@ejemplo.com;;;;;;;;;;;;;;;;;;;;;;;;;;;;;;Overall Falon (L);150000;1;;;;;;Sí;;;;;
4201;cliente_1882@ejemplo.com;;;;;;;;;;;;;;;;;;;;;;;;;;;;;;Overall Donatella (L);150000;1;;;;;;Sí;;;;;
4200;cliente_1883@ejemplo.com;31/07/2024 23:56:24;Abierta;Recibido;Enviado;ARS;415000.0;123000.0;8551.0;300551.0;;;;;;;;;;Capital ;;La Rioja;Argentina;Correo Argentino Clasico - Envio a domicilio;Mercado Pago;;;;31/07/2024;02/08/2024;Vestido Valentino (M);123000;1;;Móvil;;;;Sí;;;;;
4200;cliente_1883@ejemplo.com;;;;;;;;;;;;;;;;;;;;;;;;;;;;;;Catsuit Máxima (S);145000;1;1620;;;;;Sí;;;;;
4200;cliente_1883@ejemplo.com;;;;;;;;;;;;;;;;;;;;;;;;;;;;;;Overall Carola (M);147000;1;1752;;;;;Sí;;;;;
4198;cliente_1884@ejemplo.com;31/07/2024 20:32:50;Abierta;Recibido;Enviado;ARS;69000.0;0.0;6468.0;75468.0;;;;;;;;;;Tigre nordelta ;;Gran Buenos Aires;Argentina;Correo Argentino Clasico - Envio a domicilio;Mercado Pago;;;;31/07/2024;02/08/2024;Corset Roma (L);69000;1;;Móvil;;;;Sí;;;;;
4197;cliente_1885@ejemplo.com;31/07/2024 19:06:39;Abierta;Recibido;Enviado;ARS;120000.0;0.0;5241.0;125241.0;;;;;;;;;;Lules;;Tucumán;Argentina;Punto de retiro;Mercado Pago;;;;31/07/2024;02/08/2024;Catsuit Destroyed (S);120000;1;;Móvil;;;;Sí;;;;;
4196;cliente_1363@ejemplo.com;31/07/2024 15:36:53;Abierta;Recibido;Enviado;ARS;442000.0;135000.0;4331.01;311331.01;;;;;;;;;;Lanus;;Gran Buenos Aires;Argentina;Punto de retiro;Mercado Pago;;;;31/07/2024;02/08/2024;Vestido Minerva (L);135000;1;;Web;;;;Sí;;;;;
4196;cliente_1363@ejemplo.com;;;;;;;;;;;;;;;;;;;;;;;;;;;;;;Overall Taylor (L);157000;1;;;;;;Sí;;;;;
4196;cliente_1363@ejemplo.com;;;;;;;;;;;;;;;;;;;;;;;;;;;;;;Catsuit Sena (L);150000;1;;;;;;Sí;;;;;
4194;cliente_1886@ejemplo.com;30/07/2024 20:57:25;Abierta;Recibido;Enviado;ARS;145000.0;0.0;6468.0;151468.0;;;;;;;;;;Bernal Este;;Gran Buenos Aires;Argentina;Correo Argentino Clasico - Envio a domicilio;Mercado Pago;;;;30/07/2024;31/07/2024;Catsuit Máxima (XL);145000;1;;Móvil;;;;Sí;;;;;
4193;cliente_1887@ejemplo.com;30/07/2024 19:43:50;Abierta;Recibido;Enviado;ARS;422000.0;130000.0;7245.0;299245.0;;;;;;;;;;Tigre ;;Gran Buenos Aires;Argentina;Correo Argentino Clasico - Envio a domicilio;Mercado Pago;;;;30/07/2024;31/07/2024;Vestido Zendaya (M);135000;1;;Móvil;;;;Sí;;;;;
4193;cliente_1887@ejemplo.com;;;;;;;;;;;;;;;;;;;;;;;;;;;;;;Vestido Minerva (M);130000;1;;;;;;Sí;;;;;
4193;cliente_1887@ejemplo.com;;;;;;;;;;;;;;;;;;;;;;;;;;;;;;Overall Taylor (L);157000;1;;;;;;Sí;;;;;
4192;cliente_1888@ejemplo.com;30/07/2024 15:43:19;Abierta;Recibido;Enviado;ARS;120000.0;0.0;7656.0;127656.0;;;;;;;;;;Despeñaderos;;Córdoba;Argentina;Correo Argentino Clasico - Envio a domicilio;Mercado Pago;;;;30/07/2024;31/07/2024;Catsuit Destroyed (S);120000;1;;Móvil;;;;Sí;;;;;
4191;cliente_1889@ejemplo.com;30/07/2024 15:16:45;Abierta;Recibido;Enviado;ARS;437000.0;145000.0;7245.0;299245.0;;;;;;;;;;San pedro ;;Buenos Aires;Argentina;Correo Argentino Clasico - Envio a domicilio;Mercado Pago;;;;30/07/2024;31/07/2024;Overall Uma (XL);145000;1;;Móvil;;;;Sí;;;;;
4191;cliente_1889@ejemplo.com;;;;;;;;;;;;;;;;;;;;;;;;;;;;;;Overall Carola (XL);147000;1;;;;;;Sí;;;;;
4191;cliente_1889@ejemplo.com;;;;;;;;;;;;;;;;;;;;;;;;;;;;;;Overall Milo (XL);145000;1;;;;;;Sí;;;;;
4190;cliente_1890@ejemplo.com;30/07/2024 11:28:19;Abierta;Recibido;Enviado;ARS;135000.0;0.0;7656.0;142656.0;;;;;;;;;;Córdoba ;;Córdoba;Argentina;Correo Argentino Clasico - Envio a domicilio;Mercado Pago;;;;30/07/2024;31/07/2024;Vestido Zendaya (M);135000;1;;Móvil;;;;Sí;;;;;
4188;cliente_1891@ejemplo.com;30/07/2024 11:19:44;Abierta;Recibido;Enviado;ARS;125000.0;0.0;8295.0;133295.0;;;;;;;;;;Neuquen ;;Neuquén;Argentina;Correo Argentino Clasico - Envio a domicilio;Mercado Pago;;;;30/07/2024;31/07/2024;Vestido Francesca (XL);125000;1;;Móvil;;;;Sí;;;;;
4187;cliente_1892@ejemplo.com;30/07/2024 11:05:14;Abierta;Recibido;Enviado;ARS;242000.0;68000.0;6106.0;180106.0;;;;;;;;;;General Roca;;Córdoba;Argentina;Punto de retiro;Mercado Pago;;;;30/07/2024;31/07/2024;Pantalón Apolo (38);87000;1;;Móvil;;;;Sí;;;;;
4187;cliente_1892@ejemplo.com;;;;;;;;;;;;;;;;;;;;;;;;;;;;;;Camisa Ivette (M);68000;1;1412;;;;;Sí;;;;;
4187;cliente_1892@ejemplo.com;;;;;;;;;;;;;;;;;;;;;;;;;;;;;;Pantalón Cami (M);87000;1;;;;;;Sí;;;;;
4185;cliente_1893@ejemplo.com;29/07/2024 10:07:16;Abierta;Recibido;Enviado;ARS;261000.0;87000.0;4331.01;178331.01;;;;;;;;;;Merlo;;Gran Buenos Aires;Argentina;Punto de retiro;Mercado Pago;;;;29/07/2024;30/07/2024;Pantalón Cami (XL);87000;1;;Móvil;;;;Sí;;;;;
4185;cliente_1893@ejemplo.com;;;;;;;;;;;;;;;;;;;;;;;;;;;;;;Pantalón Fiona (XL);87000;1;;;;;;Sí;;;;;
4185;cliente_1893@ejemplo.com;;;;;;;;;;;;;;;;;;;;;;;;;;;;;;Pantalon Zara acid (46);87000;1;;;;;;Sí;;;;;
4184;cliente_1894@ejemplo.com;28/07/2024 20:28:28;Abierta;Recibido;Enviado;ARS;395000.0;120000.0;8281.0;283281.0;;;;;;;;;;Ringuelet;;Buenos Aires;Argentina;Correo Argentino Clasico - Envio a domicilio;Mercado Pago;;;;28/07/2024;30/07/2024;Vestido Minerva (S);130000;1;;Móvil;;;;Sí;;;;;
4184;cliente_1894@ejemplo.com;;;;;;;;;;;;;;;;;;;;;;;;;;;;;;Catsuit Felix (M);145000;1;;;;;;Sí;;;;;
4184;cliente_1894@ejemplo.com;;;;;;;;;;;;;;;;;;;;;;;;;;;;;;Vestido Opium Black (S);120000;1;;;;;;Sí;;;;;
4183;cliente_1895@ejemplo.com;28/07/2024 14:53:44;Abierta;Recibido;Enviado;ARS;310000.0;65000.0;4331.01;249331.01;;;;;;;;;;Tigre;;Gran Buenos Aires;Argentina;Punto de retiro;Mercado Pago;;;;28/07/2024;30/07/2024;Vestido Olivia (M);120000;1;;Móvil;;;;Sí;;;;;
4183;cliente_1895@ejemplo.com;;;;;;;;;;;;;;;;;;;;;;;;;;;;;;Chaleco Noya (L);65000;1;;;;;;Sí;;;;;
4183;cliente_1895@ejemplo.com;;;;;;;;;;;;;;;;;;;;;;;;;;;;;;Vestido Bianca (XL);125000;1;;;;;;Sí;;;;;
4182;cliente_0874@ejemplo.com;28/07/2024 13:34:35;Abierta;Recibido;Enviado;ARS;130000.0;0.0;6468.0;136468.0;;;;;;;;;;Merlo;;Gran Buenos Aires;Argentina;Correo Argentino Clasico - Envio a domicilio;Mercado Pago;;;;28/07/2024;30/07/2024;Vestido Minerva (L);130000;1;;Móvil;;;;Sí;;;;;
4181;cliente_0120@ejemplo.com;28/07/2024 11:51:26;Abierta;Recibido;Enviado;ARS;233000.0;60000.0;7245.0;180245.0;;;;;;;;;;Nordelta tigre;;Gran Buenos Aires;Argentina;Correo Argentino Clasico - Envio a domicilio;Mercado Pago;;;;28/07/2024;30/07/2024;Corset Ambar (M);63000;1;;Móvil;;;;Sí;;;;;
4181;cliente_0120@ejemplo.com;;;;;;;;;;;;;;;;;;;;;;;;;;;;;;Corset Idole (M);60000;1;;;;;;Sí;;;;;
4181;cliente_0120@ejemplo.com;;;;;;;;;;;;;;;;;;;;;;;;;;;;;;Vestido Cristal (M);110000;1;;;;;;Sí;;;;;
4178;cliente_1896@ejemplo.com;27/07/2024 21:11:51;Abierta;Recibido;Enviado;ARS;297000.0;65000.0;7709.0;239709.0;;;;;;;;;;Deseado;;Santa Cruz;Argentina;Punto de retiro;Mercado Pago;;;;27/07/2024;30/07/2024;Overall Milo (L);145000;1;;Móvil;;;;Sí;;;;;
4178;cliente_1896@ejemplo.com;;;;;;;;;;;;;;;;;;;;;;;;;;;;;;Pantalon LOUIS (42);87000;1;;;;;;Sí;;;;;
4178;cliente_1896@ejemplo.com;;;;;;;;;;;;;;;;;;;;;;;;;;;;;;Chaleco Noya (L);65000;1;;;;;;Sí;;;;;
4177;cliente_1897@ejemplo.com;27/07/2024 20:46:32;Abierta;Recibido;Enviado;ARS;145000.0;0.0;6468.0;151468.0;;;;;;;;;;Merlo;;Gran Buenos Aires;Argentina;Correo Argentino Clasico - Envio a domicilio;Mercado Pago;;;;27/07/2024;30/07/2024;Catsuit Máxima (M);145000;1;;Móvil;;;;Sí;;;;;
4176;cliente_1898@ejemplo.com;27/07/2024 20:43:00;Abierta;Recibido;Enviado;ARS;425000.0;130000.0;8281.0;303281.0;;;;;;;;;;General Pueyrredon - Mar Del Plata;;Buenos Aires;Argentina;Correo Argentino Clasico - Envio a domicilio;Mercado Pago;;;;27/07/2024;30/07/2024;Catsuit Sena (M);150000;1;;Móvil;;;;Sí;;;;;
4176;cliente_1898@ejemplo.com;;;;;;;;;;;;;;;;;;;;;;;;;;;;;;Vestido Minerva (L);130000;1;;;;;;Sí;;;;;
4176;cliente_1898@ejemplo.com;;;;;;;;;;;;;;;;;;;;;;;;;;;;;;Catsuit Felix (M);145000;1;;;;;;Sí;;;;;
4175;cliente_1899@ejemplo.com;27/07/2024 19:18:50;Abierta;Recibido;Enviado;ARS;122000.0;0.0;7168.0;129168.0;;;;;;;;;;Neuquén;;Neuquén;Argentina;Correo Argentino Clasico - Envio a domicilio;Mercado Pago;;;;27/07/2024;30/07/2024;Vestido Many (L);122000;1;;Móvil;;;;Sí;;;;;
4174;cliente_1900@ejemplo.com;27/07/2024 19:15:06;Abierta;Recibido;Enviado;ARS;212000.0;60000.0;9275.0;161275.0;;;;;;;;;;Cutral co;;Neuquén;Argentina;Correo Argentino Clasico - Envio a domicilio;Mercado Pago;;;;27/07/2024;30/07/2024;Corset Idole (M);60000;1;;Móvil;;;;Sí;;;;;
4174;cliente_1900@ejemplo.com;;;;;;;;;;;;;;;;;;;;;;;;;;;;;;Corset Roma (M);69000;1;;;;;;Sí;;;;;
4174;cliente_1900@ejemplo.com;;;;;;;;;;;;;;;;;;;;;;;;;;;;;;Falda Irina (S);83000;1;;;;;;Sí;;;;;
4173;cliente_1901@ejemplo.com;27/07/2024 11:31:45;Abierta;Recibido;Enviado;ARS;387000.0;110000.0;4219.0;281219.0;;;;;;;;;;Capital Federal;;Capital Federal;Argentina;Punto de retiro;Mercado Pago;;;;27/07/2024;30/07/2024;Vestido Cristal (L);110000;1;;Móvil;;;;Sí;;;;;
4173;cliente_1901@ejemplo.com;;;;;;;;;;;;;;;;;;;;;;;;;;;;;;Overall Carola (L);147000;1;;;;;;Sí;;;;;
4173;cliente_1901@ejemplo.com;;;;;;;;;;;;;;;;;;;;;;;;;;;;;;Vestido Minerva (L);130000;1;;;;;;Sí;;;;;
4172;cliente_1902@ejemplo.com;27/07/2024 10:11:18;Abierta;Recibido;Enviado;ARS;407000.0;120000.0;6106.0;293106.0;;;;;;;;;;La Capital;;Santa Fe;Argentina;Punto de retiro;Mercado Pago;;;;27/07/2024;30/07/2024;Vestido Minerva (XL);130000;1;;Móvil;;;;Sí;;;;;
4172;cliente_1902@ejemplo.com;;;;;;;;;;;;;;;;;;;;;;;;;;;;;;Overall Taylor (XL);157000;1;;;;;;Sí;;;;;
4172;cliente_1902@ejemplo.com;;;;;;;;;;;;;;;;;;;;;;;;;;;;;;Vestido Sofia (XL);120000;1;;;;;;Sí;;;;;
4171;cliente_0739@ejemplo.com;27/07/2024 09:17:41;Abierta;Recibido;Enviado;ARS;377000.0;120000.0;7245.0;264245.0;;;;;;;;;;Esteban Echeverria;;Gran Buenos Aires;Argentina;Correo Argentino Clasico - Envio a domicilio;Mercado Pago;;;;27/07/2024;30/07/2024;Vestido Francesca (S);125000;1;;Móvil;;;;Sí;;;;;
4171;cliente_0739@ejemplo.com;;;;;;;;;;;;;;;;;;;;;;;;;;;;;;Catsuit Tamara (S);132000;1;;;;;;Sí;;;;;
4171;cliente_0739@ejemplo.com;;;;;;;;;;;;;;;;;;;;;;;;;;;;;;Vestido Libre (S);120000;1;;;;;;Sí;;;;;
4170;cliente_1744@ejemplo.com;27/07/2024 02:35:31;Abierta;Recibido;Enviado;ARS;299000.0;65000.0;7132.09;241132.09;;;;;;;;;;La Capital;;Santa Fe;Argentina;Correo Argentino Clasico - Envio a domicilio;Mercado Pago;;;;27/07/2024;30/07/2024;Chaleco Noya (M);65000;1;;Web;;;;Sí;;;;;
4170;cliente_1744@ejemplo.com;;;;;;;;;;;;;;;;;;;;;;;;;;;;;;Pantalon LOUIS (40);87000;1;;;;;;Sí;;;;;
4170;cliente_1744@ejemplo.com;;;;;;;;;;;;;;;;;;;;;;;;;;;;;;Overall Carola (S);147000;1;1752;;;;;Sí;;;;;
4169;cliente_1903@ejemplo.com;26/07/2024 08:23:48;Abierta;Recibido;Enviado;ARS;57000.0;0.0;5000.0;62000.0;;;;;;;;;;Capital Federal;;Capital Federal;Argentina;Envio en moto CABA;Mercado Pago;;;;26/07/2024;02/08/2024;Corset Ambar (L);57000;1;;Móvil;;;;Sí;;;;;
4167;cliente_1250@ejemplo.com;25/07/2024 18:25:12;Abierta;Recibido;Enviado;ARS;135000.0;13500.0;3847.09;125347.09;;;;;;;;;;Capital Federal;;Capital Federal;Argentina;Punto de retiro;Mercado Pago;TODASQUEREMOSDENIM;;;25/07/2024;26/07/2024;Catsuit Lucrecia (XL);135000;1;;Móvil;;;;Sí;;;;;
4166;cliente_0094@ejemplo.com;25/07/2024 15:00:39;Abierta;Recibido;Enviado;ARS;120000.0;0.0;5871.2;125871.2;;;;;;;;;;Buenos Aires;;Gran Buenos Aires;Argentina;Correo Argentino Clasico - Envio a domicilio;Mercado Pago;;;;25/07/2024;26/07/2024;Vestido Zendaya (S);120000;1;;Móvil;;;;Sí;;;;;
4165;cliente_1623@ejemplo.com;25/07/2024 14:42:02;Abierta;Recibido;Enviado;ARS;110000.0;0.0;6940.39;116940.39;;;;;;;;;;Berisso ;;Buenos Aires;Argentina;Correo Argentino Clasico - Envio a domicilio;Mercado Pago;;;;25/07/2024;26/07/2024;Vestido Fini (M);110000;1;;Móvil;;;;Sí;;;;;
4164;cliente_1904@ejemplo.com;24/07/2024 21:46:59;Abierta;Recibido;Enviado;ARS;105000.0;0.0;3971.01;108971.01;;;;;;;;;;Lomas de Zamora;;Gran Buenos Aires;Argentina;Punto de retiro;Mercado Pago;;;;24/07/2024;26/07/2024;Catsuit Destroyed (S);105000;1;;Móvil;;;;Sí;;;;;
4163;cliente_1905@ejemplo.com;24/07/2024 16:06:59;Abierta;Recibido;Enviado;ARS;135000.0;13500.0;8354.0;129854.0;;;;;;;;;;Salta;;Salta;Argentina;Correo Argentino Clasico - Envio a domicilio;Mercado Pago;TODASQUEREMOSDENIM;;;24/07/2024;26/07/2024;Catsuit Máxima (S);135000;1;1620;Móvil;;;;Sí;;;;;
4161;cliente_1906@ejemplo.com;24/07/2024 14:35:16;Abierta;Recibido;Enviado;ARS;135000.0;0.0;0.0;135000.0;;;;;;;;;;Libertad ;;Gran Buenos Aires;Argentina;Correo Argentino Clasico - Envio a domicilio;Mercado Pago;;;;24/07/2024;26/07/2024;Catsuit Felix (M);135000;1;;Móvil;;;;Sí;;;;;
4160;cliente_1907@ejemplo.com;24/07/2024 08:55:39;Abierta;Recibido;Enviado;ARS;182000.0;0.0;0.0;182000.0;;;;;;;;;;Virrey del pino;;Gran Buenos Aires;Argentina;Correo Argentino Clasico - Envio a domicilio;Mercado Pago;;;;24/07/2024;24/07/2024;Vestido Francesca (M);110000;1;1740;Móvil;;;;Sí;;;;;
4160;cliente_1907@ejemplo.com;;;;;;;;;;;;;;;;;;;;;;;;;;;;;;Vestido Juliette (M);72000;1;;;;;;Sí;;;;;
4159;cliente_1908@ejemplo.com;23/07/2024 14:36:25;Abierta;Recibido;Enviado;ARS;245000.0;0.0;0.0;245000.0;;;;;;;;;;Plottier;;Neuquén;Argentina;Correo Argentino Clasico - Envio a domicilio;Mercado Pago;;;;23/07/2024;24/07/2024;Trench Hillary (L);245000;1;;Móvil;;;;Sí;;;;;
4158;cliente_1147@ejemplo.com;23/07/2024 13:51:42;Abierta;Recibido;Enviado;ARS;110000.0;11000.0;3971.01;102971.01;;;;;;;;;;Esteban Echeverria;;Gran Buenos Aires;Argentina;Punto de retiro;Mercado Pago;TODASQUEREMOSDENIM;;;23/07/2024;24/07/2024;Vestido Fini (XL);110000;1;1761;Móvil;;;;Sí;;;;;
4157;cliente_1675@ejemplo.com;23/07/2024 10:30:12;Abierta;Recibido;Enviado;ARS;135000.0;0.0;0.0;135000.0;;;;;;;;;;Capital Federal;;Capital Federal;Argentina;Correo Argentino Clasico - Envio a domicilio;Mercado Pago;;;;23/07/2024;24/07/2024;Catsuit Máxima (XL);135000;1;1620;Móvil;;;;Sí;;;;;
4156;cliente_1909@ejemplo.com;23/07/2024 09:57:01;Abierta;Recibido;Enviado;ARS;166000.0;0.0;0.0;166000.0;;;;;;;;;;Trelew;;Chubut;Argentina;Correo Argentino Clasico - Envio a domicilio;Mercado Pago;;;;23/07/2024;24/07/2024;Camisa Ivette (L);56000;1;1412;Móvil;;;;Sí;;;;;
4156;cliente_1909@ejemplo.com;;;;;;;;;;;;;;;;;;;;;;;;;;;;;;Vestido Libre (L);110000;1;;;;;;Sí;;;;;
4155;cliente_1615@ejemplo.com;23/07/2024 00:53:16;Abierta;Recibido;Enviado;ARS;139000.0;0.0;0.0;139000.0;;;;;;;;;;Mendoza;;Mendoza;Argentina;Punto de retiro;Mercado Pago;;;;23/07/2024;24/07/2024;Overall Taylor (XL);139000;1;1721;Móvil;;;;Sí;;;;;
4154;cliente_1910@ejemplo.com;22/07/2024 18:47:58;Abierta;Recibido;Enviado;ARS;135000.0;0.0;0.0;135000.0;;;;;;;;;;General pico;;La Pampa;Argentina;Correo Argentino Clasico - Envio a domicilio;Mercado Pago;;;;22/07/2024;24/07/2024;Catsuit Felix (M);135000;1;;Móvil;;;;Sí;;;;;
4153;cliente_0170@ejemplo.com;22/07/2024 17:49:31;Abierta;Recibido;Enviado;ARS;120000.0;12000.0;3971.01;111971.01;;;;;;;;;;Escobar;;Gran Buenos Aires;Argentina;Punto de retiro;Mercado Pago;TODASQUEREMOSDENIM;;;22/07/2024;24/07/2024;Vestido Minerva (S);120000;1;;Móvil;;;;Sí;;;;;
4152;cliente_1911@ejemplo.com;22/07/2024 14:02:11;Abierta;Recibido;Enviado;ARS;135000.0;0.0;0.0;135000.0;;;;;;;;;;Capital Federal;;Capital Federal;Argentina;Correo Argentino Clasico - Envio a domicilio;Transferencia o depósito bancario;;;;22/07/2024;24/07/2024;Catsuit Felix (XL);135000;1;;Móvil;;;;Sí;;;;;
4150;cliente_1912@ejemplo.com;22/07/2024 11:19:26;Abierta;Recibido;Enviado;ARS;120000.0;0.0;4810.0;124810.0;;;;;;;;;;La Plata;;Buenos Aires;Argentina;Punto de retiro;Mercado Pago;;;;22/07/2024;23/07/2024;Vestido Zendaya (S);120000;1;;Móvil;;;;Sí;;;;;
4149;cliente_1913@ejemplo.com;22/07/2024 09:27:56;Abierta;Recibido;Enviado;ARS;60000.0;0.0;8295.0;68295.0;;;;;;;;;;San Juan ;;San Juan;Argentina;Correo Argentino Clasico - Envio a domicilio;Mercado Pago;;;;22/07/2024;23/07/2024;Chaleco Noya (S);60000;1;;Móvil;;;;Sí;;;;;
4148;cliente_1914@ejemplo.com;22/07/2024 08:45:05;Abierta;Recibido;Enviado;ARS;135000.0;0.0;0.0;135000.0;;;;;;;;;;San fernando;;Gran Buenos Aires;Argentina;Correo Argentino Clasico - Envio a domicilio;Mercado Pago;;;;22/07/2024;23/07/2024;Catsuit Felix (M);135000;1;;Móvil;;;;Sí;;;;;
4147;cliente_1681@ejemplo.com;22/07/2024 07:18:41;Abierta;Recibido;Enviado;ARS;110000.0;11000.0;6468.0;105468.0;;;;;;;;;;Quilmes;;Gran Buenos Aires;Argentina;Correo Argentino Clasico - Envio a domicilio;Mercado Pago;TODASQUEREMOSDENIM;;;22/07/2024;23/07/2024;Vestido Fini (S);110000;1;1761;Móvil;;;;Sí;;;;;
4146;cliente_1915@ejemplo.com;21/07/2024 18:55:44;Abierta;Recibido;Enviado;ARS;110000.0;0.0;4810.0;114810.0;;;;;;;;;;Ensenada;;Buenos Aires;Argentina;Punto de retiro;Mercado Pago;;;;21/07/2024;23/07/2024;Vestido Francesca (XL);110000;1;1740;Móvil;;;;Sí;;;;;
4145;cliente_1916@ejemplo.com;21/07/2024 18:32:29;Abierta;Recibido;Enviado;ARS;135000.0;13500.0;8354.0;129854.0;;;;;;;;;;Tartagal;;Salta;Argentina;Correo Argentino Clasico - Envio a domicilio;Mercado Pago;TODASQUEREMOSDENIM;;;21/07/2024;23/07/2024;Catsuit Máxima (L);135000;1;1620;Móvil;;;;Sí;;;;;
4144;cliente_1917@ejemplo.com;21/07/2024 16:12:19;Abierta;Recibido;Enviado;ARS;220000.0;22000.0;0.0;198000.0;;;;;;;;;;San Luis;;San Luis;Argentina;Correo Argentino Clasico - Envio a domicilio;Mercado Pago;TODASQUEREMOSDENIM;;;21/07/2024;23/07/2024;Vestido Catalina (S);110000;1;1751;Móvil;;;;Sí;;;;;
4144;cliente_1917@ejemplo.com;;;;;;;;;;;;;;;;;;;;;;;;;;;;;;Vestido Fini (S);110000;1;1761;;;;;Sí;;;;;
4143;cliente_1784@ejemplo.com;21/07/2024 15:21:51;Abierta;Recibido;Enviado;ARS;110000.0;0.0;4955.0;114955.0;;;;;;;;;;Lago Argentino;;Santa Cruz;Argentina;Punto de retiro;Mercado Pago;;;;21/07/2024;23/07/2024;Vestido Alba (L);110000;1;;Móvil;;;;Sí;;;;;
4142;cliente_1918@ejemplo.com;21/07/2024 11:46:50;Abierta;Recibido;Enviado;ARS;83000.0;8300.0;7656.0;82356.0;;;;;;;;;;Parana;;Entre Ríos;Argentina;Correo Argentino Clasico - Envio a domicilio;Mercado Pago;TODASQUEREMOSDENIM;;;21/07/2024;23/07/2024;Pantalon Zara acid (44);83000;1;;Móvil;;;;Sí;;;;;
4141;cliente_1919@ejemplo.com;21/07/2024 11:16:48;Abierta;Recibido;Enviado;ARS;120000.0;0.0;5000.0;125000.0;;;;;;;;;;Capital Federal;;Capital Federal;Argentina;Envio en moto CABA;Mercado Pago;;;;21/07/2024;26/07/2024;Vestido Minerva (XL);120000;1;;Móvil;;;;Sí;;;;;
4140;cliente_1920@ejemplo.com;21/07/2024 09:38:23;Abierta;Recibido;Enviado;ARS;110000.0;0.0;6468.0;116468.0;;;;;;;;;;Zarate;;Buenos Aires;Argentina;Correo Argentino Clasico - Envio a domicilio;Mercado Pago;;;;21/07/2024;23/07/2024;Vestido Bianca (S);110000;1;1710;Móvil;;;;Sí;;;;;
4139;cliente_1921@ejemplo.com;20/07/2024 19:26:05;Abierta;Recibido;Enviado;ARS;135000.0;13500.0;5000.0;126500.0;;;;;;;;;;Capital Federal;;Capital Federal;Argentina;Envio en moto CABA;Transferencia o depósito bancario;TODASQUEREMOSDENIM;;;24/07/2024;26/07/2024;Catsuit Máxima (L);135000;1;1620;Móvil;;;;Sí;;;;;
4138;cliente_1922@ejemplo.com;20/07/2024 15:25:10;Abierta;Recibido;Enviado;ARS;110000.0;0.0;5453.0;115453.0;;;;;;;;;;Rawson;;Chubut;Argentina;Punto de retiro;Mercado Pago;;;;20/07/2024;23/07/2024;Vestido Francesca (S);110000;1;1740;Móvil;;;;Sí;;;;;
4137;cliente_1923@ejemplo.com;20/07/2024 13:07:45;Abierta;Recibido;Enviado;ARS;110000.0;0.0;6468.0;116468.0;;;;;;;;;;Marcos Paz;;Buenos Aires;Argentina;Correo Argentino Clasico - Envio a domicilio;Mercado Pago;;;;20/07/2024;23/07/2024;Vestido Francesca (L);110000;1;1740;Móvil;;;;Sí;;;;;
4136;cliente_1924@ejemplo.com;19/07/2024 20:17:29;Abierta;Recibido;Enviado;ARS;135000.0;0.0;0.0;135000.0;;;;;;;;;;Salsipuedes ;;Córdoba;Argentina;Correo Argentino Clasico - Envio a domicilio;Mercado Pago;;;;19/07/2024;23/07/2024;Catsuit Felix (L);135000;1;;Móvil;;;;Sí;;;;;
4133;cliente_1925@ejemplo.com;19/07/2024 15:17:39;Abierta;Recibido;Enviado;ARS;120000.0;12000.0;8295.0;116295.0;;;;;;;;;;Confluencia;;Neuquén;Argentina;Correo Argentino Clasico - Envio a domicilio;Transferencia o depósito bancario;TODASQUEREMOSDENIM;;;22/07/2024;24/07/2024;Vestido Minerva (M);120000;1;;Web;;;;Sí;;;;;
4131;cliente_1926@ejemplo.com;19/07/2024 14:11:46;Abierta;Recibido;Enviado;ARS;110000.0;11000.0;3971.01;102971.01;;;;;;;;;;San Pedro;;Buenos Aires;Argentina;Punto de retiro;Mercado Pago;TODASQUEREMOSDENIM;;;19/07/2024;23/07/2024;Vestido Francesca (S);110000;1;1740;Web;;;;Sí;;;;;
4130;cliente_1188@ejemplo.com;19/07/2024 08:35:36;Abierta;Recibido;Enviado;ARS;105000.0;0.0;7656.0;112656.0;;;;;;;;;;Mar del Plata;;Buenos Aires;Argentina;Correo Argentino Clasico - Envio a domicilio;Mercado Pago;;;;19/07/2024;23/07/2024;Catsuit Destroyed (S);105000;1;;Móvil;;;;Sí;;;;;
4128;cliente_1927@ejemplo.com;18/07/2024 22:24:48;Abierta;Recibido;Enviado;ARS;110000.0;0.0;7049.0;117049.0;;;;;;;;;;Campana ;;Buenos Aires;Argentina;Correo Argentino Clasico - Envio a domicilio;Mercado Pago;;;;18/07/2024;24/07/2024;Vestido Ofelia (L);110000;1;;Móvil;;;;Sí;;;;;
4124;cliente_1928@ejemplo.com;18/07/2024 14:24:12;Abierta;Recibido;Enviado;ARS;435000.0;43500.0;0.0;391500.0;;;;;;;;;;Córdoba ;;Córdoba;Argentina;Correo Argentino Clasico - Envio a domicilio;Mercado Pago;TODASQUEREMOSDENIM;;;18/07/2024;23/07/2024;Vestido Angel (XL);80000;1;;Móvil;;;;Sí;;;;;
4124;cliente_1928@ejemplo.com;;;;;;;;;;;;;;;;;;;;;;;;;;;;;;Vestido Fini (L);110000;1;1761;;;;;Sí;;;;;
4124;cliente_1928@ejemplo.com;;;;;;;;;;;;;;;;;;;;;;;;;;;;;;Catsuit Felix (L);135000;1;;;;;;Sí;;;;;
4124;cliente_1928@ejemplo.com;;;;;;;;;;;;;;;;;;;;;;;;;;;;;;Catsuit Tamara (L);110000;1;;;;;;Sí;;;;;
4123;cliente_1929@ejemplo.com;18/07/2024 13:05:25;Abierta;Recibido;Enviado;ARS;120000.0;0.0;6468.0;126468.0;;;;;;;;;;Buenos Aires;;Gran Buenos Aires;Argentina;Correo Argentino Clasico - Envio a domicilio;Mercado Pago;;;;18/07/2024;19/07/2024;Vestido Minerva (L);120000;1;;Móvil;;;;Sí;;;;;
4122;cliente_1062@ejemplo.com;18/07/2024 09:27:07;Abierta;Recibido;Enviado;ARS;60000.0;0.0;3971.01;63971.01;;;;;;;;;;Tres de Febrero;;Gran Buenos Aires;Argentina;Punto de retiro;Mercado Pago;;;;18/07/2024;19/07/2024;Chaleco Noya (XL);60000;1;;Web;;;;Sí;;;;;
4121;cliente_1826@ejemplo.com;17/07/2024 11:37:09;Abierta;Recibido;Enviado;ARS;110000.0;0.0;7656.0;117656.0;;;;;;;;;;Cosquin;;Córdoba;Argentina;Correo Argentino Clasico - Envio a domicilio;Mercado Pago;;;;17/07/2024;17/07/2024;Vestido Fini (XL);110000;1;1761;Móvil;;;;Sí;;;;;
4120;cliente_1930@ejemplo.com;16/07/2024 21:57:53;Abierta;Recibido;Enviado;ARS;110000.0;0.0;8295.0;118295.0;;;;;;;;;;San Miguel De Tucumán;;Tucumán;Argentina;Correo Argentino Clasico - Envio a domicilio;Mercado Pago;;;;16/07/2024;17/07/2024;Vestido Fini (M);110000;1;1761;Móvil;;;;Sí;;;;;
4119;cliente_1931@ejemplo.com;16/07/2024 17:51:59;Abierta;Recibido;Enviado;ARS;135000.0;13500.0;7656.0;129156.0;;;;;;;;;;Chañar Ladeado ;;Santa Fe;Argentina;Correo Argentino Clasico - Envio a domicilio;Transferencia o depósito bancario;TODASQUEREMOSDENIM;;;17/07/2024;17/07/2024;Catsuit Máxima (XL);135000;1;1620;Móvil;;;;Sí;;;;;
4118;cliente_1932@ejemplo.com;16/07/2024 15:59:16;Abierta;Recibido;Enviado;ARS;129000.0;0.0;7656.0;136656.0;;;;;;;;;;Cononel dorrego;;Buenos Aires;Argentina;Correo Argentino Clasico - Envio a domicilio;Mercado Pago;;;;16/07/2024;17/07/2024;Catsuit Antonella (L);129000;1;1737;Móvil;;;;Sí;;;;;
4117;cliente_0813@ejemplo.com;16/07/2024 11:36:46;Abierta;Recibido;Enviado;ARS;119000.0;11900.0;5000.0;112100.0;;;;;;;;;;Capital Federal;;Capital Federal;Argentina;Envio en moto CABA;Transferencia o depósito bancario;TODASQUEREMOSDENIM;;;17/07/2024;17/07/2024;Catsuit Venezia (S);119000;1;;Móvil;;;;Sí;;;;;
4116;cliente_1933@ejemplo.com;16/07/2024 09:14:13;Abierta;Recibido;Enviado;ARS;120000.0;0.0;8295.0;128295.0;;;;;;;;;;Mendoza;;Mendoza;Argentina;Correo Argentino Clasico - Envio a domicilio;Mercado Pago;;;;16/07/2024;16/07/2024;Vestido Minerva (S);120000;1;;Móvil;;;;Sí;;;;;
4115;cliente_1343@ejemplo.com;15/07/2024 20:23:14;Abierta;Recibido;Enviado;ARS;115000.0;11500.0;6106.0;109606.0;;;;;;;;;;Realico;;La Pampa;Argentina;Punto de retiro;Mercado Pago;TODASQUEREMOSDENIM;;;15/07/2024;16/07/2024;Vestido Mandy (L);115000;1;;Móvil;;;;Sí;;;;;
4114;cliente_1934@ejemplo.com;15/07/2024 18:17:40;Abierta;Recibido;Enviado;ARS;139000.0;0.0;0.0;139000.0;;;;;;;;;;Libertador General San Martín;;Chaco;Argentina;Punto de retiro;Transferencia o depósito bancario;;;;17/07/2024;17/07/2024;Overall Taylor (XL);139000;1;1721;Móvil;;;;Sí;;;;;
4113;cliente_1935@ejemplo.com;15/07/2024 15:50:24;Abierta;Recibido;Enviado;ARS;90000.0;0.0;7656.0;97656.0;;;;;;;;;;Berisso;;Buenos Aires;Argentina;Correo Argentino Clasico - Envio a domicilio;Mercado Pago;;;;15/07/2024;16/07/2024;Vestido Atenea;90000;1;;Móvil;;;;Sí;;;;;
4112;cliente_1936@ejemplo.com;15/07/2024 14:54:25;Abierta;Recibido;Enviado;ARS;220000.0;22000.0;0.0;198000.0;;;;;;;;;;Carmen de Patagones ;;Buenos Aires;Argentina;Correo Argentino Clasico - Envio a domicilio;Mercado Pago;TODASQUEREMOSDENIM;;;15/07/2024;16/07/2024;Vestido Libre (S);110000;1;;Móvil;;;;Sí;;;;;
4112;cliente_1936@ejemplo.com;;;;;;;;;;;;;;;;;;;;;;;;;;;;;;Vestido Fini (S);110000;1;1761;;;;;Sí;;;;;
4110;cliente_1138@ejemplo.com;14/07/2024 17:10:29;Abierta;Recibido;Enviado;ARS;135000.0;13500.0;5000.0;126500.0;;;;;;;;;;Capital Federal;;Capital Federal;Argentina;Envio en moto CABA;Mercado Pago;TODASQUEREMOSDENIM;;;14/07/2024;15/07/2024;Catsuit Felix (L);135000;1;;Móvil;;;;Sí;;;;;
4109;cliente_1937@ejemplo.com;14/07/2024 13:11:48;Abierta;Recibido;Enviado;ARS;135000.0;0.0;6468.0;141468.0;;;;;;;;;;Lanus;;Gran Buenos Aires;Argentina;Correo Argentino Clasico - Envio a domicilio;Mercado Pago;;;;14/07/2024;15/07/2024;Catsuit Felix (M);135000;1;;Móvil;;;;Sí;;;;;
4108;cliente_1938@ejemplo.com;14/07/2024 10:03:04;Abierta;Recibido;Enviado;ARS;120000.0;12000.0;8295.0;116295.0;;;;;;;;;;Capital;;Misiones;Argentina;Correo Argentino Clasico - Envio a domicilio;Mercado Pago;TODASQUEREMOSDENIM;;;14/07/2024;15/07/2024;Vestido Minerva (S);120000;1;;Móvil;;;;Sí;;;;;
4107;cliente_1939@ejemplo.com;13/07/2024 20:28:16;Abierta;Recibido;Enviado;ARS;95000.0;0.0;5241.0;100241.0;;;;;;;;;;Ullúm;;San Juan;Argentina;Punto de retiro;Mercado Pago;;;;13/07/2024;15/07/2024;Vestido Valentino (M);95000;1;;Móvil;;;;Sí;;;;;
4106;cliente_1940@ejemplo.com;13/07/2024 19:02:47;Abierta;Recibido;Enviado;ARS;245000.0;0.0;0.0;245000.0;;;;;;;;;;Capital;;Catamarca;Argentina;Correo Argentino Clasico - Envio a domicilio;Mercado Pago;;;;13/07/2024;15/07/2024;Catsuit Máxima (XL);135000;1;1620;Móvil;;;;Sí;;;;;
4106;cliente_1940@ejemplo.com;;;;;;;;;;;;;;;;;;;;;;;;;;;;;;Vestido Marilyn (XL);110000;1;;;;;;Sí;;;;;
4105;cliente_1717@ejemplo.com;13/07/2024 16:59:17;Abierta;Recibido;Enviado;ARS;120000.0;0.0;5241.0;125241.0;;;;;;;;;;Capital;;Corrientes;Argentina;Punto de retiro;Mercado Pago;;;;13/07/2024;15/07/2024;Vestido Minerva (M);120000;1;;Móvil;;;;Sí;;;;;
4104;cliente_0142@ejemplo.com;13/07/2024 14:58:22;Abierta;Recibido;Enviado;ARS;110000.0;0.0;6468.0;116468.0;;;;;;;;;;Moron;;Gran Buenos Aires;Argentina;Correo Argentino Clasico - Envio a domicilio;Mercado Pago;;;;13/07/2024;15/07/2024;Vestido Fini (M);110000;1;1761;Móvil;;;;Sí;;;;;
4103;cliente_0205@ejemplo.com;13/07/2024 14:01:27;Abierta;Recibido;Enviado;ARS;120000.0;12000.0;5000.0;113000.0;;;;;;;;;;Capital Federal;;Capital Federal;Argentina;Envio en moto CABA;Mercado Pago;TODASQUEREMOSDENIM;;;13/07/2024;15/07/2024;Vestido Minerva (M);120000;1;;Móvil;;;;Sí;;;;;
4102;cliente_1941@ejemplo.com;13/07/2024 13:50:13;Abierta;Recibido;Enviado;ARS;105000.0;0.0;6468.0;111468.0;;;;;;;;;;Pilar;;Gran Buenos Aires;Argentina;Correo Argentino Clasico - Envio a domicilio;Mercado Pago;;;;13/07/2024;15/07/2024;Catsuit Destroyed (M);105000;1;;Móvil;;;;Sí;;;;;
4101;cliente_1619@ejemplo.com;13/07/2024 08:27:40;Abierta;Recibido;Enviado;ARS;90000.0;9000.0;5000.0;86000.0;;;;;;;;;;Capital Federal;;Capital Federal;Argentina;Envio en moto CABA;Mercado Pago;TODASQUEREMOSDENIM;;;13/07/2024;17/07/2024;Vestido Magda (L);90000;1;1725;Móvil;;;;Sí;;;;;
4100;cliente_1942@ejemplo.com;13/07/2024 07:31:40;Abierta;Recibido;Enviado;ARS;343000.0;0.0;0.0;343000.0;;;;;;;;;;San Martín ;;Gran Buenos Aires;Argentina;Correo Argentino Clasico - Envio a domicilio;Mercado Pago;;;;13/07/2024;15/07/2024;Vestido Fini (L);110000;1;1761;Móvil;;;;Sí;;;;;
4100;cliente_1942@ejemplo.com;;;;;;;;;;;;;;;;;;;;;;;;;;;;;;Vestido Minerva (L);120000;1;;;;;;Sí;;;;;
4100;cliente_1942@ejemplo.com;;;;;;;;;;;;;;;;;;;;;;;;;;;;;;Chaleco Noya (L);60000;1;;;;;;Sí;;;;;
4100;cliente_1942@ejemplo.com;;;;;;;;;;;;;;;;;;;;;;;;;;;;;;Camisa Lotus (L);53000;1;1677;;;;;Sí;;;;;
4099;cliente_1943@ejemplo.com;12/07/2024 23:02:03;Abierta;Recibido;Enviado;ARS;149000.0;0.0;0.0;149000.0;;;;;;;;;;La Plata;;Buenos Aires;Argentina;Envio Gratis;Mercado Pago;;;;12/07/2024;15/07/2024;Corset Ambar (S);57000;1;;Móvil;;;;Sí;;;;;
4099;cliente_1943@ejemplo.com;;;;;;;;;;;;;;;;;;;;;;;;;;;;;;Corset Ambar (M);57000;1;;;;;;Sí;;;;;
4099;cliente_1943@ejemplo.com;;;;;;;;;;;;;;;;;;;;;;;;;;;;;;Top Euforia (M);35000;1;;;;;;Sí;;;;;
4098;cliente_0199@ejemplo.com;12/07/2024 22:41:05;Abierta;Recibido;Enviado;ARS;120000.0;0.0;7656.0;127656.0;;;;;;;;;;Paraná ;;Entre Ríos;Argentina;Correo Argentino Clasico - Envio a domicilio;Mercado Pago;;;;12/07/2024;15/07/2024;Vestido Farrel (XL);120000;1;;Móvil;;;;Sí;;;;;
4097;cliente_1944@ejemplo.com;12/07/2024 21:33:54;Abierta;Recibido;Enviado;ARS;135000.0;13500.0;3971.01;125471.01;;;;;;;;;;Campana;;Buenos Aires;Argentina;Punto de retiro;Mercado Pago;TODASQUEREMOSDENIM;;;12/07/2024;15/07/2024;Catsuit Máxima (XL);135000;1;1620;Web;;;;Sí;;;;;
4096;cliente_1945@ejemplo.com;12/07/2024 20:02:08;Abierta;Recibido;Enviado;ARS;110000.0;11000.0;4810.0;103810.0;;;;;;;;;;Colón;;Córdoba;Argentina;Punto de retiro;Mercado Pago;TODASQUEREMOSDENIM;;;12/07/2024;15/07/2024;Vestido Fini (XL);110000;1;1761;Móvil;;;;Sí;;;;;
4095;cliente_1946@ejemplo.com;12/07/2024 09:41:05;Abierta;Recibido;Enviado;ARS;120000.0;0.0;6468.0;126468.0;;;;;;;;;;Alcorta;;Gran Buenos Aires;Argentina;Correo Argentino Clasico - Envio a domicilio;Mercado Pago;;;;12/07/2024;12/07/2024;Vestido Farrel (M);120000;1;;Móvil;;;;Sí;;;;;
4094;cliente_0796@ejemplo.com;12/07/2024 08:40:11;Abierta;Recibido;Enviado;ARS;120000.0;0.0;6468.0;126468.0;;;;;;;;;;Ituzaingo, Udaondo, Parque Leloir;;Gran Buenos Aires;Argentina;Correo Argentino Clasico - Envio a domicilio;Mercado Pago;;;;12/07/2024;12/07/2024;Vestido Minerva (L);120000;1;;Móvil;;;;Sí;;;;;
4093;cliente_1947@ejemplo.com;11/07/2024 23:47:55;Abierta;Recibido;Enviado;ARS;110000.0;0.0;6468.0;116468.0;;;;;;;;;;Maquinista savio ;;Gran Buenos Aires;Argentina;Correo Argentino Clasico - Envio a domicilio;Mercado Pago;;;;11/07/2024;12/07/2024;Vestido Fini (L);110000;1;1761;Móvil;;;;Sí;;;;;
4092;cliente_1948@ejemplo.com;11/07/2024 08:51:47;Abierta;Recibido;Enviado;ARS;135000.0;0.0;7656.0;142656.0;;;;;;;;;;Pérez millan ;;Buenos Aires;Argentina;Correo Argentino Clasico - Envio a domicilio;Mercado Pago;;;;11/07/2024;11/07/2024;Catsuit Rosier (XL);135000;1;;Móvil;;;;Sí;;;;;
4090;cliente_1949@ejemplo.com;10/07/2024 11:01:54;Abierta;Recibido;Enviado;ARS;139000.0;0.0;8295.0;147295.0;;;;;;;;;;Centenario ;;Neuquén;Argentina;Correo Argentino Clasico - Envio a domicilio;Mercado Pago;;;;10/07/2024;11/07/2024;Catsuit Sena (L);139000;1;;Móvil;;;;Sí;;;;;
4088;cliente_1950@ejemplo.com;09/07/2024 15:55:38;Abierta;Recibido;Enviado;ARS;135000.0;0.0;4810.0;139810.0;;;;;;;;;;Capital;;Córdoba;Argentina;Punto de retiro;Mercado Pago;;;;09/07/2024;10/07/2024;Catsuit Máxima (M);135000;1;1620;Móvil;;;;Sí;;;;;
4087;cliente_1951@ejemplo.com;09/07/2024 09:43:36;Abierta;Recibido;Enviado;ARS;273000.0;27300.0;0.0;245700.0;;;;;;;;;;La Plata;;Buenos Aires;Argentina;Envio Gratis;Mercado Pago;TODASQUEREMOSDENIM;;;09/07/2024;11/07/2024;Falda Irina (S);75000;1;;Móvil;;;;Sí;;;;;
4087;cliente_1951@ejemplo.com;;;;;;;;;;;;;;;;;;;;;;;;;;;;;;Corset Roma (XL);63000;1;;;;;;Sí;;;;;
4087;cliente_1951@ejemplo.com;;;;;;;;;;;;;;;;;;;;;;;;;;;;;;Corset Ambar (L);57000;1;;;;;;Sí;;;;;
4087;cliente_1951@ejemplo.com;;;;;;;;;;;;;;;;;;;;;;;;;;;;;;Pantalón Fiona (M);78000;1;;;;;;Sí;;;;;
4086;cliente_0980@ejemplo.com;08/07/2024 14:18:50;Abierta;Recibido;Enviado;ARS;120000.0;12000.0;3971.01;111971.01;;;;;;;;;;Moron;;Gran Buenos Aires;Argentina;Punto de retiro;Mercado Pago;TODASQUEREMOSDENIM;;;08/07/2024;10/07/2024;Vestido Minerva (L);120000;1;;Móvil;;;;Sí;;;;;
4083;cliente_1883@ejemplo.com;08/07/2024 12:17:45;Abierta;Recibido;Enviado;ARS;120000.0;0.0;8295.0;128295.0;;;;;;;;;;La Rioja Capital;;La Rioja;Argentina;Correo Argentino Clasico - Envio a domicilio;Mercado Pago;;;;08/07/2024;10/07/2024;Vestido Zendaya (M);120000;1;;Móvil;;;;Sí;;;;;
4082;cliente_1952@ejemplo.com;08/07/2024 11:43:01;Abierta;Recibido;Enviado;ARS;110000.0;0.0;7656.0;117656.0;;;;;;;;;;Parana;;Entre Ríos;Argentina;Correo Argentino Clasico - Envio a domicilio;Mercado Pago;;;;08/07/2024;10/07/2024;Catsuit Tamara (XL);110000;1;;Web;;;;Sí;;;;;
4081;cliente_1953@ejemplo.com;08/07/2024 11:30:41;Abierta;Recibido;Enviado;ARS;139000.0;13900.0;4810.0;129910.0;;;;;;;;;;General Pueyrredón;;Buenos Aires;Argentina;Punto de retiro;Mercado Pago;TODASQUEREMOSDENIM;;;08/07/2024;10/07/2024;Catsuit Sena (XL);139000;1;;Móvil;;;;Sí;;;;;
4080;cliente_1954@ejemplo.com;07/07/2024 15:33:37;Abierta;Recibido;Enviado;ARS;72000.0;7200.0;4118.0;68918.0;;;;;;;;;;Berisso;;Buenos Aires;Argentina;Punto de retiro;Mercado Pago;TODASQUEREMOSDENIM;;;07/07/2024;08/07/2024;Vestido Juliette (M);72000;1;;Móvil;;;;Sí;;;;;
4079;cliente_1955@ejemplo.com;07/07/2024 11:35:33;Abierta;Recibido;Enviado;ARS;139000.0;13900.0;3655.0;128755.0;;;;;;;;;;Escobar;;Gran Buenos Aires;Argentina;Punto de retiro;Mercado Pago;TODASQUEREMOSDENIM;;;07/07/2024;08/07/2024;Overall Taylor (M);139000;1;1721;Móvil;;;;Sí;;;;;
4078;cliente_0667@ejemplo.com;07/07/2024 10:28:41;Abierta;Recibido;Enviado;ARS;120000.0;12000.0;3655.0;111655.0;;;;;;;;;;Merlo;;Gran Buenos Aires;Argentina;Punto de retiro;Mercado Pago;TODASQUEREMOSDENIM;;;07/07/2024;08/07/2024;Vestido Minerva (XL);120000;1;;Móvil;;;;Sí;;;;;
4077;cliente_1956@ejemplo.com;07/07/2024 09:33:59;Abierta;Recibido;Enviado;ARS;182000.0;18200.0;0.0;163800.0;;;;;;;;;;Las Heras;;Santa Cruz;Argentina;Correo Argentino Clasico - Envio a domicilio;Mercado Pago;TODASQUEREMOSDENIM;;;07/07/2024;08/07/2024;Vestido Libre (M);110000;1;;Móvil;;;;Sí;;;;;
4077;cliente_1956@ejemplo.com;;;;;;;;;;;;;;;;;;;;;;;;;;;;;;Vestido Juliette (M);72000;1;;;;;;Sí;;;;;
4075;cliente_0774@ejemplo.com;05/07/2024 21:37:31;Abierta;Recibido;Enviado;ARS;110000.0;0.0;4810.0;114810.0;;;;;;;;;;Capital;;Corrientes;Argentina;Punto de retiro;Mercado Pago;;;;05/07/2024;08/07/2024;Vestido Francesca (L);110000;1;1740;Móvil;;;;Sí;;;;;
4074;cliente_1957@ejemplo.com;05/07/2024 18:59:23;Abierta;Recibido;Enviado;ARS;139000.0;13900.0;3655.0;128755.0;;;;;;;;;;Capital Federal;;Capital Federal;Argentina;Punto de retiro;Mercado Pago;TODASQUEREMOSDENIM;;;05/07/2024;08/07/2024;Overall Donatella (S);139000;1;;Móvil;;;;Sí;;;;;
4072;cliente_1958@ejemplo.com;05/07/2024 13:25:15;Abierta;Recibido;Enviado;ARS;250000.0;0.0;0.0;250000.0;;;;;;;;;;Capital Federal;;Capital Federal;Argentina;Correo Argentino Clasico - Envio a domicilio;Mercado Pago;;;;05/07/2024;05/07/2024;Catsuit Felix (S);135000;1;;Web;;;;Sí;;;;;
4072;cliente_1958@ejemplo.com;;;;;;;;;;;;;;;;;;;;;;;;;;;;;;Vestido Ula (S);115000;1;1693;;;;;Sí;;;;;
4071;cliente_1447@ejemplo.com;05/07/2024 11:57:15;Abierta;Recibido;Enviado;ARS;110000.0;11000.0;5925.0;104925.0;;;;;;;;;;San Antonio de Padua ;;Gran Buenos Aires;Argentina;Correo Argentino Clasico - Envio a domicilio;Transferencia o depósito bancario;TODASQUEREMOSDENIM;;;05/07/2024;05/07/2024;Vestido Marilyn (XL);110000;1;;Móvil;;;;Sí;;;;;
4070;cliente_1959@ejemplo.com;05/07/2024 07:00:34;Abierta;Recibido;Enviado;ARS;110000.0;0.0;3655.0;113655.0;;;;;;;;;;Quilmes;;Gran Buenos Aires;Argentina;Punto de retiro;Mercado Pago;;;;05/07/2024;05/07/2024;Vestido Libre (M);110000;1;;Móvil;;;;Sí;;;;;
4069;cliente_1960@ejemplo.com;04/07/2024 23:57:29;Abierta;Recibido;Enviado;ARS;135000.0;0.0;5925.0;140925.0;;;;;;;;;;Merlo;;Gran Buenos Aires;Argentina;Correo Argentino Clasico - Envio a domicilio;Mercado Pago;;;;04/07/2024;05/07/2024;Catsuit Máxima (M);135000;1;1620;Móvil;;;;Sí;;;;;
4067;cliente_1961@ejemplo.com;03/07/2024 22:26:47;Abierta;Recibido;Enviado;ARS;72000.0;7200.0;3655.0;68455.0;;;;;;;;;;Almirante Brown;;Gran Buenos Aires;Argentina;Punto de retiro;Mercado Pago;TODASQUEREMOSDENIM;;;03/07/2024;04/07/2024;Vestido Juliette negro (L);72000;1;;Móvil;;;;Sí;;;;;
4065;cliente_1962@ejemplo.com;03/07/2024 18:17:23;Abierta;Recibido;Enviado;ARS;139000.0;13900.0;5000.0;130100.0;;;;;;;;;;Capital Federal;;Capital Federal;Argentina;Envio en moto CABA;Mercado Pago;TODASQUEREMOSDENIM;;;03/07/2024;05/07/2024;Overall Taylor (M);139000;1;1721;Móvil;;;;Sí;;;;;
4064;cliente_1432@ejemplo.com;03/07/2024 16:14:38;Abierta;Recibido;Enviado;ARS;143000.0;14300.0;5109.0;133809.0;;;;;;;;;;Gualeguay;;Entre Ríos;Argentina;Punto de retiro;Mercado Pago;TODASQUEREMOSDENIM;;;03/07/2024;04/07/2024;Pantalón Apolo (44);83000;1;;Móvil;;;;Sí;;;;;
4064;cliente_1432@ejemplo.com;;;;;;;;;;;;;;;;;;;;;;;;;;;;;;Chaleco Noya (XL);60000;1;;;;;;Sí;;;;;
4063;cliente_1963@ejemplo.com;03/07/2024 13:07:04;Abierta;Recibido;Enviado;ARS;147000.0;0.0;5000.0;152000.0;;;;;;;;;;Capital Federal;;Capital Federal;Argentina;Envio en moto CABA;Mercado Pago;;;;03/07/2024;05/07/2024;Overall Heidi (L);147000;1;;Móvil;;;;Sí;;;;;
4061;cliente_1964@ejemplo.com;02/07/2024 22:35:10;Abierta;Recibido;Enviado;ARS;139000.0;0.0;4810.0;143810.0;;;;;;;;;;Tinogasta;;Catamarca;Argentina;Punto de retiro;Mercado Pago;;;;02/07/2024;03/07/2024;Overall Taylor (M);139000;1;1721;Móvil;;;;Sí;;;;;
4060;cliente_1965@ejemplo.com;02/07/2024 21:50:27;Abierta;Recibido;Enviado;ARS;139000.0;0.0;5925.0;144925.0;;;;;;;;;;Merlo;;Gran Buenos Aires;Argentina;Correo Argentino Clasico - Envio a domicilio;Mercado Pago;;;;02/07/2024;03/07/2024;Overall Falon (XL);139000;1;;Móvil;;;;Sí;;;;;
4059;cliente_0383@ejemplo.com;02/07/2024 19:24:53;Abierta;Recibido;Enviado;ARS;83000.0;0.0;5925.0;88925.0;;;;;;;;;;Quilmes;;Gran Buenos Aires;Argentina;Correo Argentino Clasico - Envio a domicilio;Mercado Pago;;;;02/07/2024;03/07/2024;Pantalon LOUIS (38);83000;1;;Móvil;;;;Sí;;;;;
4058;cliente_1966@ejemplo.com;02/07/2024 17:01:45;Abierta;Recibido;Enviado;ARS;120000.0;0.0;7005.0;127005.0;;;;;;;;;;Embalse;;Córdoba;Argentina;Correo Argentino Clasico - Envio a domicilio;Mercado Pago;;;;02/07/2024;03/07/2024;Vestido Zendaya (L);120000;1;;Móvil;;;;Sí;;;;;
4057;cliente_0250@ejemplo.com;02/07/2024 14:42:38;Abierta;Recibido;Enviado;ARS;63000.0;0.0;4810.0;67810.0;;;;;;;;;;San Fernando;;Chaco;Argentina;Punto de retiro;Mercado Pago;;;;02/07/2024;03/07/2024;Corset Roma (XL);63000;1;;Móvil;;;;Sí;;;;;
4056;cliente_1967@ejemplo.com;02/07/2024 14:19:18;Abierta;Recibido;Enviado;ARS;242000.0;24200.0;0.0;217800.0;;;;;;;;;;Rawson;;San Juan;Argentina;Envio Gratis;Mercado Pago;NATI10;;;02/07/2024;03/07/2024;Vestido Fini (XL);110000;1;1761;Móvil;;;;Sí;;;;;
4056;cliente_1967@ejemplo.com;;;;;;;;;;;;;;;;;;;;;;;;;;;;;;Catsuit Olimpea (XL);132000;1;1728;;;;;Sí;;;;;
4055;cliente_1968@ejemplo.com;02/07/2024 11:22:35;Abierta;Recibido;Enviado;ARS;250000.0;0.0;0.0;250000.0;;;;;;;;;;Virreyes;;Gran Buenos Aires;Argentina;Envio Gratis;Mercado Pago;;;;02/07/2024;03/07/2024;Catsuit Lucrecia (XL);135000;1;1739;Móvil;;;;Sí;;;;;
4055;cliente_1968@ejemplo.com;;;;;;;;;;;;;;;;;;;;;;;;;;;;;;Vestido Mandy (XL);115000;1;;;;;;Sí;;;;;
4054;cliente_1969@ejemplo.com;02/07/2024 10:58:18;Abierta;Recibido;Enviado;ARS;110000.0;0.0;7005.0;117005.0;;;;;;;;;;Estación Juárez Celman;;Córdoba;Argentina;Correo Argentino Clasico - Envio a domicilio;Mercado Pago;;;;02/07/2024;02/07/2024;Vestido Francesca (XL);110000;1;1740;Móvil;;;;Sí;;;;;
4052;cliente_1970@ejemplo.com;01/07/2024 19:19:09;Abierta;Recibido;Enviado;ARS;163000.0;0.0;0.0;163000.0;;;;;;;;;;Palomar;;Gran Buenos Aires;Argentina;Envio Gratis;Mercado Pago;;;;01/07/2024;03/07/2024;Vestido New Magnolia (S);63000;1;;Móvil;;;;Sí;;;;;
4052;cliente_1970@ejemplo.com;;;;;;;;;;;;;;;;;;;;;;;;;;;;;;Vestido Keaton (S);100000;1;1711;;;;;Sí;;;;;
4050;cliente_1971@ejemplo.com;01/07/2024 15:22:18;Abierta;Recibido;Enviado;ARS;135000.0;0.0;7199.0;142199.0;;;;;;;;;;Capital;;La Pampa;Argentina;Correo Argentino Clasico - Envio a domicilio;Mercado Pago;;;;01/07/2024;03/07/2024;Catsuit Lucrecia (L);135000;1;1739;Móvil;;;;Sí;;;;;
4049;cliente_1972@ejemplo.com;30/06/2024 21:13:47;Abierta;Recibido;Enviado;ARS;110000.0;0.0;5925.0;115925.0;;;;;;;;;;Moreno;;Gran Buenos Aires;Argentina;Correo Argentino Clasico - Envio a domicilio;Mercado Pago;;;;30/06/2024;01/07/2024;Vestido Francesca (S);110000;1;1740;Móvil;;;;Sí;;;;;
4048;cliente_0654@ejemplo.com;30/06/2024 14:32:38;Abierta;Recibido;Enviado;ARS;132000.0;0.0;8239.0;140239.0;;;;;;;;;;El Calafate ;;Santa Cruz;Argentina;Correo Argentino Clasico - Envio a domicilio;Mercado Pago;;;;30/06/2024;01/07/2024;Vestido Koko (XL);132000;1;1662;Móvil;;;;Sí;;;;;
4047;cliente_1973@ejemplo.com;30/06/2024 11:43:40;Abierta;Recibido;Enviado;ARS;139000.0;0.0;4418.0;143418.0;;;;;;;;;;Capital;;Córdoba;Argentina;Punto de retiro;Mercado Pago;;;;30/06/2024;01/07/2024;Catsuit Sena (M);139000;1;;Móvil;;;;Sí;;;;;
4046;cliente_1974@ejemplo.com;29/06/2024 15:01:53;Abierta;Recibido;Enviado;ARS;120000.0;0.0;7005.0;127005.0;;;;;;;;;;Saladillo;;Buenos Aires;Argentina;Correo Argentino Clasico - Envio a domicilio;Mercado Pago;;;;29/06/2024;01/07/2024;Vestido Minerva (M);120000;1;;Móvil;;;;Sí;;;;;
4045;cliente_1975@ejemplo.com;29/06/2024 14:05:39;Abierta;Recibido;Enviado;ARS;57000.0;0.0;7005.0;64005.0;;;;;;;;;;Juarez Celman;;Córdoba;Argentina;Correo Argentino Clasico - Envio a domicilio;Mercado Pago;;;;29/06/2024;01/07/2024;Corset Ambar (L);57000;1;;Móvil;;;;Sí;;;;;
4044;cliente_0370@ejemplo.com;29/06/2024 11:35:45;Abierta;Recibido;Enviado;ARS;135000.0;0.0;3880.99;138880.99;;;;;;;;;;Vicente López;;Gran Buenos Aires;Argentina;Punto de retiro;Mercado Pago;;;;29/06/2024;01/07/2024;Catsuit Lucrecia (L);135000;1;1739;Móvil;;;;Sí;;;;;
4043;cliente_1976@ejemplo.com;28/06/2024 17:49:14;Abierta;Recibido;Enviado;ARS;365000.0;0.0;0.0;365000.0;;;;;;;;;;Posadas Misiones ;;Misiones;Argentina;Correo Argentino Clasico - Envio a domicilio;Mercado Pago;;;;28/06/2024;01/07/2024;Trench Hillary (S);245000;1;;Móvil;;;;Sí;;;;;
4043;cliente_1976@ejemplo.com;;;;;;;;;;;;;;;;;;;;;;;;;;;;;;Vestido Minerva (S);120000;1;;;;;;Sí;;;;;
4042;cliente_0406@ejemplo.com;28/06/2024 14:25:16;Abierta;Recibido;Enviado;ARS;83000.0;0.0;5000.0;88000.0;;;;;;;;;;Capital Federal;;Capital Federal;Argentina;Envio en moto CABA;Mercado Pago;;;;28/06/2024;28/06/2024;Pantalón Apolo (40);83000;1;;Web;;;;Sí;;;;;
4040;cliente_1977@ejemplo.com;28/06/2024 13:01:17;Abierta;Recibido;Enviado;ARS;245000.0;0.0;0.0;245000.0;;;;;;;;;;Juan Bautista Alberdi;;Tucumán;Argentina;Correo Argentino Clasico - Envio a domicilio;Mercado Pago;;;;28/06/2024;01/07/2024;Catsuit Felix (S);135000;1;;Móvil;;;;Sí;;;;;
4040;cliente_1977@ejemplo.com;;;;;;;;;;;;;;;;;;;;;;;;;;;;;;Vestido Catalina (S);110000;1;1751;;;;;Sí;;;;;
4039;cliente_1510@ejemplo.com;28/06/2024 12:30:41;Abierta;Recibido;Enviado;ARS;205000.0;0.0;0.0;205000.0;;;;;;;;;;Capital;;Córdoba;Argentina;Punto de retiro;Mercado Pago;;;;28/06/2024;28/06/2024;Vestido Alba (S);110000;1;;Web;;;;Sí;;;;;
4039;cliente_1510@ejemplo.com;;;;;;;;;;;;;;;;;;;;;;;;;;;;;;Vestido Opium Black (S);95000;1;;;;;;Sí;;;;;
4038;cliente_1978@ejemplo.com;28/06/2024 11:50:26;Abierta;Recibido;Enviado;ARS;120000.0;12000.0;3655.0;111655.0;;;;;;;;;;San Isidro;;Gran Buenos Aires;Argentina;Punto de retiro;Mercado Pago;NATI10;;;28/06/2024;28/06/2024;Vestido Minerva (XL);120000;1;;Móvil;;;;Sí;;;;;
4037;cliente_1420@ejemplo.com;28/06/2024 11:13:44;Abierta;Recibido;Enviado;ARS;135000.0;0.0;4418.0;139418.0;;;;;;;;;;Berisso;;Buenos Aires;Argentina;Punto de retiro;Mercado Pago;;;;28/06/2024;28/06/2024;Catsuit Felix (XL);135000;1;;Móvil;;;;Sí;;;;;
4036;cliente_0309@ejemplo.com;28/06/2024 08:50:47;Abierta;Recibido;Enviado;ARS;110000.0;0.0;7586.0;117586.0;;;;;;;;;;San Juan ;;San Juan;Argentina;Correo Argentino Clasico - Envio a domicilio;Mercado Pago;;;;28/06/2024;28/06/2024;Vestido Fini (XL);110000;1;1761;Móvil;;;;Sí;;;;;
4035;cliente_1979@ejemplo.com;28/06/2024 08:34:46;Abierta;Recibido;Enviado;ARS;210000.0;21000.0;0.0;189000.0;;;;;;;;;;Capital Federal;;Capital Federal;Argentina;Punto de retiro;Mercado Pago;NATI10;;;28/06/2024;28/06/2024;Vestido Minerva (S);120000;1;;Móvil;;;;Sí;;;;;
4035;cliente_1979@ejemplo.com;;;;;;;;;;;;;;;;;;;;;;;;;;;;;;Vestido Magda (S);90000;1;1725;;;;;Sí;;;;;
4034;cliente_1980@ejemplo.com;28/06/2024 00:37:37;Abierta;Recibido;Enviado;ARS;175000.0;0.0;0.0;175000.0;;;;;;;;;;Plaza Huincul;;Neuquén;Argentina;Correo Argentino Clasico - Envio a domicilio;Mercado Pago;;;;28/06/2024;28/06/2024;Vestido Angel (L);80000;1;;Móvil;;;;Sí;;;;;
4034;cliente_1980@ejemplo.com;;;;;;;;;;;;;;;;;;;;;;;;;;;;;;Vestido Opium Black (L);95000;1;;;;;;Sí;;;;;
4033;cliente_1981@ejemplo.com;27/06/2024 21:33:27;Abierta;Recibido;Enviado;ARS;120000.0;0.0;5925.0;125925.0;;;;;;;;;;Capital Federal;;Gran Buenos Aires;Argentina;Correo Argentino Clasico - Envio a domicilio;Mercado Pago;;;;27/06/2024;28/06/2024;Vestido Minerva (L);120000;1;;Móvil;;;;Sí;;;;;
4031;cliente_1982@ejemplo.com;27/06/2024 16:58:01;Abierta;Recibido;Enviado;ARS;170000.0;0.0;0.0;170000.0;;;;;;;;;;Avellaneda ;;Gran Buenos Aires;Argentina;Correo Argentino Clasico - Envio a domicilio;Mercado Pago;;;;27/06/2024;28/06/2024;Vestido Libre (XL);110000;1;;Móvil;;;;Sí;;;;;
4031;cliente_1982@ejemplo.com;;;;;;;;;;;;;;;;;;;;;;;;;;;;;;Chaleco Noya (XL);60000;1;;;;;;Sí;;;;;
4029;cliente_1283@ejemplo.com;25/06/2024 16:31:57;Abierta;Recibido;Enviado;ARS;100000.0;0.0;6589.0;106589.0;;;;;;;;;;Salta ;;Salta;Argentina;Correo Argentino Clasico - Envio a domicilio;Mercado Pago;;;;25/06/2024;26/06/2024;Vestido Many (L);100000;1;;Móvil;;;;Sí;;;;;
4028;cliente_1825@ejemplo.com;25/06/2024 16:23:07;Abierta;Recibido;Enviado;ARS;110000.0;0.0;5533.0;115533.0;;;;;;;;;;Merlo;;Gran Buenos Aires;Argentina;Correo Argentino Clasico - Envio a domicilio;Mercado Pago;;;;25/06/2024;26/06/2024;Vestido Alba (XL);110000;1;;Móvil;;;;Sí;;;;;
4027;cliente_1983@ejemplo.com;25/06/2024 14:32:20;Abierta;Recibido;Enviado;ARS;120000.0;0.0;7005.0;127005.0;;;;;;;;;;Bahia blanca;;Buenos Aires;Argentina;Correo Argentino Clasico - Envio a domicilio;Mercado Pago;;;;25/06/2024;26/06/2024;Vestido Minerva (XL);120000;1;;Móvil;;;;Sí;;;;;
4024;cliente_1984@ejemplo.com;24/06/2024 21:53:24;Abierta;Recibido;Enviado;ARS;110000.0;0.0;5000.0;115000.0;;;;;;;;;;Capital Federal;;Capital Federal;Argentina;Envio en moto CABA;Mercado Pago;;;;24/06/2024;26/06/2024;Vestido Libre (S);110000;1;;Móvil;;;;Sí;;;;;
4023;cliente_1985@ejemplo.com;24/06/2024 19:49:15;Abierta;Recibido;Enviado;ARS;176000.0;0.0;0.0;176000.0;;;;;;;;;;Quilmes Oeste;;Gran Buenos Aires;Argentina;Correo Argentino Clasico - Envio a domicilio;Mercado Pago;;;;24/06/2024;25/06/2024;Catsuit Venezia (XL);119000;1;;Web;;;;Sí;;;;;
4023;cliente_1985@ejemplo.com;;;;;;;;;;;;;;;;;;;;;;;;;;;;;;Corset Ambar (XL);57000;1;;;;;;Sí;;;;;
4022;cliente_0170@ejemplo.com;24/06/2024 19:46:26;Abierta;Recibido;Enviado;ARS;110000.0;0.0;3655.0;113655.0;;;;;;;;;;Escobar;;Gran Buenos Aires;Argentina;Punto de retiro;Mercado Pago;;;;24/06/2024;03/07/2024;Vestido Fini (S);110000;1;1761;Móvil;;;;Sí;;;;;
4021;cliente_1986@ejemplo.com;24/06/2024 11:40:38;Abierta;Recibido;Enviado;ARS;132000.0;0.0;5925.0;137925.0;;;;;;;;;;Buenos Aires;;Gran Buenos Aires;Argentina;Correo Argentino Clasico - Envio a domicilio;Mercado Pago;;;;24/06/2024;05/07/2024;Catsuit Olimpea (L);132000;1;1728;Móvil;;;;Sí;;;;;
4020;cliente_0671@ejemplo.com;23/06/2024 18:38:20;Abierta;Recibido;Enviado;ARS;120000.0;0.0;5000.0;125000.0;;;;;;;;;;Capital Federal;;Capital Federal;Argentina;Envio en moto CABA;Mercado Pago;;;;23/06/2024;07/02/2025;Vestido Minerva (XL);120000;1;;Móvil;;;;Sí;;;;;
4019;cliente_1987@ejemplo.com;23/06/2024 12:10:42;Abierta;Recibido;Enviado;ARS;100000.0;0.0;5925.0;105925.0;;;;;;;;;;Pilar;;Gran Buenos Aires;Argentina;Correo Argentino Clasico - Envio a domicilio;Mercado Pago;;;;23/06/2024;24/06/2024;Vestido Keaton (M);100000;1;1711;Móvil;;;;Sí;;;;;
4018;cliente_1315@ejemplo.com;23/06/2024 10:06:32;Abierta;Recibido;Enviado;ARS;90000.0;0.0;7586.0;97586.0;;;;;;;;;;Cutral Co;;Neuquén;Argentina;Correo Argentino Clasico - Envio a domicilio;Mercado Pago;;;;23/06/2024;24/06/2024;Vestido Atenea;90000;1;;Móvil;;;;Sí;;;;;
4017;cliente_0120@ejemplo.com;23/06/2024 10:00:50;Abierta;Recibido;Enviado;ARS;120000.0;0.0;6454.0;126454.0;;;;;;;;;;Nordelta tigre;;Gran Buenos Aires;Argentina;Correo Argentino Clasico - Envio a domicilio;Mercado Pago;;;;23/06/2024;24/06/2024;Corset Roma (L);63000;1;;Móvil;;;;Sí;;;;;
4017;cliente_0120@ejemplo.com;;;;;;;;;;;;;;;;;;;;;;;;;;;;;;Corset Ambar (L);57000;1;;;;;;Sí;;;;;
4016;cliente_0167@ejemplo.com;22/06/2024 21:52:29;Abierta;Recibido;Enviado;ARS;110000.0;0.0;7586.0;117586.0;;;;;;;;;;Lujan De Cuyo;;Mendoza;Argentina;Correo Argentino Clasico - Envio a domicilio;Mercado Pago;;;;22/06/2024;24/06/2024;Vestido Sofia (L);110000;1;;Móvil;;;;Sí;;;;;
4014;cliente_1510@ejemplo.com;22/06/2024 18:51:32;Abierta;Recibido;Enviado;ARS;203000.0;0.0;0.0;203000.0;;;;;;;;;;Capital;;Córdoba;Argentina;Punto de retiro;Mercado Pago;;;;22/06/2024;26/06/2024;Vestido Zendaya (S);120000;1;;Web;;;;Sí;;;;;
4014;cliente_1510@ejemplo.com;;;;;;;;;;;;;;;;;;;;;;;;;;;;;;Pantalon Zara acid (36);83000;1;;;;;;Sí;;;;;
4013;cliente_1988@ejemplo.com;22/06/2024 11:09:32;Abierta;Recibido;Enviado;ARS;135000.0;0.0;3655.0;138655.0;;;;;;;;;;Moron;;Gran Buenos Aires;Argentina;Punto de retiro;Transferencia o depósito bancario;;;;24/06/2024;24/06/2024;Catsuit Máxima (M);135000;1;1620;Móvil;;;;Sí;;;;;
4010;cliente_1989@ejemplo.com;21/06/2024 11:19:46;Abierta;Recibido;Enviado;ARS;145000.0;0.0;5925.0;150925.0;;;;;;;;;;Vicente López;;Gran Buenos Aires;Argentina;Correo Argentino Clasico - Envio a domicilio;Mercado Pago;;;;21/06/2024;24/06/2024;Overall Taylor (M);145000;1;1721;Móvil;;;;Sí;;;;;
4009;cliente_1990@ejemplo.com;21/06/2024 09:21:15;Abierta;Recibido;Enviado;ARS;123700.0;0.0;7005.0;130705.0;;;;;;;;;;Capital;;Córdoba;Argentina;Correo Argentino Clasico - Envio a domicilio;Mercado Pago;;;;21/06/2024;26/06/2024;Vestido Zendaya (XL);123700;1;;Móvil;;;;Sí;;;;;
4008;cliente_1991@ejemplo.com;21/06/2024 08:21:23;Abierta;Recibido;Enviado;ARS;95000.0;0.0;5925.0;100925.0;;;;;;;;;;San Isidro;;Gran Buenos Aires;Argentina;Correo Argentino Clasico - Envio a domicilio;Mercado Pago;;;;21/06/2024;24/06/2024;Vestido Francesca (M);95000;1;1740;Móvil;;;;Sí;;;;;
4007;cliente_1992@ejemplo.com;20/06/2024 23:10:53;Abierta;Recibido;Enviado;ARS;135000.0;0.0;7005.0;142005.0;;;;;;;;;;Alcorta ;;Santa Fe;Argentina;Correo Argentino Clasico - Envio a domicilio;Mercado Pago;;;;20/06/2024;24/06/2024;Catsuit Máxima (L);135000;1;1620;Móvil;;;;Sí;;;;;
4005;cliente_1993@ejemplo.com;20/06/2024 10:47:13;Abierta;Recibido;Enviado;ARS;147000.0;0.0;0.0;147000.0;;;;;;;;;;Tres de Febrero;;Gran Buenos Aires;Argentina;Correo Argentino Clasico - Envio a domicilio;Mercado Pago;;;;20/06/2024;24/06/2024;Overall Heidi (L);147000;1;;Móvil;;;;Sí;;;;;
4004;cliente_1681@ejemplo.com;20/06/2024 10:06:31;Abierta;Recibido;Enviado;ARS;83000.0;8300.0;5925.0;80625.0;;;;;;;;;;Quilmes;;Gran Buenos Aires;Argentina;Correo Argentino Clasico - Envio a domicilio;Mercado Pago;TODASQUEREMOSDENIM;;;20/06/2024;24/06/2024;Pantalon Zara acid (36);83000;1;;Móvil;;;;Sí;;;;;
4003;cliente_1994@ejemplo.com;19/06/2024 22:06:18;Abierta;Recibido;Enviado;ARS;120000.0;12000.0;7005.0;115005.0;;;;;;;;;;San Francisco ;;Cordoba;Argentina;Correo Argentino Clasico - Envio a domicilio;Mercado Pago;TODASQUEREMOSDENIM;;;19/06/2024;24/06/2024;Vestido Selene (S);120000;1;;Móvil;;;;Sí;;;;;
4002;cliente_1995@ejemplo.com;19/06/2024 18:43:44;Abierta;Recibido;Enviado;ARS;95000.0;9500.0;7005.0;92505.0;;;;;;;;;;La Plata;;Buenos Aires;Argentina;Correo Argentino Clasico - Envio a domicilio;Mercado Pago;TODASQUEREMOSDENIM;;;19/06/2024;24/06/2024;Vestido Francesca (S);95000;1;1740;Móvil;;;;Sí;;;;;
4001;cliente_1996@ejemplo.com;19/06/2024 18:19:04;Abierta;Recibido;Enviado;ARS;126000.0;0.0;0.0;126000.0;;;;;;;;;;Avellaneda ;;Gran Buenos Aires;Argentina;Correo Argentino Clasico - Envio a domicilio;Mercado Pago;;;;19/06/2024;24/06/2024;Vestido Minerva (XL);126000;1;;Móvil;;;;Sí;;;;;
4000;cliente_1997@ejemplo.com;19/06/2024 13:20:59;Abierta;Recibido;Enviado;ARS;135000.0;0.0;0.0;135000.0;;;;;;;;;;Nogoyá ;;Entre Ríos;Argentina;Correo Argentino Clasico - Envio a domicilio;Mercado Pago;;;;19/06/2024;19/06/2024;Catsuit Máxima (S);135000;1;1620;Móvil;;;;Sí;;;;;
3999;cliente_1998@ejemplo.com;19/06/2024 10:30:18;Abierta;Recibido;Enviado;ARS;78000.0;7800.0;5925.0;76125.0;;;;;;;;;;Moron;;Gran Buenos Aires;Argentina;Correo Argentino Clasico - Envio a domicilio;Mercado Pago;NATI10;;;19/06/2024;19/06/2024;Pantalón Fiona (XL);78000;1;;Móvil;;;;Sí;;;;;
3997;cliente_0696@ejemplo.com;19/06/2024 08:25:18;Abierta;Recibido;Enviado;ARS;129000.0;12900.0;7005.0;123105.0;;;;;;;;;;9 de Julio;;Buenos Aires;Argentina;Correo Argentino Clasico - Envio a domicilio;Mercado Pago;TODASQUEREMOSDENIM;;;19/06/2024;19/06/2024;Catsuit Antonella (M);129000;1;1737;Móvil;;;;Sí;;;;;
3980;cliente_1999@ejemplo.com;11/06/2024 13:57:29;Abierta;Recibido;Enviado;ARS;120000.0;0.0;5000.0;125000.0;;;;;;;;;;Capital Federal;;Capital Federal;Argentina;Envio en moto CABA;Mercado Pago;;;;11/06/2024;18/06/2024;Vestido Selene (L);120000;1;;Móvil;;;;Sí;;;;;
3978;cliente_2000@ejemplo.com;10/06/2024 22:03:56;Abierta;Recibido;Enviado;ARS;126000.0;0.0;7005.0;133005.0;;;;;;;;;;Capital;;Córdoba;Argentina;Correo Argentino Clasico - Envio a domicilio;Mercado Pago;;;;10/06/2024;11/06/2024;Vestido Minerva (M);126000;1;;Móvil;;;;Sí;;;;;
3977;cliente_2001@ejemplo.com;10/06/2024 18:22:50;Abierta;Recibido;Enviado;ARS;126000.0;0.0;7586.0;133586.0;;;;;;;;;;San Luis ;;San Luis;Argentina;Correo Argentino Clasico - Envio a domicilio;Transferencia o depósito bancario;;;;11/06/2024;11/06/2024;Vestido Minerva (L);126000;1;;Móvil;;;;Sí;;;;;
3975;cliente_2002@ejemplo.com;09/06/2024 17:13:31;Abierta;Recibido;Enviado;ARS;79000.0;0.0;3655.0;82655.0;;;;;;;;;;Hurlingham;;Gran Buenos Aires;Argentina;Punto de retiro;Mercado Pago;;;;09/06/2024;10/06/2024;Falda Irina (M);79000;1;;Móvil;;;;Sí;;;;;
3973;cliente_1681@ejemplo.com;08/06/2024 20:34:31;Abierta;Recibido;Enviado;ARS;94000.0;0.0;3655.0;97655.0;;;;;;;;;;Quilmes;;Gran Buenos Aires;Argentina;Punto de retiro;Mercado Pago;;;;08/06/2024;10/06/2024;Vestido Valentino (S);94000;1;;Móvil;;;;Sí;;;;;
3972;cliente_2003@ejemplo.com;08/06/2024 19:01:01;Abierta;Recibido;Enviado;ARS;78000.0;0.0;7586.0;85586.0;;;;;;;;;;Tafí Viejo;;Tucumán;Argentina;Correo Argentino Clasico - Envio a domicilio;Mercado Pago;;;;08/06/2024;10/06/2024;Pantalón Fiona (XL);78000;1;;Móvil;;;;Sí;;;;;
3971;cliente_2004@ejemplo.com;07/06/2024 20:44:07;Abierta;Recibido;Enviado;ARS;259000.0;0.0;3880.99;262880.99;;;;;;;;;;Capital Federal;;Capital Federal;Argentina;Punto de retiro;Mercado Pago;;;;07/06/2024;10/06/2024;Overall Falon (L);140000;1;;Móvil;;;;Sí;;;;;
3971;cliente_2004@ejemplo.com;;;;;;;;;;;;;;;;;;;;;;;;;;;;;;Vestido Silvie (M);119000;1;;;;;;Sí;;;;;
3970;cliente_2005@ejemplo.com;07/06/2024 19:46:59;Abierta;Recibido;Enviado;ARS;75000.0;0.0;7005.0;82005.0;;;;;;;;;;San Francisco ;;Cordoba;Argentina;Correo Argentino Clasico - Envio a domicilio;Mercado Pago;;;;07/06/2024;10/06/2024;Vestido Angel (L);75000;1;;Móvil;;;;Sí;;;;;
3969;cliente_2006@ejemplo.com;07/06/2024 16:40:52;Abierta;Recibido;Enviado;ARS;120000.0;0.0;7640.0;127640.0;;;;;;;;;;Salta capital ;;Salta;Argentina;Correo Argentino Clasico - Envio a domicilio;Mercado Pago;;;;07/06/2024;10/06/2024;Vestido Selene (S);120000;1;;Móvil;;;;Sí;;;;;
3968;cliente_2007@ejemplo.com;07/06/2024 16:04:42;Abierta;Recibido;Enviado;ARS;145000.0;0.0;7199.0;152199.0;;;;;;;;;;Rosario;;Santa Fe;Argentina;Correo Argentino Clasico - Envio a domicilio;Mercado Pago;;;;07/06/2024;10/06/2024;Catsuit Lucrecia (XL);145000;1;1739;Web;;;;Sí;;;;;
3967;cliente_2008@ejemplo.com;06/06/2024 15:24:43;Abierta;Recibido;Enviado;ARS;79800.0;0.0;7586.0;87386.0;;;;;;;;;;Barreal-Calingasta;;San Juan;Argentina;Correo Argentino Clasico - Envio a domicilio;Mercado Pago;;;;06/06/2024;07/06/2024;Deonisio (46);79800;1;;Móvil;;;;Sí;;;;;
3966;cliente_2009@ejemplo.com;06/06/2024 11:29:12;Abierta;Recibido;Enviado;ARS;95000.0;0.0;3655.0;98655.0;;;;;;;;;;San Isidro;;Gran Buenos Aires;Argentina;Punto de retiro;Mercado Pago;;;;06/06/2024;06/06/2024;Vestido Francesca (L);95000;1;1740;Móvil;;;;Sí;;;;;
3965;cliente_1567@ejemplo.com;06/06/2024 10:46:44;Abierta;Recibido;Enviado;ARS;95000.0;0.0;4810.0;99810.0;;;;;;;;;;Confluencia;;Neuquén;Argentina;Punto de retiro;Mercado Pago;;;;06/06/2024;06/06/2024;Vestido Francesca (L);95000;1;1740;Móvil;;;;Sí;;;;;
3964;cliente_0813@ejemplo.com;05/06/2024 17:37:47;Abierta;Recibido;Enviado;ARS;135000.0;0.0;5000.0;140000.0;;;;;;;;;;Capital Federal;;Capital Federal;Argentina;Envio en moto CABA;Mercado Pago;;;;05/06/2024;06/06/2024;Catsuit Máxima (S);135000;1;1620;Móvil;;;;Sí;;;;;
3963;cliente_2010@ejemplo.com;05/06/2024 14:41:34;Abierta;Recibido;Enviado;ARS;79800.0;0.0;7586.0;87386.0;;;;;;;;;;San Miguel de Tucumán;;Tucumán;Argentina;Correo Argentino Clasico - Envio a domicilio;Mercado Pago;;;;05/06/2024;06/06/2024;Deonisio (46);79800;1;;Móvil;;;;Sí;;;;;
3962;cliente_2011@ejemplo.com;05/06/2024 11:59:21;Abierta;Recibido;Enviado;ARS;145000.0;0.0;7819.0;152819.0;;;;;;;;;;Capital;;Corrientes;Argentina;Correo Argentino Clasico - Envio a domicilio;Mercado Pago;;;;05/06/2024;05/06/2024;Catsuit Lucrecia (S);145000;1;1739;Móvil;;;;Sí;;;;;
3961;cliente_2012@ejemplo.com;05/06/2024 10:45:17;Abierta;Recibido;Enviado;ARS;92000.0;0.0;4810.0;96810.0;;;;;;;;;;Leandro N. Alem;;Misiones;Argentina;Punto de retiro;Mercado Pago;;;;05/06/2024;05/06/2024;Vestido Sofia (XL);92000;1;;Móvil;;;;Sí;;;;;
3958;cliente_2013@ejemplo.com;04/06/2024 09:51:34;Abierta;Recibido;Enviado;ARS;218000.0;0.0;7199.0;225199.0;;;;;;;;;;Alcorta;;Santa Fe;Argentina;Correo Argentino Clasico - Envio a domicilio;Mercado Pago;;;;04/06/2024;04/06/2024;Catsuit Máxima (L);135000;1;1620;Móvil;;;;Sí;;;;;
3958;cliente_2013@ejemplo.com;;;;;;;;;;;;;;;;;;;;;;;;;;;;;;Pantalon Zara blue (44);83000;1;;;;;;Sí;;;;;
3957;cliente_2014@ejemplo.com;03/06/2024 12:39:04;Abierta;Recibido;Enviado;ARS;132000.0;0.0;4418.0;136418.0;;;;;;;;;;Rosario;;Santa Fe;Argentina;Punto de retiro;Mercado Pago;;;;03/06/2024;04/06/2024;Overall Falon (XL);132000;1;;Móvil;;;;Sí;;;;;
3955;cliente_0815@ejemplo.com;03/06/2024 09:14:25;Abierta;Recibido;Enviado;ARS;342000.0;0.0;5000.0;347000.0;;;;;;;;;;Capital Federal;;Capital Federal;Argentina;Envio en moto CABA;Mercado Pago;;;;03/06/2024;04/06/2024;Overall Taylor (XL);132000;1;1721;Móvil;;;;Sí;;;;;
3955;cliente_0815@ejemplo.com;;;;;;;;;;;;;;;;;;;;;;;;;;;;;;Trench Hillary (L);210000;1;;;;;;Sí;;;;;
3954;cliente_2015@ejemplo.com;02/06/2024 22:04:32;Abierta;Recibido;Enviado;ARS;94000.0;0.0;4810.0;98810.0;;;;;;;;;;Capital;;Misiones;Argentina;Punto de retiro;Mercado Pago;;;;02/06/2024;03/06/2024;Vestido Valentino (L);94000;1;;Móvil;;;;Sí;;;;;
3952;cliente_2015@ejemplo.com;02/06/2024 20:14:19;Abierta;Recibido;Enviado;ARS;91800.0;0.0;4810.0;96610.0;;;;;;;;;;Capital;;Misiones;Argentina;Punto de retiro;Mercado Pago;;;;02/06/2024;03/06/2024;Vestido Francesca (M);91800;1;1740;Móvil;;;;Sí;;;;;
3951;cliente_0559@ejemplo.com;02/06/2024 19:54:16;Abierta;Recibido;Enviado;ARS;110000.0;0.0;3655.0;113655.0;;;;;;;;;;Tres de Febrero;;Gran Buenos Aires;Argentina;Punto de retiro;Transferencia o depósito bancario;;;;03/06/2024;03/06/2024;Vestido Ula (M);110000;1;1693;Móvil;;;;Sí;;;;;
3950;cliente_2016@ejemplo.com;02/06/2024 19:40:02;Abierta;Recibido;Enviado;ARS;223100.0;0.0;6454.0;229554.0;;;;;;;;;;Pilar;;Gran Buenos Aires;Argentina;Correo Argentino Clasico - Envio a domicilio;Mercado Pago;;;;02/06/2024;03/06/2024;Vestido Alba (XL);98000;1;;Móvil;;;;Sí;;;;;
3950;cliente_2016@ejemplo.com;;;;;;;;;;;;;;;;;;;;;;;;;;;;;;Catsuit Felix (XL);125100;1;;;;;;Sí;;;;;
3949;cliente_2017@ejemplo.com;02/06/2024 10:57:26;Abierta;Recibido;Enviado;ARS;83000.0;0.0;7586.0;90586.0;;;;;;;;;;San Miguel de Tucumán;;Tucumán;Argentina;Correo Argentino Clasico - Envio a domicilio;Mercado Pago;;;;02/06/2024;03/06/2024;Pantalon Zara blue (36);83000;1;;Móvil;;;;Sí;;;;;
3948;cliente_2018@ejemplo.com;02/06/2024 09:26:27;Abierta;Recibido;Enviado;ARS;125100.0;0.0;4418.0;129518.0;;;;;;;;;;Rosario;;Santa Fe;Argentina;Punto de retiro;Mercado Pago;;;;02/06/2024;03/06/2024;Catsuit Felix (L);125100;1;;Móvil;;;;Sí;;;;;
3946;cliente_1747@ejemplo.com;31/05/2024 09:31:14;Abierta;Recibido;Enviado;ARS;91800.0;0.0;7005.0;98805.0;;;;;;;;;;Roaario;;Santa Fe;Argentina;Correo Argentino Clasico - Envio a domicilio;Mercado Pago;;;;31/05/2024;31/05/2024;Vestido Francesca (L);91800;1;1740;Móvil;;;;Sí;;;;;
3945;cliente_2019@ejemplo.com;31/05/2024 09:24:47;Abierta;Recibido;Enviado;ARS;196500.0;0.0;6454.0;202954.0;;;;;;;;;;Tres de Febrero;;Gran Buenos Aires;Argentina;Correo Argentino Clasico - Envio a domicilio;Mercado Pago;;;;31/05/2024;31/05/2024;Vestido Angel (L);75000;1;;Móvil;;;;Sí;;;;;
3945;cliente_2019@ejemplo.com;;;;;;;;;;;;;;;;;;;;;;;;;;;;;;Catsuit Máxima (XL);121500;1;1620;;;;;Sí;;;;;
3944;cliente_2020@ejemplo.com;30/05/2024 11:08:42;Abierta;Recibido;Enviado;ARS;135000.0;0.0;4418.0;139418.0;;;;;;;;;;La Plata;;Buenos Aires;Argentina;Punto de retiro;Mercado Pago;;;;30/05/2024;30/05/2024;Overall Donatella (XL);135000;1;;Móvil;;;;Sí;;;;;
3943;cliente_1826@ejemplo.com;29/05/2024 21:32:19;Abierta;Recibido;Enviado;ARS;126000.0;0.0;4418.0;130418.0;;;;;;;;;;Punilla;;Córdoba;Argentina;Punto de retiro;Mercado Pago;;;;29/05/2024;30/05/2024;Vestido Minerva (L);126000;1;;Móvil;;;;Sí;;;;;
3942;cliente_0919@ejemplo.com;29/05/2024 18:57:57;Abierta;Recibido;Enviado;ARS;135000.0;0.0;3655.0;138655.0;;;;;;;;;;Capital Federal;;Capital Federal;Argentina;Punto de retiro;Mercado Pago;;;;29/05/2024;30/05/2024;Overall Donatella (M);135000;1;;Web;;;;Sí;;;;;
3941;cliente_1458@ejemplo.com;29/05/2024 15:31:25;Abierta;Recibido;Enviado;ARS;95000.0;0.0;4418.0;99418.0;;;;;;;;;;Capital;;Córdoba;Argentina;Punto de retiro;Transferencia o depósito bancario;;;;30/05/2024;30/05/2024;Catsuit Bora negro (M);95000;1;1679;Móvil;;;;Sí;;;;;
3940;cliente_2021@ejemplo.com;29/05/2024 14:53:15;Abierta;Recibido;Enviado;ARS;135000.0;0.0;5000.0;140000.0;;;;;;;;;;Capital Federal;;Capital Federal;Argentina;Envio en moto CABA;Mercado Pago;;;;29/05/2024;31/05/2024;Overall Heidi (S);135000;1;;Móvil;;;;Sí;;;;;
3939;cliente_2022@ejemplo.com;28/05/2024 18:21:58;Abierta;Recibido;Enviado;ARS;135000.0;0.0;3655.0;138655.0;;;;;;;;;;Moreno;;Gran Buenos Aires;Argentina;Punto de retiro;Mercado Pago;;;;28/05/2024;30/05/2024;Overall Donatella (XL);135000;1;;Móvil;;;;Sí;;;;;
3938;cliente_2023@ejemplo.com;28/05/2024 17:31:20;Abierta;Recibido;Enviado;ARS;126000.0;0.0;5003.0;131003.0;;;;;;;;;;Guer Aike;;Santa Cruz;Argentina;Punto de retiro;Mercado Pago;;;;28/05/2024;30/05/2024;Catsuit Olimpea (L);126000;1;1728;Móvil;;;;Sí;;;;;
3937;cliente_1813@ejemplo.com;28/05/2024 16:17:19;Abierta;Recibido;Enviado;ARS;60300.0;0.0;5003.0;65303.0;;;;;;;;;;Corpen Aike;;Santa Cruz;Argentina;Punto de retiro;Mercado Pago;;;;28/05/2024;30/05/2024;Falda Zoe (M);60300;1;;Móvil;;;;Sí;;;;;
3936;cliente_0345@ejemplo.com;28/05/2024 14:41:43;Abierta;Recibido;Enviado;ARS;110000.0;0.0;7640.0;117640.0;;;;;;;;;;Chubut;;Chubut;Argentina;Correo Argentino Clasico - Envio a domicilio;Mercado Pago;;;;28/05/2024;30/05/2024;Vestido Silvie (L);110000;1;;Móvil;;;;Sí;;;;;
3935;cliente_2024@ejemplo.com;28/05/2024 13:11:21;Abierta;Recibido;Enviado;ARS;125100.0;0.0;7640.0;132740.0;;;;;;;;;;Rio gallegos ;;Santa Cruz;Argentina;Correo Argentino Clasico - Envio a domicilio;Mercado Pago;;;;29/05/2024;29/05/2024;Catsuit Felix (XL);125100;1;;Móvil;;;;Sí;;;;;
3934;cliente_2025@ejemplo.com;28/05/2024 09:11:03;Abierta;Recibido;Enviado;ARS;126000.0;0.0;6454.0;132454.0;;;;;;;;;;Dique Lujan;;Gran Buenos Aires;Argentina;Correo Argentino Clasico - Envio a domicilio;Mercado Pago;;;;28/05/2024;28/05/2024;Corset Idole (XL);51000;1;;Móvil;;;;Sí;;;;;
3934;cliente_2025@ejemplo.com;;;;;;;;;;;;;;;;;;;;;;;;;;;;;;Vestido Angel (XL);75000;1;;;;;;Sí;;;;;
3933;cliente_2010@ejemplo.com;28/05/2024 06:25:37;Abierta;Recibido;Enviado;ARS;162800.0;0.0;7819.0;170619.0;;;;;;;;;;San Miguel de Tucumán;;Tucumán;Argentina;Correo Argentino Clasico - Envio a domicilio;Mercado Pago;;;;29/05/2024;31/05/2024;Pantalon Deonisio (46);79800;1;;Móvil;;;;Sí;;;;;
3933;cliente_2010@ejemplo.com;;;;;;;;;;;;;;;;;;;;;;;;;;;;;;Pantalon Zara blue (46);83000;1;;;;;;Sí;;;;;
3932;cliente_2026@ejemplo.com;27/05/2024 18:10:15;Abierta;Recibido;Enviado;ARS;216900.0;0.0;5109.0;222009.0;;;;;;;;;;Paraná;;Entre Ríos;Argentina;Punto de retiro;Mercado Pago;;;;27/05/2024;28/05/2024;Vestido Francesca (M);91800;1;1740;Web;;;;Sí;;;;;
3932;cliente_2026@ejemplo.com;;;;;;;;;;;;;;;;;;;;;;;;;;;;;;Catsuit Felix (M);125100;1;;;;;;Sí;;;;;
3931;cliente_2027@ejemplo.com;27/05/2024 16:14:24;Abierta;Recibido;Enviado;ARS;76000.0;0.0;3655.0;79655.0;;;;;;;;;;Vicente López;;Gran Buenos Aires;Argentina;Punto de retiro;Mercado Pago;;;;27/05/2024;28/05/2024;Camisaco Tatiana (M);76000;1;;Web;;;;Sí;;;;;
3930;cliente_1366@ejemplo.com;27/05/2024 09:28:58;Abierta;Recibido;Enviado;ARS;83000.0;0.0;5925.0;88925.0;;;;;;;;;;Lomas de Zamora;;Gran Buenos Aires;Argentina;Correo Argentino Clasico - Envio a domicilio;Mercado Pago;;;;29/05/2024;29/05/2024;Pantalon Zara acid (36);83000;1;;Móvil;;;;Sí;;;;;
3926;cliente_2028@ejemplo.com;26/05/2024 22:34:52;Abierta;Recibido;Enviado;ARS;126000.0;0.0;3655.0;129655.0;;;;;;;;;;General San Martin;;Gran Buenos Aires;Argentina;Punto de retiro;Mercado Pago;;;;26/05/2024;28/05/2024;Overall Donatella (L);126000;1;;Móvil;;;;Sí;;;;;
3923;cliente_2029@ejemplo.com;26/05/2024 15:31:06;Abierta;Recibido;Enviado;ARS;76500.0;0.0;5925.0;82425.0;;;;;;;;;;Del viso , pilar;;Gran Buenos Aires;Argentina;Correo Argentino Clasico - Envio a domicilio;Mercado Pago;;;;26/05/2024;28/05/2024;Pantalon Zara acid (40);76500;1;;Móvil;;;;Sí;;;;;
3921;cliente_2030@ejemplo.com;25/05/2024 21:49:57;Abierta;Recibido;Enviado;ARS;76500.0;0.0;5925.0;82425.0;;;;;;;;;;Zárate ;;Buenos Aires;Argentina;Correo Argentino Clasico - Envio a domicilio;Mercado Pago;;;;25/05/2024;28/05/2024;Pantalon Zara blue (44);76500;1;;Móvil;;;;Sí;;;;;
3920;cliente_0818@ejemplo.com;25/05/2024 20:35:57;Abierta;Recibido;Enviado;ARS;123700.0;0.0;7005.0;130705.0;;;;;;;;;;Córdoba Capital ;;Córdoba;Argentina;Correo Argentino Clasico - Envio a domicilio;Mercado Pago;;;;25/05/2024;26/06/2024;Vestido Zendaya PREVENTA (S);123700;1;;Móvil;;;;Sí;;;;;
3919;cliente_2031@ejemplo.com;25/05/2024 11:43:02;Abierta;Recibido;Enviado;ARS;81000.0;0.0;4418.0;85418.0;;;;;;;;;;Rosario;;Santa Fe;Argentina;Punto de retiro;Mercado Pago;;;;25/05/2024;28/05/2024;Vestido Olivia (XL);81000;1;1718;Móvil;;;;Sí;;;;;
3918;cliente_1078@ejemplo.com;25/05/2024 10:53:49;Abierta;Recibido;Enviado;ARS;126000.0;0.0;7005.0;133005.0;;;;;;;;;;Brandsen;;Buenos Aires;Argentina;Correo Argentino Clasico - Envio a domicilio;Mercado Pago;;;;26/05/2024;28/05/2024;Catsuit Olimpea (XL);126000;1;1728;Móvil;;;;Sí;;;;;
3917;cliente_2032@ejemplo.com;24/05/2024 07:03:25;Abierta;Recibido;Enviado;ARS;100800.0;0.0;7586.0;108386.0;;;;;;;;;;El Colorado ;;Formosa;Argentina;Correo Argentino Clasico - Envio a domicilio;Transferencia o depósito bancario;;;;24/05/2024;24/05/2024;Catsuit Venezia (XL);100800;1;;Móvil;;;;Sí;;;;;
3916;cliente_2033@ejemplo.com;23/05/2024 18:55:27;Abierta;Recibido;Enviado;ARS;76500.0;0.0;4418.0;80918.0;;;;;;;;;;Calamuchita;;Córdoba;Argentina;Punto de retiro;Mercado Pago;;;;23/05/2024;24/05/2024;Pantalón Apolo (44);76500;1;;Móvil;;;;Sí;;;;;
3915;cliente_1394@ejemplo.com;23/05/2024 18:31:38;Abierta;Recibido;Enviado;ARS;297000.0;0.0;6282.0;303282.0;;;;;;;;;;Confluencia;;Neuquén;Argentina;Punto de retiro;Mercado Pago;;;;23/05/2024;24/05/2024;Trench Hillary (S);171000;1;;Móvil;;;;Sí;;;;;
3915;cliente_1394@ejemplo.com;;;;;;;;;;;;;;;;;;;;;;;;;;;;;;Overall Taylor (M);126000;1;1721;;;;;Sí;;;;;
3914;cliente_0619@ejemplo.com;23/05/2024 16:26:43;Abierta;Recibido;Enviado;ARS;126000.0;0.0;3655.0;129655.0;;;;;;;;;;Lomas de Zamora;;Gran Buenos Aires;Argentina;Punto de retiro;Mercado Pago;;;;23/05/2024;24/05/2024;Overall Taylor (XL);126000;1;1721;Móvil;;;;Sí;;;;;
3913;cliente_2034@ejemplo.com;23/05/2024 15:00:34;Abierta;Recibido;Enviado;ARS;99000.0;0.0;5925.0;104925.0;;;;;;;;;;José C. Paz;;Gran Buenos Aires;Argentina;Correo Argentino Clasico - Envio a domicilio;Mercado Pago;;;;23/05/2024;24/05/2024;Vestido Zelda (S);99000;1;1724;Móvil;;;;Sí;;;;;
3912;cliente_2035@ejemplo.com;22/05/2024 16:38:17;Abierta;Recibido;Enviado;ARS;216000.0;0.0;6867.0;222867.0;;;;;;;;;;General San Martin;;Córdoba;Argentina;Punto de retiro;Mercado Pago;;;;22/05/2024;24/05/2024;Overall Heidi (XL);126000;1;;Móvil;;;;Sí;;;;;
3912;cliente_2035@ejemplo.com;;;;;;;;;;;;;;;;;;;;;;;;;;;;;;Vestido Mandy (L);90000;1;;;;;;Sí;;;;;
3910;cliente_1035@ejemplo.com;21/05/2024 14:34:37;Abierta;Recibido;Enviado;ARS;373500.0;0.0;6282.0;379782.0;;;;;;;;;;Capital;;Catamarca;Argentina;Punto de retiro;Mercado Pago;;;;21/05/2024;22/05/2024;Overall Taylor (XL);126000;1;1721;Web;;;;Sí;;;;;
3910;cliente_1035@ejemplo.com;;;;;;;;;;;;;;;;;;;;;;;;;;;;;;Catsuit Olimpea (XL);126000;1;1728;;;;;Sí;;;;;
3910;cliente_1035@ejemplo.com;;;;;;;;;;;;;;;;;;;;;;;;;;;;;;Catsuit Máxima (XL);121500;1;1620;;;;;Sí;;;;;
3909;cliente_2036@ejemplo.com;21/05/2024 02:01:16;Abierta;Recibido;Enviado;ARS;125100.0;0.0;4810.0;129910.0;;;;;;;;;;San Miguel de Tucumán;;Tucumán;Argentina;Punto de retiro;Mercado Pago;;;;22/05/2024;22/05/2024;Catsuit Felix (M);125100;1;;Móvil;;;;Sí;;;;;
3908;cliente_2037@ejemplo.com;19/05/2024 12:07:09;Abierta;Recibido;Enviado;ARS;126000.0;0.0;3655.0;129655.0;;;;;;;;;;Zarate;;Buenos Aires;Argentina;Punto de retiro;Mercado Pago;;;;19/05/2024;21/05/2024;Vestido Minerva (XL);126000;1;;Móvil;;;;Sí;;;;;
3907;cliente_0522@ejemplo.com;18/05/2024 23:17:38;Abierta;Recibido;Enviado;ARS;121500.0;0.0;3300.0;124800.0;;;;;;;;;;Capital Federal;;Capital Federal;Argentina;Envio en moto CABA;Mercado Pago;;;;18/05/2024;24/05/2024;Catsuit Máxima (XL);121500;1;1620;Móvil;;;;Sí;;;;;
3906;cliente_2038@ejemplo.com;18/05/2024 21:31:26;Abierta;Recibido;Enviado;ARS;87000.0;0.0;4418.0;91418.0;;;;;;;;;;Capital;;Córdoba;Argentina;Punto de retiro;Mercado Pago;;;;20/05/2024;21/05/2024;Vestido Valentino (M);87000;1;;Móvil;;;;Sí;;;;;
3905;cliente_2039@ejemplo.com;18/05/2024 20:01:34;Abierta;Recibido;Enviado;ARS;91800.0;0.0;4418.0;96218.0;;;;;;;;;;Luján;;Buenos Aires;Argentina;Punto de retiro;Mercado Pago;;;;18/05/2024;21/05/2024;Vestido Francesca (XL);91800;1;1740;Móvil;;;;Sí;;;;;
3904;cliente_1744@ejemplo.com;18/05/2024 16:11:07;Abierta;Recibido;Enviado;ARS;91800.0;0.0;7005.0;98805.0;;;;;;;;;;Santa Fe;;Santa Fe;Argentina;Correo Argentino Clasico - Envio a domicilio;Mercado Pago;;;;18/05/2024;21/05/2024;Vestido Silvie (M);91800;1;;Web;;;;Sí;;;;;
3903;cliente_2040@ejemplo.com;18/05/2024 12:39:53;Abierta;Recibido;Enviado;ARS;90000.0;0.0;6632.0;96632.0;;;;;;;;;;Quilmes;;Gran Buenos Aires;Argentina;Correo Argentino Clasico - Envio a domicilio;Mercado Pago;;;;18/05/2024;21/05/2024;Vestido Mandy (L);90000;1;;Móvil;;;;Sí;;;;;
3902;cliente_2041@ejemplo.com;17/05/2024 18:27:12;Abierta;Recibido;Enviado;ARS;76500.0;0.0;7005.0;83505.0;;;;;;;;;;Tres Arroyos;;Buenos Aires;Argentina;Correo Argentino Clasico - Envio a domicilio;Mercado Pago;;;;17/05/2024;21/05/2024;Pantalon Zara blue (38);76500;1;;Móvil;;;;Sí;;;;;
3901;cliente_2042@ejemplo.com;17/05/2024 11:20:37;Abierta;Recibido;Enviado;ARS;76500.0;0.0;7005.0;83505.0;;;;;;;;;;Florentino Ameghino;;Buenos Aires;Argentina;Correo Argentino Clasico - Envio a domicilio;Transferencia o depósito bancario;;;;20/05/2024;21/05/2024;Pantalon Zara blue (42);76500;1;;Móvil;;;;Sí;;;;;
3900;cliente_2043@ejemplo.com;17/05/2024 09:34:37;Abierta;Recibido;Enviado;ARS;126000.0;0.0;7005.0;133005.0;;;;;;;;;;Rio cuarto ;;Córdoba;Argentina;Correo Argentino Clasico - Envio a domicilio;Transferencia o depósito bancario;;;;20/05/2024;21/05/2024;Overall Falon (M);126000;1;;Móvil;;;;Sí;;;;;
3898;cliente_1190@ejemplo.com;16/05/2024 16:36:22;Abierta;Recibido;Enviado;ARS;52800.0;0.0;3300.0;56100.0;;;;;;;;;;Capital Federal;;Capital Federal;Argentina;Envio en moto CABA;Mercado Pago;;;;16/05/2024;20/05/2024;Falda Vivianne (XL);52800;1;;Web;;;;Sí;;;;;
3897;cliente_1237@ejemplo.com;16/05/2024 10:07:19;Abierta;Recibido;Enviado;ARS;112500.0;0.0;7005.0;119505.0;;;;;;;;;;Bolivar;;Buenos Aires;Argentina;Correo Argentino Clasico - Envio a domicilio;Mercado Pago;;;;16/05/2024;21/05/2024;Catsuit Rosier (L);112500;1;;Móvil;;;;Sí;;;;;
3895;cliente_2044@ejemplo.com;15/05/2024 22:35:53;Abierta;Recibido;Enviado;ARS;85500.0;0.0;3024.0;88524.0;;;;;;;;;;Malvinas Argentinas;;Gran Buenos Aires;Argentina;Punto de retiro;Mercado Pago;;;;15/05/2024;21/05/2024;Vestido Atenea;85500;1;;Móvil;;;;Sí;;;;;
3894;cliente_2045@ejemplo.com;15/05/2024 13:36:19;Abierta;Recibido;Enviado;ARS;197100.0;0.0;6355.2;203455.2;;;;;;;;;;Mendoza ;;Mendoza;Argentina;Correo Argentino Clasico - Envio a domicilio;Mercado Pago;;;;15/05/2024;17/05/2024;Vestido Angel (XL);72000;1;;Móvil;;;;Sí;;;;;
3894;cliente_2045@ejemplo.com;;;;;;;;;;;;;;;;;;;;;;;;;;;;;;Catsuit Felix (XL);125100;1;;;;;;Sí;;;;;
3893;cliente_2046@ejemplo.com;15/05/2024 12:20:07;Abierta;Recibido;Enviado;ARS;126000.0;0.0;3947.99;129947.99;;;;;;;;;;Confluencia;;Neuquén;Argentina;Punto de retiro;Mercado Pago;;;;15/05/2024;17/05/2024;Catsuit Olimpea (L);126000;1;1728;Móvil;;;;Sí;;;;;
3890;cliente_2047@ejemplo.com;15/05/2024 08:03:47;Abierta;Recibido;Enviado;ARS;72000.0;0.0;4418.0;76418.0;;;;;;;;;;Rosario;;Santa Fe;Argentina;Punto de retiro;Mercado Pago;;;;15/05/2024;17/05/2024;Vestido Juliette negro (L);72000;1;;Móvil;;;;Sí;;;;;
3889;cliente_2048@ejemplo.com;14/05/2024 17:08:26;Abierta;Recibido;Enviado;ARS;126000.0;0.0;7005.0;133005.0;;;;;;;;;;Gualguaychu ;;Entre Ríos;Argentina;Correo Argentino Clasico - Envio a domicilio;Mercado Pago;;;;14/05/2024;17/05/2024;Overall Taylor (S);126000;1;1721;Móvil;;;;Sí;;;;;
3881;cliente_2049@ejemplo.com;13/05/2024 19:43:25;Abierta;Recibido;Enviado;ARS;75000.0;0.0;5925.0;80925.0;;;;;;;;;;Buenos aires;;Gran Buenos Aires;Argentina;Correo Argentino Clasico - Envio a domicilio;Mercado Pago;;;;13/05/2024;15/05/2024;Catsuit Fame (M);75000;1;1730;Móvil;;;;Sí;;;;;
3875;cliente_2042@ejemplo.com;13/05/2024 01:43:35;Abierta;Recibido;Enviado;ARS;76500.0;0.0;7005.0;83505.0;;;;;;;;;;Florentino Ameghino;;Buenos Aires;Argentina;Correo Argentino Clasico - Envio a domicilio;Mercado Pago;;;;21/05/2024;19/11/2024;Pantalon Zara acid (42);76500;1;;Móvil;;;;Sí;;;;;El cliente cambió de idea
3874;cliente_2050@ejemplo.com;13/05/2024 00:25:24;Abierta;Recibido;Enviado;ARS;121500.0;0.0;7005.0;128505.0;;;;;;;;;;Coronel Brandsen ;;Buenos Aires;Argentina;Correo Argentino Clasico - Envio a domicilio;Mercado Pago;;;;13/05/2024;17/05/2024;Catsuit Máxima (M);121500;1;1620;Móvil;;;;Sí;;;;;
